[kiierr.com/index.html]
[kiierr.com/xmlrpc.php]
[backblue.gif]
[fade.gif]
[index.html]
[kiierr.com/wp-content/themes/flatsome/assets/js/chunk.slider9322.js]
[kiierr.com/wp-content/themes/flatsome/assets/js/chunk.popups9322.js]
[kiierr.com/wp-content/themes/flatsome/assets/js/flatsomea5b3.js]
[kiierr.com/wp-content/plugins/woocommerce-subscriptions/vendor/woocommerce/subscriptions-core/build/index2922.css]
[kiierr.com/wp-content/themes/flatsome/assets/js/chunk.tooltips9322.js]
[cdn-4.convertexperiments.com/js/10041529-100412200.js]
[kiierr.com/wp-content/themes/flatsome/assets/js/woocommercefa29.js]
[kiierr.com/wp-content/plugins/woocommerce-gift-cards/assets/dist/frontend/blocks3601.css]
[kiierr.com/feed/index.html]
[kiierr.com/wp-content/plugins/table-of-contents-plus/screen.mineabb.css]
[kiierr.com/wp-content/plugins/woocommerce-gift-cards/assets/css/frontend/woocommerce3601.css]
[kiierr.com/comments/feed/index.html]
[kiierr.com/wp-content/plugins/woocommerce-paypal-payments/modules/ppcp-button/assets/css/gateway8d18.css]
[kiierr.com/wp-includes/css/dashicons.minbae6.css]
[kiierr.com/wp-content/plugins/yaypricing/assets/css/sale-tag502b.css]
[kiierr.com/wp-content/plugins/yaypricing/assets/css/tooltip502b.css]
[kiierr.com/wp-content/plugins/yaypricing/assets/css/index502b.css]
[kiierr.com/wp-content/plugins/woocommerce/assets/css/brands0f87.css]
[kiierr.com/wp-content/plugins/woocommerce-all-products-for-subscriptions/assets/css/frontend/woocommercedc24.css]
[kiierr.com/wp-content/themes/flatsome-child/assets/css/slick-theme.min07bf.css]
[kiierr.com/wp-content/themes/flatsome-child/assets/css/slick.min07bf.css]
[kiierr.com/wp-content/themes/flatsome/stylebae6.css]
[kiierr.com/wp-content/themes/flatsome-child/assets/css/main5b2b.css]
[cdn.jsdelivr.net/npm/slick-carousel@1.8.1/slick/slickbae6.css]
[kiierr.com/wp-content/themes/flatsome-child/styledb94.css]
[kiierr.com/wp-content/plugins/checkout-upsell-woocommerce/assets/css/template6b25.css]
[kiierr.com/wp-content/plugins/checkout-upsell-woocommerce/assets/css/frontend6b25.css]
[kiierr.com/wp-content/themes/flatsome/assets/css/flatsome9322.css]
[kiierr.com/wp-content/themes/flatsome/assets/css/icons/fl-iconsfc28.eot]
[kiierr.com/wp-content/themes/flatsome/assets/css/icons/fl-icons.eot]
[kiierr.com/wp-content/themes/flatsome/assets/css/icons/fl-iconsfc28.woff2]
[kiierr.com/wp-content/themes/flatsome/assets/css/icons/fl-iconsfc28.ttf]
[kiierr.com/wp-content/themes/flatsome/assets/css/icons/fl-iconsfc28.woff]
[kiierr.com/wp-content/themes/flatsome/assets/css/icons/fl-iconsfc28.svg]
[kiierr.com/wp-content/themes/flatsome/assets/css/flatsome-shop9322.css]
[kiierr.com/wp-content/themes/flatsome-child/style6294.css]
[kiierr.com/wp-content/plugins/ajax-load-more-anything/assets/styles.minb186.css]
[www.refersion.com/tracker/v3/pub_1158e8b4bb1274f82503bae6.js]
[kiierr.com/wp-includes/js/jquery/jquery.minf43b.js]
[kiierr.com/wp-includes/js/jquery/jquery-migrate.min5589.js]
[kiierr.com/wp-content/plugins/woocommerce/assets/js/jquery-blockui/jquery.blockUI.min073b.js]
[kiierr.com/wp-content/plugins/woocommerce/assets/js/frontend/add-to-cart.min0f87.js]
[kiierr.com/wp-content/plugins/woocommerce/assets/js/js-cookie/js.cookie.min2d6b.js]
[www.dwin1.com/8305100e2.js]
[kiierr.com/wp-content/plugins/shareasale-wc-tracker/includes/js/shareasale-wc-tracker-autovoid00e2.js]
[kiierr.com/wp-content/plugins/yotpo-social-reviews-for-woocommerce/assets/js/v2HeaderScript.js]
[kiierr.com/wp-content/themes/flatsome-child/assets/js/child-main6955.js]
[cdn.jsdelivr.net/npm/slick-carousel@1.8.1/slick/slick.minab1b.js]
[kiierr.com/wp-content/plugins/checkout-upsell-woocommerce/assets/js/template6b25.js]
[kiierr.com/wp-content/plugins/checkout-upsell-woocommerce/assets/js/frontend6b25.js]
[kiierr.com/wp-json/wp/v2/pages/100071.json]
[kiierr.com/xmlrpc.360db0.delayed]
[kiierr.com/wp-json/index.html]
[kiierr.com/wp-json/oembed/1.0/embed7c44.json]
[kiierr.com/wp-json/oembed/1.0/embede6ec]
[j.northbeam.io/ota-sp/abe61a2f-d22f-4fea-b078-09aaf884be78.js]
[mb1-cdn.com/lib/mb-lib.min.js]
[cdn.richpanel.com/js/tracking.js]
[kiierr.com/wp-content/plugins/woocommerce/assets/fonts/Inter-VariableFont_slnt,wght.woff2]
[kiierr.com/wp-content/plugins/woocommerce/assets/fonts/cardo_normal_400.woff2]
[kiierr.com/wp-content/uploads/2024/01/cropped-4-5-32x32.png]
[kiierr.com/wp-content/uploads/2024/01/cropped-4-5-192x192.png]
[kiierr.com/wp-content/uploads/2024/01/cropped-4-5-180x180.png]
[kiierr.com/wp-content/uploads/2024/04/Call-Action.png]
[kiierr.com/wp-content/uploads/2024/06/1rt.png]
[kiierr.com/wp-content/uploads/2025/04/Lasers-2.png]
[kiierr.com/wp-content/uploads/2025/04/Lasers-1.png]
[kiierr.com/wp-content/uploads/2025/04/Group-1.png]
[kiierr.com/wp-content/uploads/2025/04/Frame-1.png]
[kiierr.com/wp-content/uploads/2025/04/Option-6.png]
[kiierr.com/wp-content/uploads/2025/04/Option-5.png]
[kiierr.com/wp-content/uploads/2025/04/148s.png]
[kiierr.com/wp-content/uploads/2025/04/272.png]
[kiierr.com/wp-content/uploads/2025/04/Option-2.png]
[kiierr.com/wp-content/uploads/2025/04/148.png]
[kiierr.com/wp-content/uploads/2025/04/03.png]
[kiierr.com/wp-content/uploads/2025/04/022.png]
[kiierr.com/wp-content/uploads/2025/04/01.png]
[kiierr.com/wp-content/uploads/2025/04/dd.png]
[kiierr.com/wp-content/uploads/2025/03/Rectangle-8-1.png]
[kiierr.com/wp-content/uploads/2025/03/Polygon-1.png]
[kiierr.com/wp-content/uploads/2025/03/Group-97.png]
[kiierr.com/wp-content/uploads/2025/03/Group-99.png]
[kiierr.com/wp-content/uploads/2025/03/Group-94.png]
[kiierr.com/wp-content/uploads/2025/03/Group-91.png]
[kiierr.com/wp-content/uploads/2025/03/Group-92-1.png]
[kiierr.com/wp-content/uploads/2025/02/Vector-5.png]
[kiierr.com/wp-content/uploads/2025/03/Vector.png]
[kiierr.com/wp-content/uploads/2025/02/Rectangle-8.png]
[kiierr.com/wp-content/uploads/2025/02/Vector.png]
[kiierr.com/wp-content/uploads/2025/02/Group-26b.png]
[kiierr.com/wp-content/uploads/2025/03/Ultra_Flex_Cap_selected.png]
[kiierr.com/wp-content/uploads/2025/04/302ms.png]
[kiierr.com/wp-content/uploads/2025/04/302m.png]
[kiierr.com/wp-content/uploads/2025/04/272ms.png]
[kiierr.com/wp-content/uploads/2025/04/272m.png]
[kiierr.com/wp-content/uploads/2025/04/148m.png]
[kiierr.com/wp-content/uploads/2025/04/148ms.png]
[kiierr.com/wp-content/uploads/2025/03/Pro_Cap_selected.png]
[kiierr.com/wp-content/uploads/2025/03/Premier_Cap_selected.png]
[kiierr.com/wp-content/uploads/2025/01/Line-12.png]
[kiierr.com/images/shdow.png]
[kiierr.com/wp-content/uploads/2025/01/Icon.png]
[kiierr.com/wp-content/uploads/2025/01/Mask-group-5.png]
[kiierr.com/wp-content/uploads/2025/01/Frame-1484582560.png]
[kiierr.com/wp-content/uploads/2025/01/32a.png]
[kiierr.com/wp-content/uploads/2025/01/302aa.png]
[kiierr.com/wp-content/uploads/2025/01/14a.png]
[kiierr.com/wp-content/uploads/2025/01/14act.png]
[kiierr.com/wp-content/uploads/2025/01/1a.png]
[kiierr.com/wp-content/uploads/2025/01/1aq.png]
[kiierr.com/wp-content/uploads/2025/01/Group-26-1.png]
[kiierr.com/wp-content/uploads/2025/02/Group-25.png]
[kiierr.com/wp-content/themes/flatsome-child/landing-page-assets/images/Verified.png]
[kiierr.com/wp-content/uploads/2024/10/Arrow-2.png]
[kiierr.com/wp-content/uploads/2024/10/Arrow-2-1.png]
[kiierr.com/wp-content/themes/flatsome-child/landing-page-assets/images/OrangeRightArrow.png]
[kiierr.com/wp-content/uploads/2024/10/Group-1484580267.png]
[kiierr.com/wp-content/uploads/2024/09/72.png]
[kiierr.com/wp-content/uploads/2024/06/2-1-2.png]
[kiierr.com/wp-content/uploads/2024/06/ic-checkmarks.jpg]
[kiierr.com/wp-content/uploads/2024/06/Vector.png]
[kiierr.com/wp-content/uploads/2024/04/Mask-group-9.png]
[kiierr.com/wp-content/uploads/2024/04/Mask-group-4-1.png]
[kiierr.com/wp-content/uploads/2024/04/tick.png]
[kiierr.com/wp-content/uploads/2025/04/3-2.png]
[kiierr.com/wp-content/uploads/2025/04/3-1.png]
[schoolcomputers.ie/wp-content/uploads/2025/04/e3.png]
[schoolcomputers.ie/wp-content/uploads/2025/04/e4.png]
[kiierr.com/wp-content/uploads/2025/04/1-1.png]
[kiierr.com/wp-content/uploads/2025/04/ddd.png]
[kiierr.com/wp-content/uploads/2025/04/1-2.png]
[kiierr.com/wp-content/uploads/2025/04/dddd.png]
[kiierr.com/wp-content/uploads/2025/02/Group-26.png]
[kiierr.com/wp-content/uploads/2025/02/Group-25-1.png]
[kiierr.com/wp-content/uploads/2025/03/Pro_Cap.png]
[kiierr.com/wp-content/uploads/2025/03/Premier_Cap.png]
[kiierr.com/wp-content/uploads/2025/03/Ultra_Flex_Cap.png]
[kiierr.com/wp-content/uploads/2024/05/Mask-group.png]
[kiierr.com/wp-content/uploads/2024/05/Mask-group-3.png]
[kiierr.com/wp-content/uploads/2024/06/Mobile-3-1.jpg]
[kiierr.com/wp-content/uploads/2025/01/hj.jpg]
[kiierrdev.kinsta.cloud/wp-content/uploads/2025/01/fluent_delete-32-regular-1.png]
[kiierr.com/wp-content/fonts/pt-sans-narrow/BngSUXNadjH0qYEzV7ab-oWlsbg95AiIW_3QRQ.woff2]
[kiierr.com/wp-content/fonts/pt-sans-narrow/BngSUXNadjH0qYEzV7ab-oWlsbg95AiBW_3QRQ.woff2]
[kiierr.com/wp-content/fonts/pt-sans-narrow/BngSUXNadjH0qYEzV7ab-oWlsbg95AiLW_3QRQ.woff2]
[kiierr.com/wp-content/fonts/pt-sans-narrow/BngSUXNadjH0qYEzV7ab-oWlsbg95AiFW_0.woff2]
[kiierr.com/wp-content/fonts/montserrat/JTUSjIg1_i6t8kCHKm459WRhyzbi.woff2]
[kiierr.com/wp-content/fonts/montserrat/JTUSjIg1_i6t8kCHKm459W1hyzbi.woff2]
[kiierr.com/wp-content/fonts/montserrat/JTUSjIg1_i6t8kCHKm459WZhyzbi.woff2]
[kiierr.com/wp-content/fonts/montserrat/JTUSjIg1_i6t8kCHKm459Wdhyzbi.woff2]
[kiierr.com/wp-content/fonts/montserrat/JTUSjIg1_i6t8kCHKm459Wlhyw.woff2]
[kiierr.com/wp-content/fonts/dancing-script/If2cXTr6YS-zF4S-kcSWSVi_sxjsohD9F50Ruu7BMSo3Rep8ltA.woff2]
[kiierr.com/wp-content/fonts/dancing-script/If2cXTr6YS-zF4S-kcSWSVi_sxjsohD9F50Ruu7BMSo3ROp8ltA.woff2]
[kiierr.com/wp-content/fonts/dancing-script/If2cXTr6YS-zF4S-kcSWSVi_sxjsohD9F50Ruu7BMSo3Sup8.woff2]
[widget.gotolstoy.com/we/widget.js]
[widget.gotolstoy.com/widget/widget.js]
[www.redditstatic.com/ads/pixel.js]
[widget.trustpilot.com/bootstrap/v5/tp.widget.bootstrap.min.js]
[kiierr.com/wp-content/uploads/2021/10/kiierr-logo-final.png]
[kiierr.com/cdn-cgi/l/email-protection.html]
[kiierr.com/wp-content/uploads/2024/07/1-4-150x150.png]
[kiierr.com/wp-content/uploads/2024/03/nav-laser-caps.png]
[kiierr.com/wp-content/uploads/2024/03/nav-premier-laser-cap.png]
[kiierr.com/wp-content/uploads/2025/04/b.png]
[kiierr.com/product/kiierr-laser-hair-growth-products/index.html]
[kiierr.com/wp-content/uploads/2024/03/nav-suppplements.png]
[kiierr.com/product/kiierr-laser-hair-growth-products/indexe3f9.html]
[kiierr.com/product/kiierr-laser-hair-growth-products/index2d3a.html]
[kiierr.com/wp-content/uploads/2024/03/nav-best-sellers.png]
[kiierr.com/wp-content/uploads/2025/03/b-150x150.png]
[kiierr.com/hair-growth-supplements/index.html]
[kiierr.com/wp-content/uploads/2025/03/Untitled-design-17-3-150x150.png]
[kiierr.com/wp-content/uploads/2024/05/Kiierr-Miracle-Wand-150x150.png]
[kiierr.com/best-sellers/index.html]
[kiierr.com/how-it-works/index.html]
[kiierr.com/fda-clearance/index.html]
[kiierr.com/faqs/index.html]
[kiierr.com/product/kiierr-revive-professional-skincare-mask/index.html]
[kiierr.com/wp-content/uploads/2024/10/1-1-150x150.png]
[kiierr.com/wp-content/uploads/2024/06/1-1-1-150x150.png]
[kiierr.com/wp-content/uploads/2024/06/1-2-150x150.png]
[kiierr.com/wp-content/uploads/2024/09/sho-150x150.jpg]
[kiierr.com/product/red-blue-light-phototherapy-laser-massage-comb/index.html]
[kiierr.com/wp-content/uploads/2024/01/2-3-150x150.png]
[kiierr.com/product/kiierr-halo-6-in-1-light-therapy-for-face-body/index.html]
[kiierr.com/product/kiierr-purify-filtered-shower-head-15-stage-water-filter-for-healthy-hair-skin/index.html]
[kiierr.com/wp-content/uploads/2025/03/Untitled-design-17-3.png]
[kiierr.com/product/kiierr-smooth-ipl-hair-removal-device/index.html]
[kiierr.com/wp-content/uploads/2024/05/Kiierr-Miracle-Wand.png]
[kiierr.com/wp-content/uploads/2024/10/1-1.png]
[kiierr.com/wp-content/uploads/2024/06/1-1-1.png]
[kiierr.com/product/miracle-wand-7-in-1-light-therapy-with-massage-heat-for-skincare/index.html]
[kiierr.com/wp-content/uploads/2024/06/1-2.png]
[kiierr.com/product-category/beauty/index.html]
[kiierr.com/wp-content/uploads/2024/09/sho.jpg]
[kiierr.com/wp-content/uploads/2024/10/Untitled-design-16-2-150x150.png]
[kiierr.com/wp-content/uploads/2024/07/4-3-150x150.png]
[kiierr.com/holiday-gifts/index.html]
[kiierr.com/laser-cap-customer-reviews/index.html]
[kiierr.com/wp-content/uploads/2025/01/Frame-43.png]
[kiierr.com/kiierr-laser-cap-science/index.html]
[kiierr.com/hair-loss-evaluation/index.html]
[kiierr.com/how-kiierr-laser-cap-technology-works/index.html]
[kiierr.com/schedule-your-free-hair-growth-consultation/index.html]
[kiierr.com/wp-content/uploads/2025/01/image.png]
[kiierr.com/how-to-use/index.html]
[kiierr.com/our-story/index.html]
[kiierr.com/laser-cap-learning-hub/index.html]
[kiierr.com/blog/index.html]
[kiierr.com/contact-us/index.html]
[kiierr.com/medical-advisors/index.html]
[kiierr.com/cart/index.html]
[kiierr.com/wp-content/uploads/2025/01/image-5.png]
[kiierr.com/wp-content/uploads/2025/01/image-1.png]
[kiierr.com/wp-content/uploads/2025/01/Frame-47.png]
[kiierr.com/wp-content/uploads/2025/03/Group-81-1.png]
[kiierr.com/wp-content/uploads/2025/03/Group-85-1.png]
[kiierr.com/wp-content/uploads/2025/03/Ellipse-7d.png]
[kiierr.com/wp-content/uploads/2025/03/Ellipse-74.png]
[kiierr.com/wp-content/uploads/2025/03/b.png]
[kiierr.com/wp-content/uploads/2025/03/Ellipse-7-2.png]
[kiierr.com/wp-content/uploads/2025/03/Ellipse-7-1.png]
[kiierr.com/wp-content/uploads/2025/01/image-2.png]
[kiierr.com/wp-content/uploads/2025/01/image-1-1.png]
[kiierr.com/wp-content/uploads/2025/01/image-2-1.png]
[kiierr.com/wp-content/uploads/2025/01/image-25.png]
[kiierr.com/wp-content/uploads/2025/01/image-4.png]
[kiierr.com/wp-content/uploads/2025/01/image-5-1.png]
[kiierr.com/wp-content/uploads/2025/01/image-3.png]
[kiierr.com/wp-content/uploads/2025/03/Group-83.png]
[kiierr.com/wp-content/uploads/2025/01/Frame-173.png]
[kiierr.com/wp-content/uploads/2025/03/Group-83-1.png]
[kiierr.com/wp-content/uploads/2025/03/Group-84.png]
[kiierr.com/wp-content/uploads/2025/03/image-1.png]
[kiierr.com/wp-content/uploads/2025/03/Group-83-2.png]
[kiierr.com/wp-content/uploads/2025/03/image-1-2.png]
[kiierr.com/wp-content/uploads/2025/03/image-2-2.png]
[kiierr.com/wp-content/uploads/2025/03/image-218.png]
[kiierr.com/wp-content/uploads/2025/03/image-3-2.png]
[kiierr.com/wp-content/uploads/2025/03/Check_ring.png]
[kiierr.com/wp-content/uploads/2025/03/image-23.png]
[kiierr.com/wp-content/uploads/2025/03/image-389.png]
[kiierr.com/wp-content/uploads/2025/03/Group-93-1.png]
[kiierr.com/wp-content/uploads/2025/03/image-1-1.png]
[kiierr.com/wp-content/uploads/2025/03/image-2-1.png]
[kiierr.com/wp-content/uploads/2025/03/image-3-1.png]
[kiierr.com/wp-content/uploads/2025/03/image-4-1.png]
[kiierr.com/wp-content/uploads/2025/01/image-9.png]
[kiierr.com/wp-content/uploads/2025/01/image-10.png]
[kiierr.com/product/kiierr-laser-cap-hair-growth-system-2new/indexa674.html]
[kiierr.com/wp-content/uploads/2025/01/image-11.png]
[kiierr.com/wp-content/uploads/2025/01/image-23.png]
[kiierr.com/wp-content/uploads/2025/03/Group-84-1.png]
[kiierr.com/wp-content/uploads/2025/03/Group-85.png]
[kiierr.com/wp-content/uploads/2025/03/Group-94-1.png]
[kiierr.com/wp-content/uploads/2025/03/Group-95.png]
[kiierr.com/wp-content/uploads/2025/03/image-2.png]
[kiierr.com/wp-content/uploads/2025/03/image-3.png]
[kiierr.com/wp-content/uploads/2025/03/image-4.png]
[kiierr.com/wp-content/uploads/2025/03/image-5.png]
[kiierr.com/wp-content/uploads/2025/03/image-6.png]
[kiierr.com/wp-content/uploads/2025/03/image-7.png]
[kiierr.com/cdn-cgi/scripts/5c5dd728/cloudflare-static/email-decode.min.js]
[kiierr.com/Schedule A Consultation]
[kiierr.com/product/kiierr272premier-md/index.html]
[kiierr.com/product/certified-refurbished-272premier-laser-cap/index.html]
[kiierr.com/vip-membership/index.html]
[kiierr.com/wp-content/uploads/2024/03/star-ratingse.png]
[kiierr.com/affiliate-program/index.html]
[kiierr.com/wp-content/uploads/2023/07/logofooters.png]
[kiierr.com/refer-a-friend/index.html]
[kiierr.com/blogger-and-youtube-reviews/index.html]
[kiierr.com/refund-policy/index.html]
[kiierr.com/wp-content/uploads/2022/07/trust-badges-430.png]
[kiierr.com/warranty-registration/index.html]
[kiierr.com/do-not-sell-my-personal-information/index.html]
[kiierr.com/careers/index.html]
[kiierr.com/product/illuminate-7-in-1-light-therapy-mask-for-skincare/index.html]
[kiierr.com/product/radiant-renewal-skin-serum/index.html]
[kiierr.com/product/skiin-radiate-facial-wand/index.html]
[kiierr.com/wp-content/uploads/2022/05/paypal-credit-card-png-15-300x49-1.png]
[kiierr.com/wp-content/uploads/2025/04/ds.png]
[kiierr.com/wp-content/uploads/2024/07/302.jpg]
[kiierr.com/wp-content/uploads/2024/03/nav-pro-cap.png]
[kiierr.com/accessibility/index.html]
[kiierr.com/terms-conditions/index.html]
[kiierr.com/privacy-policy/index.html]
[kiierr.com/editorial-policy/index.html]
[kiierr.com/wp-content/plugins/woocommerce/assets/client/blocks/wc-blocks763d.css]
[static.klaviyo.com/onsite/js/M4KZHf/klaviyo3b71.js]
[kiierr.com/wp-content/plugins/table-of-contents-plus/front.mineabb.js]
[kiierr.com/my-account/lost-password/index.html]
[kiierr.com/product/kiierr-laser-hair-growth-products/index1e6f.html]
[kiierr.com/wp-content/plugins/woocommerce/assets/js/frontend/woocommerce.min0f87.js]
[kiierr.com/wp-content/plugins/duracelltomi-google-tag-manager/dist/js/gtm4wp-ecommerce-genericed48.js]
[kiierr.com/wp-content/plugins/duracelltomi-google-tag-manager/dist/js/gtm4wp-woocommerceed48.js]
[kiierr.com/wp-content/plugins/woocommerce-paypal-payments/modules/ppcp-button/assets/js/button8d18.js]
[kiierr.com/wp-content/plugins/yaypricing/assets/js/index502b.js]
[kiierr.com/wp-content/plugins/woocommerce/assets/js/accounting/accounting.minaffb.js]
[kiierr.com/wp-content/themes/flatsome-child/assets/js/gsap.min0567.js]
[kiierr.com/wp-content/themes/flatsome-child/assets/js/slick.min8965.js]
[kiierr.com/wp-content/themes/flatsome-childassets/js/child-main.js]
[kiierr.com/wp-content/themes/flatsome/inc/extensions/flatsome-instant-page/flatsome-instant-page1576.js]
[kiierr.com/wp-content/themes/flatsome/inc/extensions/flatsome-live-search/flatsome-live-search9322.js]
[kiierr.com/wp-content/plugins/woocommerce/assets/js/sourcebuster/sourcebuster.min0f87.js]
[kiierr.com/wp-content/plugins/woocommerce/assets/js/frontend/order-attribution.min0f87.js]
[kiierr.com/wp-content/plugins/klaviyo/inc/js/kl-identify-browser3b71.js]
[kiierr.com/wp-includes/js/hoverIntent.min3e5a.js]
[kiierr.com/wp-content/plugins/woocommerce/assets/js/frontend/cart-fragments.min0f87.js]
[kiierr.com/wp-includes/js/zxcvbn-async.min5152.js]
[kiierr.com/wp-includes/js/dist/hooks.min4fdd.js]
[kiierr.com/wp-includes/js/dist/i18n.minc33c.js]
[kiierr.com/wp-admin/js/password-strength-meter.minbae6.js]
[kiierr.com/index.html]
[kiierr.com/xmlrpc.html]
[www.googletagmanager.com/gtm5445.html]
[kiierr.com/wp-content/plugins/woocommerce-subscriptions/vendor/woocommerce/subscriptions-core/build/index2922.css]
[kiierr.com/wp-content/plugins/woocommerce-gift-cards/assets/dist/frontend/blocks3601.css]
[kiierr.com/wp-content/plugins/table-of-contents-plus/screen.mineabb.css]
[kiierr.com/wp-content/plugins/woocommerce/assets/js/frontend/password-strength-meter.min0f87.js]
[kiierr.com/wp-content/plugins/woocommerce-gift-cards/assets/fonts/WC_GC3080.eot]
[kiierr.com/ew2e/index.html]
[kiierr.com/wp-content/plugins/woocommerce-gift-cards/assets/fonts/WC_GC3080.woff]
[kiierr.com/wp-content/plugins/woocommerce-gift-cards/assets/fonts/WC_GC3080.ttf]
[kiierr.com/wp-content/plugins/woocommerce-gift-cards/assets/css/frontend/woocommerce3601.css]
[kiierr.com/wp-content/plugins/woocommerce-paypal-payments/modules/ppcp-button/assets/css/gateway8d18.css]
[kiierr.com/wp-content/plugins/woocommerce-gift-cards/assets/fonts/WC_GC3080.svg]
[kiierr.com/wp-includes/fonts/dashicons7d4b.eot]
[kiierr.com/wp-includes/fonts/dashicons7d4b.ttf]
[kiierr.com/wp-includes/css/dashicons.minbae6.css]
[kiierr.com/wp-content/plugins/yaypricing/assets/css/sale-tag502b.css]
[kiierr.com/wp-content/plugins/yaypricing/assets/css/tooltip502b.css]
[kiierr.com/wp-content/plugins/yaypricing/assets/css/index502b.css]
[kiierr.com/wp-content/plugins/woocommerce/assets/css/brands0f87.css]
[kiierr.com/wp-content/plugins/woocommerce-all-products-for-subscriptions/assets/fonts/fa-apfsd1f1.eot]
[kiierr.com/wp-content/plugins/woocommerce-all-products-for-subscriptions/assets/fonts/fa-apfsd41d.eot]
[kiierr.com/wp-content/plugins/woocommerce-all-products-for-subscriptions/assets/fonts/fa-apfsd1f1.woff2]
[kiierr.com/wp-content/plugins/woocommerce-all-products-for-subscriptions/assets/fonts/fa-apfsd1f1.woff]
[kiierr.com/wp-content/plugins/woocommerce-all-products-for-subscriptions/assets/fonts/fa-apfsd1f1.ttf]
[kiierr.com/wp-content/plugins/woocommerce-all-products-for-subscriptions/assets/css/frontend/woocommercedc24.css]
[kiierr.com/wp-content/plugins/woocommerce-all-products-for-subscriptions/assets/fonts/fa-apfsd1f1.svg]
[kiierr.com/wp-content/themes/flatsome-child/assets/css/ajax-loader.gif]
[kiierr.com/wp-content/themes/flatsome-child/assets/css/fonts/slick.eot]
[kiierr.com/wp-content/themes/flatsome-child/assets/css/fonts/slickd41d.eot]
[kiierr.com/wp-content/themes/flatsome-child/assets/css/fonts/slick.woff]
[kiierr.com/wp-content/themes/flatsome-child/assets/css/fonts/slick.ttf]
[kiierr.com/wp-content/themes/flatsome-child/assets/css/fonts/slick.svg]
[kiierr.com/wp-content/themes/flatsome-child/assets/css/slick-theme.min07bf.css]
[kiierr.com/wp-content/themes/flatsome-child/assets/css/slick.min07bf.css]
[kiierr.com/wp-content/themes/flatsome/stylebae6.css]
[kiierr.com/wp-content/uploads/2024/09/hair-regrowth-bg-min.png]
[kiierr.com/wp-content/uploads/2024/09/icon-check-ok.svg]
[kiierr.com/wp-content/uploads/2024/09/icon-check-none.svg]
[kiierr.com/wp-content/uploads/2024/09/arrow-right.svg]
[kiierr.com/wp-content/uploads/2024/09/ellipse-complete-hair-care.png]
[kiierr.com/wp-content/uploads/2024/09/icon-check-fill.svg]
[kiierr.com/wp-content/uploads/2024/09/ellipse-complete-hair-care-mob.png]
[kiierr.com/wp-content/uploads/2024/09/arrow-right-white.svg]
[kiierr.com/wp-content/uploads/2024/01/ic-autoship.svg]
[kiierr.com/wp-content/themes/flatsome-child/assets/images/loader.svg]
[kiierr.com/wp-content/themes/flatsome-child/assets/images/ic-close.svg]
[kiierr.com/wp-content/themes/flatsome-child/assets/images/ic_ph_trash.svg]
[kiierr.com/wp-content/themes/flatsome-child/assets/images/ic-arrow-prev.svg]
[kiierr.com/wp-content/themes/flatsome-child/assets/images/ic-arrow-next.svg]
[kiierr.com/wp-content/themes/flatsome-child/assets/images/ic-ship-disable.svg]
[kiierr.com/wp-content/themes/flatsome-child/assets/images/ic-gift-disable.svg]
[kiierr.com/wp-content/themes/flatsome-child/assets/images/ic-ship.svg]
[kiierr.com/wp-content/themes/flatsome-child/assets/images/ic-gift.svg]
[kiierr.com/wp-content/themes/flatsome-child/assets/images/ic-menu-arrow.svg]
[kiierr.com/wp-content/themes/flatsome-child/assets/images/ic-menu-arrow-b.svg]
[kiierr.com/wp-content/themes/flatsome-child/assets/images/ic-menu-arrow-w.svg]
[kiierr.com/wp-content/themes/flatsome-child/assets/images/ic-close-b.svg]
[kiierr.com/wp-content/themes/flatsome-child/assets/images/bfcm-banner-right.png]
[kiierr.com/wp-content/themes/flatsome-child/assets/images/plp-dpdn-close.svg]
[kiierr.com/wp-content/themes/flatsome-child/assets/images/plp-dpdn-open.svg]
[kiierr.com/wp-content/themes/flatsome-child/assets/images/coverage-one.svg]
[kiierr.com/wp-content/themes/flatsome-child/assets/images/coverage-two.svg]
[kiierr.com/wp-content/themes/flatsome-child/assets/images/coverage-three.svg]
[kiierr.com/wp-content/themes/flatsome-child/assets/images/pdp-slider-arrow-next.svg]
[kiierr.com/wp-content/themes/flatsome-child/assets/images/ic-checkmark.png]
[kiierr.com/wp-content/themes/flatsome-child/assets/images/ic-circle-check.svg]
[kiierr.com/wp-content/themes/flatsome-child/assets/images/ic-arrow-orange-down.svg]
[kiierr.com/wp-content/themes/flatsome-child/assets/images/ic-more-arrow.svg]
[kiierr.com/wp-content/themes/flatsome-child/assets/images/ic-slider-arrow-prev.svg]
[kiierr.com/wp-content/themes/flatsome-child/assets/images/ic-pdp-cycle.svg]
[kiierr.com/wp-content/themes/flatsome-child/assets/css/main5b2b.css]
[cdn.jsdelivr.net/npm/slick-carousel@1.8.1/slick/slickbae6.css]
[kiierr.com/wp-content/themes/flatsome-child/styledb94.css]
[kiierr.com/wp-content/plugins/checkout-upsell-woocommerce/assets/css/template6b25.css]
[kiierr.com/wp-content/plugins/checkout-upsell-woocommerce/assets/css/frontend6b25.css]
[kiierr.com/wp-content/themes/flatsome-child/assets/images/ic-pdp-shipping.svg]
[kiierr.com/wp-content/themes/flatsome/assets/img/shadow@2x.png]
[kiierr.com/wp-content/themes/flatsome/assets/img/underline.png]
[kiierr.com/wp-content/themes/flatsome/assets/css/flatsome9322.css]
[kiierr.com/wp-content/themes/flatsome/assets/css/icons/fl-iconsfc28.svg]
[kiierr.com/wp-content/themes/flatsome/assets/css/flatsome-shop9322.css]
[kiierr.com/wp-content/themes/flatsome-child/style6294.css]
[kiierr.com/wp-content/plugins/ajax-load-more-anything/assets/styles.minb186.css]
[kiierr.com/xmlrpc0db0.html]
[kiierr.com/images/shdow.html]
[kiierr.com/xhr.js]
[kiierr.com/GET]
[kiierr.com/lib/widget-management.js]
[widget.trustpilot.com/bootstrap/v5/tp.widget.bootstrap.min.js]
[kiierr.com/wp-content/plugins/yotpo-social-reviews-for-woocommerce/assets/css/bottom-linebae6.css]
[kiierr.com/wp-content/plugins/variations-radio-buttons-for-woocommerce/assets/css/tooltip.mindaae.css]
[kiierr.com/wp-content/plugins/variations-radio-buttons-for-woocommerce/assets/css/VariationsRadioButtons.mindaae.css]
[kiierr.com/wp-content/plugins/woocommerce/assets/css/photoswipe/photoswipe.min0f87.css]
[kiierr.com/wp-content/plugins/woocommerce/assets/css/photoswipe/default-skin/default-skin.min0f87.css]
[kiierr.com/wp-content/plugins/variation-swatches-woo/assets/css/swatches7daa.css]
[kiierr.com/wp-content/plugins/yaypricing/assets/css/pricing-table502b.css]
[kiierr.com/wp-content/themes/flatsome-child/assets/css/mainefe5.css]
[kiierr.com/wp-content/themes/flatsome-child/style6098.css]
[kiierr.com/wp-content/plugins/woocommerce-gateway-stripe/assets/css/stripe-styles6f03.css]
[kiierr.com/wp-includes/js/jquery/ui/core.minb37e.js]
[kiierr.com/wp-includes/js/jquery/ui/tooltip.minb37e.js]
[kiierr.com/wp-content/plugins/variations-radio-buttons-for-woocommerce/assets/js/tooltip.mindaae.js]
[kiierr.com/wp-includes/js/underscore.min3ab8.js]
[kiierr.com/wp-includes/js/wp-util.minbae6.js]
[kiierr.com/wp-content/plugins/woocommerce/assets/js/frontend/add-to-cart-variation.min0f87.js]
[kiierr.com/wp-content/plugins/variations-radio-buttons-for-woocommerce/assets/js/VariationsRadioButtons.mindaae.js]
[kiierr.com/wp-content/plugins/woocommerce-gateway-affirm/assets/js/affirm-as-low-as5b75.js]
[kiierr.com/wp-content/plugins/woocommerce/assets/js/photoswipe/photoswipe.min3a80.js]
[kiierr.com/wp-content/plugins/woocommerce/assets/js/photoswipe/photoswipe-ui-default.min3a80.js]
[kiierr.com/wp-content/plugins/woocommerce/assets/js/frontend/single-product.min0f87.js]
[kiierr.com/wp-content/themes/flatsome-child/assets/js/child-maine9f8.js]
[cdn.jsdelivr.net/npm/slick-carousel@1.8.1/slick/slick.minae6e.js]
[kiierr.com/wp-content/plugins/woocommerce/assets/js/frontend/tokenization-form.min0f87.js]
[kiierr.com/wp-json/wp/v2/product/76750.json]
[kiierr.com/wp-json/oembed/1.0/embed39d7.json]
[kiierr.com/wp-json/oembed/1.0/embede995]
[kiierr.com/product/images/shdow.png]
[kiierr.com/wp-content/uploads/2023/09/272tt.png]
[kiierr.com/wp-content/uploads/2023/09/272tt-800x800.png]
[kiierr.com/wp-content/uploads/2023/09/1-3.png]
[kiierr.com/wp-content/uploads/2023/09/1-3-800x800.png]
[kiierr.com/wp-content/uploads/2023/09/2-7.png]
[kiierr.com/wp-content/uploads/2023/09/2-7-800x800.png]
[kiierr.com/wp-content/uploads/2023/09/3-7.png]
[kiierr.com/wp-content/uploads/2023/09/3-7-800x800.png]
[kiierr.com/wp-content/uploads/2024/07/6-1.jpg]
[kiierr.com/wp-content/uploads/2024/07/6-1-800x800.jpg]
[kiierr.com/wp-content/uploads/2024/07/7.jpg]
[kiierr.com/wp-content/uploads/2024/07/7-800x800.jpg]
[kiierr.com/wp-content/uploads/2024/07/4-1.jpg]
[kiierr.com/wp-content/uploads/2024/07/4-1-800x800.jpg]
[kiierr.com/wp-content/uploads/2024/07/5-1.jpg]
[kiierr.com/wp-content/uploads/2024/07/5-1-800x800.jpg]
[kiierr.com/wp-content/uploads/2023/09/Blue-white-Minimalist-pricing-table-comparison-chart-2.png]
[kiierr.com/wp-content/uploads/2023/09/Blue-white-Minimalist-pricing-table-comparison-chart-2-800x800.png]
[kiierr.com/wp-content/uploads/2024/07/4-2-1.png]
[kiierr.com/wp-content/uploads/2024/11/starfull.png]
[kiierr.com/wp-content/uploads/2024/11/starhalfs.png]
[kiierr.com/wp-content/themes/flatsome-child/assets/images/cap-pro.svg]
[kiierr.com/wp-content/themes/flatsome-child/assets/images/cap-premier.svg]
[kiierr.com/wp-content/themes/flatsome-child/assets/images/cap-elite.svg]
[kiierr.com/wp-content/themes/flatsome-child/assets/images/cap-laser-cap-only-v2.png]
[kiierr.com/wp-content/themes/flatsome-child/assets/images/cap-complete-system-v2.png]
[kiierr.com/wp-content/uploads/2025/04/3.png]
[kiierr.com/wp-content/uploads/2025/04/s2.png]
[kiierr.com/wp-content/uploads/2025/04/1.png]
[kiierr.com/wp-content/uploads/2024/04/Vector.png]
[kiierr.com/wp-content/uploads/2024/04/Group-42.png]
[kiierr.com/wp-content/uploads/2024/04/delivery-man-1.png]
[kiierr.com/wp-content/uploads/2024/04/Group-1484580189.png]
[kiierr.com/product-category/laser-cap/index.html]
[kiierr.com/wp-content/uploads/2023/09/place.png]
[kiierr.com/wp-content/uploads/2023/09/dispatch.png]
[kiierr.com/wp-content/uploads/2023/09/deliver.png]
[kiierr.com/wp-content/uploads/2024/11/USP.png]
[kiierr.com/wp-content/uploads/2019/12/3years.png]
[kiierr.com/wp-content/uploads/2024/02/Biotin-Gummies-2.jpg]
[kiierr.com/wp-content/uploads/2025/01/g.jpg]
[kiierr.com/wp-content/uploads/2025/01/d.jpg]
[kiierr.com/wp-content/uploads/2025/01/b.jpg]
[kiierr.com/wp-content/uploads/2025/01/n.jpg]
[kiierr.com/category/1-rated-fda-cleared-hair-loss-treatment/index.html]
[kiierr.com/category/balding-tips/index.html]
[kiierr.com/wp-content/uploads/2025/01/l.jpg]
[kiierr.com/category/bosley-laser-cap/index.html]
[kiierr.com/category/cayenne-pepper-for-hair-growth/index.html]
[kiierr.com/category/cowlick/index.html]
[kiierr.com/category/breast-cancer-awareness/index.html]
[kiierr.com/wp-content/uploads/2025/01/y.jpg]
[kiierr.com/category/elon-musk-hair/index.html]
[kiierr.com/category/dermaroller/index.html]
[kiierr.com/wp-content/uploads/2025/01/z.jpg]
[kiierr.com/category/featured-article/index.html]
[kiierr.com/category/fenugreek-powder-for-hair-growth/index.html]
[kiierr.com/category/fun-facts-about-hair/index.html]
[kiierr.com/category/garlic-for-hair-growth/index.html]
[kiierr.com/category/green-tea-for-hair-growth/index.html]
[kiierr.com/category/hair-growth-tips/index.html]
[kiierr.com/category/hair-loss-myths/index.html]
[kiierr.com/category/hair-loss-treatment/index.html]
[kiierr.com/category/hair-transplant/index.html]
[kiierr.com/category/health-behind-hair/index.html]
[kiierr.com/category/laser-cap-facts/index.html]
[kiierr.com/category/laser-caps/index.html]
[kiierr.com/category/laser-comb/index.html]
[kiierr.com/category/learning-hub/index.html]
[kiierr.com/category/low-level-laser-therapy/index.html]
[kiierr.com/category/low-level-light-therapy/index.html]
[kiierr.com/category/minoxidil/index.html]
[kiierr.com/category/natural-hair-care-tips/index.html]
[kiierr.com/category/prp/index.html]
[kiierr.com/category/red-light-therapy-for-hair-loss/index.html]
[kiierr.com/category/selenium-for-hair-loss/index.html]
[kiierr.com/category/spinach-for-hair-growth/index.html]
[kiierr.com/category/stinging-nettle/index.html]
[kiierr.com/category/testimonials/index.html]
[kiierr.com/category/tips-to-look-feel-great/index.html]
[kiierr.com/category/uncategorized/index.html]
[kiierr.com/category/womens-hair-loss/index.html]
[kiierr.com/wp-content/uploads/2025/01/01-2.png]
[kiierr.com/wp-content/uploads/2025/01/02-3.png]
[kiierr.com/wp-content/uploads/2025/01/03-2.png]
[kiierr.com/wp-content/uploads/2025/01/04.png]
[kiierr.com/wp-content/uploads/2025/01/05.png]
[kiierr.com/wp-content/uploads/2025/01/06.png]
[kiierr.com/wp-content/uploads/2024/11/3-2.png]
[kiierr.com/wp-content/uploads/2024/10/StarRating.png]
[kiierr.com/wp-content/uploads/2024/11/1-2.png]
[kiierr.com/wp-content/uploads/2024/11/4-1.png]
[kiierr.com/wp-content/uploads/2024/11/2-1.png]
[kiierr.com/wp-content/uploads/2025/01/Mask-group-4-1.jpg]
[kiierr.com/wp-content/uploads/2025/01/10p.png]
[kiierr.com/wp-content/uploads/2025/01/20p.png]
[kiierr.com/wp-content/uploads/2025/01/30p.png]
[kiierr.com/wp-content/uploads/2025/01/Group-1484581506.png]
[kiierr.com/wp-content/uploads/2025/01/Frame-1707479355.png]
[kiierr.com/wp-content/uploads/2025/01/Frame-1707479355-1.png]
[kiierr.com/wp-content/uploads/2025/01/Frame-1707479355-2.png]
[kiierr.com/wp-content/uploads/2025/01/Mask-group-1.jpg]
[kiierr.com/wp-content/uploads/2025/01/Screenshot-2025-01-27-at-1.22.19 PM-2.png]
[kiierr.com/wp-content/uploads/2025/01/Screenshot-2025-01-27-at-1.22.34 PM-1.png]
[kiierr.com/wp-content/uploads/2025/01/Screenshot-2025-01-27-at-1.22.45 PM-1-1.png]
[kiierr.com/wp-content/uploads/2025/01/Screenshot-2025-01-27-at-1.23.04 PM-1.png]
[kiierr.com/wp-content/uploads/2025/01/lightened-cap-gif-.gif]
[kiierr.com/wp-content/uploads/2025/01/battery-turn-on-gif.gif]
[kiierr.com/wp-content/uploads/2025/01/relaxing-gif.gif]
[kiierr.com/wp-content/uploads/2025/01/Frame-1484582569.png]
[kiierr.com/wp-content/uploads/2025/01/Frame-1484582571.png]
[kiierr.com/wp-content/uploads/2025/01/Group-1707479310.png]
[kiierr.com/wp-content/uploads/2025/01/Group-1707479345.png]
[kiierr.com/wp-content/uploads/2024/02/1-4-800x800.png]
[kiierr.com/wp-content/uploads/2024/02/12-800x800.png]
[kiierr.com/wp-content/uploads/2024/02/Collagen-Gummies-1-800x800.jpg]
[kiierr.com/wp-content/uploads/2024/02/6-800x800.png]
[kiierr.com/wp-content/uploads/2024/02/3-2-800x800.png]
[kiierr.com/wp-content/uploads/2024/02/11-800x800.png]
[kiierr.com/wp-content/uploads/2024/02/5-800x800.png]
[kiierr.com/product/kiierr-dht-blocking-shampoo-and-conditioner-bundle/index.html]
[kiierr.com/product/kiierr-laser-hair-growth-products/indexba6e.html]
[kiierr.com/product/kiierr-collagen-gummies-for-hair-growth-subscription/index.html]
[kiierr.com/product/exclusive-kiierr-hair-growth-products-one-time-offer-bundle-offer/index.html]
[kiierr.com/product/kiierr-laser-hair-growth-products/index6b25.html]
[kiierr.com/product/kiierr-hair-growth-products-max-hair-growth-supplements-bundle-subscription/index.html]
[kiierr.com/wp-content/uploads/2023/09/272tt-100x100.png]
[kiierr.com/wp-content/plugins/woocommerce-subscriptions/vendor/woocommerce/subscriptions-core/assets/js/frontend/single-product2922.js]
[kiierr.com/wp-content/plugins/variation-swatches-woo/assets/js/swatches7daa.js]
[kiierr.com/wp-content/plugins/yaypricing/assets/js/variation-selection502b.js]
[kiierr.com/wp-content/plugins/yaypricing/assets/js/pricing-table502b.js]
[kiierr.com/wp-content/themes/flatsome-child/assets/js/slick.min0157.js]
[kiierr.com/wp-content/plugins/woocommerce/assets/js/jquery-payment/jquery.payment.min7d7e.js]
[kiierr.com/wp-content/plugins/woocommerce-gateway-stripe/assets/js/stripe.min6f03.js]
[kiierr.com/wp-content/plugins/klaviyo/includes/js/wck-viewed-product3b71.js]
[kiierr.com/wp-includes/js/backbone.minaff7.js]
[kiierr.com/product/kiierr-laser-hair-growth-products/index.html]
[kiierr.com/cdn-cgi/l/email-protection.html]
[kiierr.com/wp-content/plugins/woocommerce-all-products-for-subscriptions/assets/js/frontend/single-add-to-cartdc24.js]
[kiierr.com/wp-content/themes/flatsome-child/assets/css/mainf6dc.css]
[kiierr.com/wp-content/themes/flatsome-child/style0133.css]
[kiierr.com/wp-content/themes/flatsome-child/assets/js/child-maind44f.js]
[cdn.jsdelivr.net/npm/slick-carousel@1.8.1/slick/slick.mincb4d.js]
[kiierr.com/wp-content/uploads/2024/02/Biotin-Gummies-2-800x800.jpg]
[kiierr.com/wp-content/uploads/2024/02/9-800x800.png]
[kiierr.com/wp-content/uploads/2024/02/DHT-Blocking-Conditioner-2-800x800.jpg]
[kiierr.com/wp-content/uploads/2024/02/Super-Hair-Growth-Collagen-2-800x800.jpg]
[kiierr.com/wp-content/uploads/2024/02/10-800x800.png]
[kiierr.com/product/kiierr-biotin-gummies-for-hair-growth-subscription/index.html]
[kiierr.com/product/kiierr-daily-biotin-gummies-for-hair-growth/index.html]
[kiierr.com/product/kiierr-laser-hair-growth-products/indexbf4b.html]
[kiierr.com/wp-content/themes/flatsome-child/assets/js/slick.min3e0c.js]
[kiierr.com/product/kiierr-laser-hair-growth-products/indexe3f9.html]
[kiierr.com/product/kiierr-dht-conditioner-for-hair-growth-subscription/index.html]
[kiierr.com/wp-content/themes/flatsome-child/assets/css/main5cdc.css]
[kiierr.com/product/kiierr-laser-hair-growth-products/indexcadb.html]
[kiierr.com/wp-content/themes/flatsome-child/stylec0fc.css]
[kiierr.com/product/kiierr-super-hair-growth-collagen-autoship/index.html]
[kiierr.com/wp-content/themes/flatsome-child/assets/js/child-mainbff9.js]
[cdn.jsdelivr.net/npm/slick-carousel@1.8.1/slick/slick.min1700.js]
[kiierr.com/wp-content/uploads/2024/02/Omega-369-2-800x800.jpg]
[kiierr.com/wp-content/uploads/2024/02/8-800x800.png]
[kiierr.com/product/kiierr-laser-hair-growth-products/index2d3a.html]
[kiierr.com/product/new-laser-cap/index.html]
[kiierr.com/wp-content/themes/flatsome-child/assets/js/slick.min7c40.js]
[kiierr.com/wp-content/themes/flatsome-child/assets/css/main837c.css]
[kiierr.com/product/kiierr-omega-369-for-hair-growth/index.html]
[kiierr.com/wp-content/themes/flatsome-child/style3f09.css]
[kiierr.com/wp-content/themes/flatsome-child/assets/js/child-maind2eb.js]
[cdn.jsdelivr.net/npm/slick-carousel@1.8.1/slick/slick.min65cd.js]
[kiierr.com/wp-json/wp/v2/pages/37838.json]
[kiierr.com/wp-json/oembed/1.0/embed5ce8.json]
[kiierr.com/wp-json/oembed/1.0/embede005]
[kiierr.com/wp-content/uploads/2024/02/DHT2-800x800.jpg]
[kiierr.com/wp-content/uploads/2024/02/Saw-Palmetto-2-800x800.jpg]
[kiierr.com/wp-content/uploads/2024/02/7-800x800.png]
[kiierr.com/wp-content/uploads/2024/02/DHT-Blocking-Shampoo-2-800x800.jpg]
[kiierr.com/wp-content/uploads/2024/02/2-5-800x800.png]
[kiierr.com/wp-content/uploads/2024/02/4-1-800x800.png]
[kiierr.com/wp-content/uploads/2024/10/1-4-800x800.png]
[kiierr.com/wp-content/uploads/2024/10/2-2-800x800.png]
[kiierr.com/hair-growth-supplements/index.html]
[kiierr.com/wp-content/themes/flatsome-child/assets/js/slick.mind456.js]
[kiierr.com/hair-growth-supplements/index6b25.html]
[kiierr.com/hair-growth-supplements/indexba6e.html]
[kiierr.com/product/kiierr-biotin-gummies/index.html]
[kiierr.com/wp-content/themes/flatsome-child/assets/css/main0fad.css]
[kiierr.com/product/saw-palmetto-vitamins/index.html]
[kiierr.com/product/kiierr-dht-blocking-hair-growth-vitamins/index.html]
[kiierr.com/product/super-collagen-peptide-powder/index.html]
[kiierr.com/hair-growth-supplements/indexd40f.html]
[kiierr.com/wp-content/themes/flatsome-child/style9750.css]
[kiierr.com/product/kiierr-hair-growth-conditioner/index.html]
[kiierr.com/product/kiierr-dht-blocking-hair-growth-shampoo/index.html]
[kiierr.com/wp-content/themes/flatsome-child/assets/js/child-main9adf.js]
[kiierr.com/product/kiierr-collagen-gummies/index.html]
[kiierr.com/product/hair-growth-products-bundle/index.html]
[kiierr.com/product/kiierr-hair-growth-products-max-hair-growth-supplements-bundle/index.html]
[kiierr.com/product/kiierr-hair-growth-products-ultimate-supplements-bundle/index.html]
[kiierr.com/product/kiierr-holiday-radiance-gift-bundle/index.html]
[cdn.jsdelivr.net/npm/slick-carousel@1.8.1/slick/slick.minb35a.js]
[kiierr.com/product/kiierr-omega-369-fish-oil-for-hair-growth-subscription/index.html]
[kiierr.com/hair-growth-supplements/index66dd.html]
[kiierr.com/product/kiierr-hair-growth-products-bundle-subscription/index.html]
[kiierr.com/wp-json/wp/v2/pages/85605.json]
[kiierr.com/product/kiierr-dht-blocking-shampoo-for-hair-growth-subscription/index.html]
[kiierr.com/wp-json/oembed/1.0/embed41db.json]
[kiierr.com/product/kiierr-dht-blocking-hair-growth-vitamins-subscription/index.html]
[kiierr.com/wp-json/oembed/1.0/embed0cde]
[kiierr.com/wp-content/uploads/2024/06/bannerbest-1.jpg]
[kiierr.com/wp-content/uploads/2025/04/MD-DualWave-Laser-Cap.png]
[kiierr.com/wp-content/uploads/2024/07/Frame-84.png]
[kiierr.com/wp-content/uploads/2024/06/272-Premier-Laser-Cap.jpg]
[kiierr.com/wp-content/uploads/2024/06/Kiierr-MD-Ultra-Laser-Cap-For-Hair-Growth.png]
[kiierr.com/wp-content/uploads/2024/07/302.png]
[kiierr.com/wp-content/uploads/2024/06/148-Pro-Laser-Cap.jpg]
[kiierr.com/wp-content/uploads/2024/01/5-1.png]
[kiierr.com/wp-content/uploads/2024/06/DHT-Blocking-Hair-Growth-Vitamins.jpg]
[kiierr.com/wp-content/uploads/2024/06/Biotin-Gummies-For-Hair-Growt.jpg]
[kiierr.com/wp-content/uploads/2024/06/DHT-Blocking-Shampoo-for-Hair-Growth.jpg]
[kiierr.com/wp-content/uploads/2024/06/DHT-Conditioner-for-Hair-Growth.jpg]
[kiierr.com/wp-content/uploads/2024/07/9.jpg]
[kiierr.com/wp-content/uploads/2024/07/3.jpg]
[kiierr.com/wp-content/uploads/2024/07/2-3.jpg]
[kiierr.com/wp-content/uploads/2024/07/25-2-1.jpg]
[kiierr.com/wp-content/uploads/2024/05/i.png]
[kiierr.com/wp-content/uploads/2024/06/1-1.png]
[kiierr.com/wp-content/uploads/2024/06/1.png]
[kiierr.com/wp-content/uploads/2024/02/Kiierr-_-Skin-Radiate-Wand2.png]
[kiierr.com/wp-content/uploads/2024/06/Frame-84.png]
[kiierr.com/wp-content/uploads/2024/06/Hair-Growth-Products-Bundle.jpg]
[kiierr.com/wp-content/uploads/2024/07/12.jpg]
[kiierr.com/wp-content/uploads/2024/07/25-3.jpg]
[kiierr.com/wp-content/uploads/2024/07/13.jpg]
[kiierr.com/wp-content/uploads/2024/06/Laser-Cap-Carrying-Case.jpg]
[kiierr.com/wp-content/uploads/2024/07/USB-C-Charging-Cord.jpg]
[kiierr.com/wp-content/uploads/2022/03/IMG_8733-scaled.jpg]
[kiierr.com/wp-content/uploads/2019/11/cord.webp]
[kiierr.com/product/laser-cap-carrying-case/index.html]
[kiierr.com/wp-content/uploads/2021/08/IMG_9762-2.jpg]
[kiierr.com/wp-content/uploads/2021/08/IMG_9769-1.jpg]
[kiierr.com/product/usbc/index.html]
[kiierr.com/product/charger-cord-for-mirrored-battery/index.html]
[kiierr.com/product/md-battery-charging-cord/index.html]
[kiierr.com/product/md-battery-replacement/index.html]
[kiierr.com/wp-content/uploads/2021/08/IMG_9765-1-1.jpg]
[kiierr.com/product/md-battery-and-charger-cord/index.html]
[kiierr.com/product/usb-cord-to-cap-for-mirrored-battery/index.html]
[kiierr.com/product/black-battery/index.html]
[kiierr.com/wp-content/uploads/2021/08/IMG_9763-1-1.jpg]
[kiierr.com/wp-content/uploads/2024/07/Kiierr-Headband.jpg]
[kiierr.com/best-sellers/index.html]
[kiierr.com/kiierr-laser-caps-before-after-photos/index.html]
[kiierr.com/wp-content/themes/flatsome-child/assets/js/slick.min84f1.js]
[kiierr.com/product/mirror-battery-only/index.html]
[kiierr.com/product/kiierr-headband/index.html]
[kiierr.com/wp-content/themes/flatsome-child/assets/css/main1b74.css]
[kiierr.com/wp-content/themes/flatsome-child/stylee1a5.css]
[kiierr.com/wp-content/themes/flatsome-child/assets/js/child-main1f76.js]
[cdn.jsdelivr.net/npm/slick-carousel@1.8.1/slick/slick.min21e6.js]
[kiierr.com/wp-json/wp/v2/pages/39.json]
[kiierr.com/wp-json/oembed/1.0/embed375e.json]
[kiierr.com/wp-json/oembed/1.0/embed8101]
[kiierr.com/wp-content/uploads/2024/01/Kiierr-laser-ca-how-it-works-image.png]
[kiierr.com/wp-content/uploads/2020/03/Ideal-Wavelength-For-Safe-Effective-Laser-Hair-Regrowth.png]
[kiierr.com/wp-content/uploads/2024/01/Untitled-design-13-1.png]
[kiierr.com/wp-content/uploads/2018/09/Screen-Shot-2018-09-25-at-8.42.36-AM.png]
[kiierr.com/wp-content/uploads/2018/09/Screen-Shot-2018-09-25-at-8.42.13-AM.png]
[kiierr.com/wp-content/uploads/2018/09/Innerpage-4_03_burned.png]
[kiierr.com/wp-content/uploads/2018/09/new-img2a.png]
[kiierr.com/wp-content/uploads/2018/09/process-1a.png]
[kiierr.com/wp-content/uploads/2018/09/process-2a.png]
[kiierr.com/wp-content/uploads/2018/09/process-3a.png]
[kiierr.com/wp-content/uploads/2023/09/5-1-1.png]
[kiierr.com/how-it-works/index.html]
[kiierr.com/wp-content/themes/flatsome-child/assets/js/slick.min0972.js]
[kiierr.com/wp-content/themes/flatsome-child/assets/css/maina9d2.css]
[kiierr.com/wp-content/themes/flatsome-child/style3a89.css]
[kiierr.com/wp-content/themes/flatsome-child/assets/js/child-main7694.js]
[cdn.jsdelivr.net/npm/slick-carousel@1.8.1/slick/slick.min36fe.js]
[kiierr.com/wp-json/wp/v2/pages/11390.json]
[kiierr.com/wp-json/oembed/1.0/embed92e1.json]
[kiierr.com/wp-json/oembed/1.0/embed21bc]
[kiierr.com/wp-content/uploads/2023/03/Medical-Treatments-For-Hair-Regrowth-Kiierr-Laser-Caps.png]
[kiierr.com/fda-clearance/index.html]
[kiierr.com/wp-content/themes/flatsome-child/assets/js/slick.minba2b.js]
[kiierr.com/wp-content/themes/flatsome-child/assets/css/mainf746.css]
[kiierr.com/wp-content/themes/flatsome-child/style1618.css]
[kiierr.com/wp-content/themes/flatsome-child/assets/js/child-main5eb3.js]
[cdn.jsdelivr.net/npm/slick-carousel@1.8.1/slick/slick.min1145.js]
[kiierr.com/wp-json/wp/v2/pages/65500.json]
[kiierr.com/wp-json/oembed/1.0/embed4885.json]
[kiierr.com/wp-json/oembed/1.0/embed367e]
[kiierr.com/faqs/index.html]
[kiierr.com/wp-content/themes/flatsome-child/assets/js/slick.min40d5.js]
[kiierr.com/wp-content/themes/flatsome-child/assets/css/main2ccd.css]
[kiierr.com/lllt-hair-growth-studies/index.html]
[kiierr.com/wp-content/themes/flatsome-child/style71ca.css]
[kiierr.com/wp-content/themes/flatsome-child/assets/js/child-mainecdf.js]
[kiierr.com/product/kiierr-revive-professional-skincare-mask/feed/index.html]
[cdn.jsdelivr.net/npm/slick-carousel@1.8.1/slick/slick.mincb34.js]
[kiierr.com/wp-json/wp/v2/product/99771.json]
[kiierr.com/wp-json/oembed/1.0/embedbe67.json]
[kiierr.com/wp-json/oembed/1.0/embed45ca]
[kiierr.com/wp-content/uploads/2025/03/1-1.png]
[kiierr.com/wp-content/uploads/2025/03/1-1-800x800.png]
[kiierr.com/wp-content/uploads/2025/03/2.jpg]
[kiierr.com/wp-content/uploads/2025/03/2-800x800.jpg]
[kiierr.com/wp-content/uploads/2025/03/3-1.jpg]
[kiierr.com/wp-content/uploads/2025/03/3-1-800x800.jpg]
[kiierr.com/wp-content/uploads/2025/03/4.jpg]
[kiierr.com/wp-content/uploads/2025/03/4-800x800.jpg]
[kiierr.com/wp-content/uploads/2025/03/Kiierr_Mask_01-2.psd.png]
[kiierr.com/wp-content/uploads/2025/03/Kiierr_Mask_01-2.psd-800x800.png]
[kiierr.com/wp-content/uploads/2025/03/5.jpg]
[kiierr.com/wp-content/uploads/2025/03/5-800x800.jpg]
[kiierr.com/wp-content/uploads/2025/03/Link-→-5-4-768x252.png.png]
[kiierr.com/wp-content/uploads/2025/02/Frame-43.png]
[kiierr.com/wp-content/uploads/2025/03/value-icon-smooth-fine-lines.svg-1.png]
[kiierr.com/wp-content/uploads/2025/03/value-icon-glowing-skin.svg-2.png]
[kiierr.com/wp-content/uploads/2025/03/value-icon-lift-tone.svg-1.png]
[kiierr.com/wp-content/uploads/2025/03/value-icon-anti-aging.svg-1.png]
[kiierr.com/wp-content/uploads/2024/10/1.png]
[kiierr.com/wp-content/uploads/2024/05/Special-Limited-Offer.png]
[kiierr.com/wp-content/uploads/2024/07/6-2.png]
[kiierr.com/wp-content/uploads/2024/07/7-1.png]
[kiierr.com/wp-content/uploads/2024/07/8-1.png]
[kiierr.com/wp-content/uploads/2024/07/10-1.png]
[kiierr.com/wp-content/uploads/2024/07/9-1.png]
[kiierr.com/wp-content/uploads/2024/07/11-1.png]
[kiierr.com/wp-content/uploads/2025/03/14.jpg.png]
[kiierr.com/wp-content/uploads/2025/03/12.jpg.png]
[kiierr.com/wp-content/uploads/2025/03/77.jpg.png]
[kiierr.com/wp-content/uploads/2025/03/Mask-GIF-Back.gif]
[kiierr.com/wp-content/uploads/2025/03/Motivational-Desktop-Wallpaper-2-1.png]
[kiierr.com/wp-content/uploads/2025/03/6.png]
[kiierr.com/wp-content/uploads/2025/03/8.png]
[kiierr.com/wp-content/uploads/2025/03/4.png]
[kiierr.com/wp-content/uploads/2025/03/c.png]
[kiierr.com/wp-content/uploads/2025/03/1.png]
[kiierr.com/wp-content/uploads/2025/03/Vector-1.png]
[kiierr.com/wp-content/uploads/2025/03/Group-1-1.png]
[kiierr.com/wp-content/uploads/2025/03/Group-1.png]
[kiierr.com/wp-content/uploads/2025/03/3.png]
[kiierr.com/wp-content/uploads/2024/05/Special-Limited-Offer-100x100.png]
[kiierr.com/wp-content/themes/flatsome-child/assets/js/slick.min4df6.js]
[kiierr.com/product/kiierr-revive-professional-skincare-mask/index.html]
[kiierr.com/product/miracle-wand/index.html]
[kiierr.com/wp-includes/js/comment-reply.minbae6.js]
[kiierr.com/wp-content/themes/flatsome-child/assets/css/main8d56.css]
[kiierr.com/wp-content/themes/flatsome-child/style62c5.css]
[kiierr.com/product/red-blue-light-phototherapy-laser-massage-comb/feed/index.html]
[kiierr.com/wp-content/themes/flatsome-child/assets/js/child-main929a.js]
[cdn.jsdelivr.net/npm/slick-carousel@1.8.1/slick/slick.min3e87.js]
[kiierr.com/wp-json/wp/v2/product/80342.json]
[kiierr.com/wp-json/oembed/1.0/embedbdb1.json]
[kiierr.com/wp-json/oembed/1.0/embed52e4]
[kiierr.com/wp-content/uploads/2024/01/Frame-2.png]
[kiierr.com/wp-content/uploads/2024/01/Frame-2-800x800.png]
[kiierr.com/wp-content/uploads/2024/01/Untitled-design-18.png]
[kiierr.com/wp-content/uploads/2024/01/Untitled-design-18-800x800.png]
[kiierr.com/wp-content/uploads/2024/01/Untitled-design-16.png]
[kiierr.com/wp-content/uploads/2024/01/Untitled-design-16-800x800.png]
[kiierr.com/wp-content/uploads/2024/01/6-1.png]
[kiierr.com/wp-content/uploads/2024/01/6-1-800x800.png]
[kiierr.com/wp-content/uploads/2024/01/8-1.png]
[kiierr.com/wp-content/uploads/2024/01/8-1-800x800.png]
[kiierr.com/wp-content/uploads/2024/07/8.png]
[kiierr.com/wp-content/uploads/2024/07/8-800x800.png]
[kiierr.com/wp-content/uploads/2024/01/7-1.png]
[kiierr.com/wp-content/uploads/2024/01/7-1-800x800.png]
[kiierr.com/wp-content/uploads/2023/10/benefits1.png]
[kiierr.com/wp-content/uploads/2023/10/benefits2.png]
[kiierr.com/wp-content/uploads/2023/10/benefits3.png]
[kiierr.com/wp-content/uploads/2023/10/benefits5.png]
[kiierr.com/wp-content/uploads/2024/02/1-4.png]
[kiierr.com/wp-content/uploads/2024/02/Super-Hair-Growth-Collagen-2.jpg]
[kiierr.com/wp-content/uploads/2025/02/with-your-comb-2.png]
[kiierr.com/wp-content/uploads/2025/02/1-2.png]
[kiierr.com/wp-content/uploads/2025/02/2-2.png]
[kiierr.com/wp-content/uploads/2025/02/4-2.png]
[kiierr.com/wp-content/uploads/2025/02/3-1-1.png]
[kiierr.com/wp-content/uploads/2025/02/Group-5-1.png]
[kiierr.com/wp-content/uploads/2025/01/Check_fill.png]
[kiierr.com/wp-content/uploads/2025/02/Group-6-2.png]
[kiierr.com/wp-content/uploads/2025/02/Group-7.png]
[kiierr.com/wp-content/uploads/2025/01/Group-27.png]
[kiierr.com/wp-content/uploads/2025/01/Group-28.png]
[kiierr.com/wp-content/uploads/2025/01/Group-29.png]
[kiierr.com/wp-content/uploads/2025/02/Group-5-2.png]
[kiierr.com/wp-content/uploads/2025/02/1-238x300.png]
[kiierr.com/wp-content/uploads/2025/02/2-241x300.png]
[kiierr.com/wp-content/uploads/2025/02/3-239x300.png]
[kiierr.com/wp-content/uploads/2025/02/4-239x300.png]
[kiierr.com/wp-content/uploads/2025/02/Motivational-Desktop-Wallpaper-1.png]
[kiierr.com/wp-content/uploads/2025/02/Kiierr_XL_Light_02-1-1.png]
[kiierr.com/wp-content/uploads/2024/06/1-1-1-800x800.png]
[kiierr.com/product-category/lllt-laser-hair-cap/index.html]
[kiierr.com/wp-content/uploads/2024/06/2-1-1-800x800.png]
[kiierr.com/wp-content/uploads/2025/01/Untitled-design-16-800x800.png]
[kiierr.com/wp-content/uploads/2024/10/1-5-800x800.png]
[kiierr.com/wp-content/uploads/2024/10/2-3-800x800.png]
[kiierr.com/wp-content/uploads/2024/01/Frame-2-100x100.png]
[kiierr.com/product/red-blue-light-phototherapy-laser-massage-comb/index.html]
[kiierr.com/wp-content/themes/flatsome-child/assets/js/slick.min066f.js]
[kiierr.com/product/scalp-massager/index.html]
[kiierr.com/product/kiierr-ultimate-glow-holiday-gift-bundle/index.html]
[kiierr.com/product/red-blue-light-phototherapy-laser-massage-comb/index8c02.html]
[kiierr.com/product/red-blue-light-phototherapy-laser-massage-comb/index40f0.html]
[kiierr.com/wp-content/themes/flatsome-child/assets/css/mainb69a.css]
[kiierr.com/product/red-blue-light-phototherapy-laser-massage-comb/index3c75.html]
[kiierr.com/product/kiierr-halo-6-in-1-light-therapy-for-face-body/feed/index.html]
[kiierr.com/wp-content/themes/flatsome-child/styleca61.css]
[kiierr.com/wp-content/themes/flatsome-child/assets/js/child-main1b8f.js]
[cdn.jsdelivr.net/npm/slick-carousel@1.8.1/slick/slick.mine1f2.js]
[kiierr.com/wp-json/wp/v2/product/84833.json]
[kiierr.com/wp-json/oembed/1.0/embed555e.json]
[kiierr.com/wp-json/oembed/1.0/embedfeca]
[kiierr.com/wp-content/uploads/2024/06/2-1-1.png]
[kiierr.com/wp-content/uploads/2024/06/3-1-1.png]
[kiierr.com/wp-content/uploads/2024/06/3-1-1-800x800.png]
[kiierr.com/wp-content/uploads/2024/07/1.png]
[kiierr.com/wp-content/uploads/2024/07/1-800x800.png]
[kiierr.com/wp-content/uploads/2024/07/2.png]
[kiierr.com/wp-content/uploads/2024/07/2-800x800.png]
[kiierr.com/wp-content/uploads/2024/07/5-4.png]
[kiierr.com/wp-content/uploads/2024/05/unnamed-800x800.png]
[kiierr.com/wp-content/uploads/2024/05/1-1-800x800.png]
[kiierr.com/wp-content/uploads/2024/02/Kiierr-_-Skin-Radiate-Wand2-247x247.png]
[kiierr.com/wp-content/uploads/2024/02/1-3-800x800.png]
[kiierr.com/wp-content/uploads/2024/10/1-800x800.png]
[kiierr.com/wp-content/uploads/2024/10/2-800x800.png]
[kiierr.com/wp-content/uploads/2024/06/1-1-1-100x100.png]
[kiierr.com/product/kiierr-halo-6-in-1-light-therapy-for-face-body/index.html]
[kiierr.com/wp-content/themes/flatsome-child/assets/js/slick.mine99b.js]
[kiierr.com/product/kiierr-hydrogel-beauty-mask-x5/index.html]
[kiierr.com/product/kiierr-halo-6-in-1-light-therapy-for-face-body/index600a.html]
[kiierr.com/wp-content/themes/flatsome-child/assets/css/main34b6.css]
[kiierr.com/product/kiierr-smooth-ipl-hair-removal-device/feed/index.html]
[kiierr.com/wp-content/themes/flatsome-child/style2eb5.css]
[kiierr.com/product/kiierr-halo-6-in-1-light-therapy-for-face-body/indexe113.html]
[kiierr.com/wp-content/themes/flatsome-child/assets/js/child-mainebd8.js]
[cdn.jsdelivr.net/npm/slick-carousel@1.8.1/slick/slick.min5746.js]
[kiierr.com/wp-json/wp/v2/product/85869.json]
[kiierr.com/wp-json/oembed/1.0/embed3365.json]
[kiierr.com/wp-json/oembed/1.0/embedbd3e]
[kiierr.com/wp-content/uploads/2024/06/1-2-800x800.png]
[kiierr.com/wp-content/uploads/2024/06/630-nm.png]
[kiierr.com/wp-content/uploads/2024/06/630-nm-800x800.png]
[kiierr.com/wp-content/uploads/2024/06/14.png]
[kiierr.com/wp-content/uploads/2024/06/14-800x800.png]
[kiierr.com/wp-content/uploads/2024/06/1-5.png]
[kiierr.com/wp-content/uploads/2024/06/1-5-800x800.png]
[kiierr.com/wp-content/uploads/2024/06/4-1.png]
[kiierr.com/wp-content/uploads/2024/06/4-1-800x800.png]
[kiierr.com/wp-content/uploads/2024/09/2-8.png]
[kiierr.com/wp-content/uploads/2024/09/3-8.png]
[kiierr.com/wp-content/uploads/2024/09/4-6.png]
[kiierr.com/wp-content/uploads/2024/09/4-7-300x300.png]
[kiierr.com/wp-content/uploads/2024/09/3-7-300x300.png]
[kiierr.com/wp-content/uploads/2024/09/1-7-300x300.png]
[kiierr.com/wp-content/uploads/2024/09/2-9-300x300.png]
[kiierr.com/wp-content/uploads/2024/09/1-6.png]
[kiierr.com/wp-content/uploads/2024/09/630-nm.png]
[kiierr.com/wp-content/uploads/2024/06/11.png]
[kiierr.com/wp-content/uploads/2024/06/1-2-100x100.png]
[kiierr.com/product/kiierr-smooth-ipl-hair-removal-device/index.html]
[kiierr.com/wp-content/themes/flatsome-child/assets/js/slick.minbbf0.js]
[kiierr.com/product/kiierr-smooth-ipl-hair-removal-device/index66dd.html]
[kiierr.com/wp-content/themes/flatsome-child/assets/css/main9c55.css]
[kiierr.com/product/kiierr-smooth-ipl-hair-removal-device/index600a.html]
[kiierr.com/product/kiierr-purify-filtered-shower-head-15-stage-water-filter-for-healthy-hair-skin/feed/index.html]
[kiierr.com/wp-content/themes/flatsome-child/style6e61.css]
[kiierr.com/product/kiierr-smooth-ipl-hair-removal-device/index3c75.html]
[kiierr.com/wp-content/themes/flatsome-child/assets/js/child-maincecc.js]
[cdn.jsdelivr.net/npm/slick-carousel@1.8.1/slick/slick.mind8d1.js]
[kiierr.com/wp-json/wp/v2/product/84709.json]
[kiierr.com/wp-json/oembed/1.0/embeda457.json]
[kiierr.com/wp-json/oembed/1.0/embed09d8]
[kiierr.com/wp-content/uploads/2024/06/1-1-800x800.png]
[kiierr.com/wp-content/uploads/2024/06/2-1.png]
[kiierr.com/wp-content/uploads/2024/06/2-1-800x800.png]
[kiierr.com/wp-content/uploads/2024/06/3-1.png]
[kiierr.com/wp-content/uploads/2024/06/3-1-800x800.png]
[kiierr.com/wp-content/uploads/2024/09/3-6.png]
[kiierr.com/wp-content/uploads/2024/09/3-6-800x800.png]
[kiierr.com/wp-content/uploads/2024/09/4-4.png]
[kiierr.com/wp-content/uploads/2024/09/4-4-800x800.png]
[kiierr.com/wp-content/uploads/2024/05/Special-Limited-Offer-800x800.png]
[kiierr.com/wp-content/uploads/2024/05/MiracleWand1-800x800.png]
[kiierr.com/wp-content/uploads/2024/06/1-1-100x100.png]
[kiierr.com/product/kiierr-purify-filtered-shower-head-15-stage-water-filter-for-healthy-hair-skin/index.html]
[kiierr.com/wp-content/themes/flatsome-child/assets/js/slick.min8d97.js]
[kiierr.com/product/kiierr-purify-filtered-shower-head-15-stage-water-filter-for-healthy-hair-skin/index66dd.html]
[kiierr.com/wp-content/themes/flatsome-child/assets/css/main46aa.css]
[kiierr.com/product/kiierr-purify-filtered-shower-head-15-stage-water-filter-for-healthy-hair-skin/index651a.html]
[kiierr.com/product-category/beauty/feed/index.html]
[kiierr.com/product/kiierr-purify-filtered-shower-head-15-stage-water-filter-for-healthy-hair-skin/index8c02.html]
[kiierr.com/wp-content/themes/flatsome-child/styled86f.css]
[kiierr.com/product-category/beauty/page/2/index.html]
[kiierr.com/wp-content/themes/flatsome-child/assets/js/child-main84a8.js]
[cdn.jsdelivr.net/npm/slick-carousel@1.8.1/slick/slick.min5ba6.js]
[kiierr.com/wp-json/wp/v2/product_cat/673.json]
[kiierr.com/product-category/images/shdow.png]
[kiierr.com/wp-content/uploads/2024/06/1-800x800.png]
[kiierr.com/wp-content/uploads/2024/06/2-800x800.png]
[kiierr.com/product-category/beauty/index.html]
[kiierr.com/wp-content/themes/flatsome-child/assets/js/slick.mina890.js]
[kiierr.com/product-category/beauty/index4c4f.html]
[kiierr.com/wp-content/themes/flatsome-child/assets/css/maina6aa.css]
[kiierr.com/product-category/beauty/index600a.html]
[kiierr.com/product-category/beauty/index651a.html]
[kiierr.com/product-category/beauty/indexb0a1.html]
[kiierr.com/wp-content/themes/flatsome-child/stylee751.css]
[kiierr.com/product-category/beauty/index988c.html]
[kiierr.com/wp-content/themes/flatsome-child/assets/js/child-main39b4.js]
[kiierr.com/product-category/beauty/index3c75.html]
[kiierr.com/product-category/beauty/indexe113.html]
[kiierr.com/product/miracle-wand-7-in-1-light-therapy-with-massage-heat-for-skincare/feed/index.html]
[kiierr.com/product-category/beauty/index40f0.html]
[cdn.jsdelivr.net/npm/slick-carousel@1.8.1/slick/slick.minb842.js]
[kiierr.com/product-category/beauty/index66dd.html]
[kiierr.com/wp-json/wp/v2/product/84515.json]
[kiierr.com/wp-json/oembed/1.0/embed9a84.json]
[kiierr.com/wp-json/oembed/1.0/embed5761]
[kiierr.com/wp-content/uploads/2024/05/MiracleWand1.png]
[kiierr.com/wp-content/uploads/2024/05/4.png]
[kiierr.com/wp-content/uploads/2024/05/4-800x800.png]
[kiierr.com/wp-content/uploads/2024/05/MiracleWand3.png]
[kiierr.com/wp-content/uploads/2024/05/MiracleWand3-800x800.png]
[kiierr.com/wp-content/uploads/2024/07/11.png]
[kiierr.com/wp-content/uploads/2024/07/11-800x800.png]
[kiierr.com/wp-content/uploads/2024/07/12.png]
[kiierr.com/wp-content/uploads/2024/07/12-800x800.png]
[kiierr.com/wp-content/uploads/2024/06/i1.jpg]
[kiierr.com/wp-content/uploads/2024/06/i2.jpg]
[kiierr.com/wp-content/uploads/2024/06/i3.jpg]
[kiierr.com/wp-content/uploads/2024/06/i4.jpg]
[kiierr.com/wp-content/uploads/2024/06/i5.jpg]
[kiierr.com/wp-content/uploads/2024/06/i6.jpg]
[kiierr.com/wp-content/uploads/2024/05/unnamed.png]
[kiierr.com/wp-content/uploads/2024/06/14.jpg]
[kiierr.com/wp-content/uploads/2024/06/12.jpg]
[kiierr.com/wp-content/uploads/2024/06/77.jpg]
[kiierr.com/wp-content/uploads/2024/06/Icon.png]
[kiierr.com/wp-content/uploads/2024/06/Icon-1.png]
[kiierr.com/wp-content/uploads/2024/06/Icon-2.png]
[kiierr.com/wp-content/uploads/2024/06/Icon-3.png]
[kiierr.com/wp-content/uploads/2024/06/Icon-4.png]
[kiierr.com/wp-content/uploads/2024/06/Icon-5.png]
[kiierr.com/wp-content/uploads/2024/06/Icon-6.png]
[kiierr.com/wp-content/uploads/2024/06/dd-1.jpg]
[kiierr.com/wp-content/uploads/2024/06/Group.png]
[kiierr.com/wp-content/uploads/2024/06/Vector-1.png]
[kiierr.com/wp-content/uploads/2024/06/Vector-1-1.png]
[kiierr.com/wp-content/uploads/2024/06/nn.jpg]
[kiierr.com/wp-content/uploads/2024/06/faq.png]
[kiierr.com/product/miracle-wand-7-in-1-light-therapy-with-massage-heat-for-skincare/index.html]
[kiierr.com/wp-content/themes/flatsome-child/assets/js/slick.mince2a.js]
[kiierr.com/product/miracle-wand-7-in-1-light-therapy-with-massage-heat-for-skincare/index988c.html]
[kiierr.com/wp-content/themes/flatsome-child/assets/css/main90fb.css]
[kiierr.com/product/miracle-wand-7-in-1-light-therapy-with-massage-heat-for-skincare/indexb0a1.html]
[kiierr.com/wp-content/themes/flatsome-child/style0f20.css]
[kiierr.com/product/miracle-wand-7-in-1-light-therapy-with-massage-heat-for-skincare/index66dd.html]
[kiierr.com/wp-content/themes/flatsome-child/assets/js/child-maindac7.js]
[kiierr.com/product/miracle-wand-7-in-1-light-therapy-with-massage-heat-for-skincare/index3c75.html]
[cdn.jsdelivr.net/npm/slick-carousel@1.8.1/slick/slick.min7588.js]
[kiierr.com/wp-json/wp/v2/pages/90537.json]
[kiierr.com/wp-json/oembed/1.0/embedfe7a.json]
[kiierr.com/wp-json/oembed/1.0/embed32e7]
[kiierr.com/holiday-gifts/index.html]
[kiierr.com/wp-content/themes/flatsome-child/assets/js/slick.min4631.js]
[kiierr.com/holiday-gifts/index4c4f.html]
[kiierr.com/holiday-gifts/index8c02.html]
[kiierr.com/holiday-gifts/index40f0.html]
[kiierr.com/holiday-gifts/index66dd.html]
[kiierr.com/wp-content/themes/flatsome-child/assets/css/main0a63.css]
[kiierr.com/holiday-gifts/indexe113.html]
[kiierr.com/holiday-gifts/indexb0a1.html]
[kiierr.com/wp-content/themes/flatsome-child/style71ab.css]
[kiierr.com/holiday-gifts/index988c.html]
[kiierr.com/holiday-gifts/index600a.html]
[kiierr.com/wp-content/themes/flatsome-child/assets/js/child-mainbad0.js]
[kiierr.com/holiday-gifts/index3c75.html]
[kiierr.com/holiday-gifts/index651a.html]
[cdn.jsdelivr.net/npm/slick-carousel@1.8.1/slick/slick.minebb5.js]
[kiierr.com/wp-json/wp/v2/pages/13302.json]
[kiierr.com/wp-json/oembed/1.0/embed64ad.json]
[kiierr.com/wp-json/oembed/1.0/embedff3f]
[kiierr.com/wp-content/uploads/2024/10/1-2.png]
[kiierr.com/wp-content/uploads/2024/10/Untitled-design-16.png]
[kiierr.com/wp-content/uploads/2024/01/r1.jpg]
[kiierr.com/wp-content/uploads/2024/01/r2.jpg]
[kiierr.com/wp-content/uploads/2024/01/r3.jpg]
[kiierr.com/wp-content/uploads/2024/01/r4.jpg]
[kiierr.com/wp-content/uploads/2024/01/r5.jpg]
[kiierr.com/wp-content/uploads/2024/01/r6.jpg]
[kiierr.com/wp-content/uploads/2024/10/1-3.png]
[kiierr.com/wp-content/uploads/2024/10/2-1.png]
[kiierr.com/wp-content/uploads/2024/10/3-1.png]
[kiierr.com/wp-content/uploads/2024/10/4.png]
[kiierr.com/wp-content/uploads/2024/10/5.png]
[kiierr.com/wp-content/uploads/2024/10/6.png]
[kiierr.com/wp-content/uploads/2024/10/7.png]
[kiierr.com/wp-content/uploads/2024/10/8.png]
[kiierr.com/wp-content/uploads/2024/10/9.png]
[kiierr.com/wp-content/uploads/2024/10/10.png]
[kiierr.com/wp-content/plugins/expand-maker/css/readMoreStylesdd16.css]
[kiierr.com/wp-content/plugins/expand-maker/css/animatebae6.css]
[kiierr.com/wp-content/themes/flatsome-child/assets/js/slick.minc249.js]
[kiierr.com/wp-includes/js/jquery/ui/effect.minb37e.js]
[kiierr.com/wp-content/plugins/expand-maker/js/yrmMoredd16.js]
[kiierr.com/laser-cap-customer-reviews/index.html]
[kiierr.com/wp-content/plugins/expand-maker/js/YrmClassicdd16.js]
[kiierr.com/wp-content/themes/flatsome-child/assets/css/main4641.css]
[kiierr.com/wp-content/themes/flatsome-child/style3d7f.css]
[kiierr.com/wp-content/themes/flatsome-child/assets/js/child-main22ec.js]
[cdn.jsdelivr.net/npm/slick-carousel@1.8.1/slick/slick.mind1d3.js]
[kiierr.com/wp-json/wp/v2/pages/11377.json]
[kiierr.com/wp-json/oembed/1.0/embed96f3.json]
[kiierr.com/wp-json/oembed/1.0/embed617a]
[kiierr.com/wp-content/uploads/2024/11/2-73.png]
[kiierr.com/wp-content/uploads/2024/11/How-do-Kiierr-laser-caps-work-so-well-1.png]
[kiierr.com/wp-content/uploads/2024/11/How-do-Kiierr-laser-caps-work-so-well-2.png]
[kiierr.com/wp-content/uploads/2024/11/How-do-Kiierr-laser-caps-work-so-well-2-1.png]
[kiierr.com/kiierr-laser-cap-science/index.html]
[kiierr.com/wp-content/themes/flatsome-child/assets/js/slick.mind782.js]
[kiierr.com/wp-content/themes/flatsome-child/assets/css/main9fd9.css]
[kiierr.com/wp-content/themes/flatsome-child/style8a8e.css]
[kiierr.com/wp-content/themes/flatsome-child/assets/js/child-main1ee0.js]
[cdn.jsdelivr.net/npm/slick-carousel@1.8.1/slick/slick.min9b16.js]
[kiierr.com/wp-json/wp/v2/pages/82743.json]
[kiierr.com/wp-json/oembed/1.0/embedfcd2.json]
[kiierr.com/wp-json/oembed/1.0/embed551d]
[kiierr.com/wp-content/uploads/2024/11/5-1.png]
[kiierr.com/wp-content/uploads/2024/11/7.png]
[kiierr.com/wp-content/uploads/2024/11/6-1.png]
[kiierr.com/wp-content/uploads/2024/11/8.png]
[kiierr.com/how-kiierr-laser-cap-technology-works/index.html]
[kiierr.com/wp-content/themes/flatsome-child/assets/js/slick.mine4d4.js]
[kiierr.com/wp-content/themes/flatsome-child/assets/css/main090d.css]
[kiierr.com/wp-content/themes/flatsome-child/styled358.css]
[kiierr.com/wp-content/themes/flatsome-child/assets/js/child-main6b41.js]
[cdn.jsdelivr.net/npm/slick-carousel@1.8.1/slick/slick.minba4c.js]
[kiierr.com/wp-json/wp/v2/pages/25952.json]
[kiierr.com/wp-json/oembed/1.0/embedcc29.json]
[kiierr.com/wp-json/oembed/1.0/embeded45]
[code.jquery.com/jquery-3.5.1.min.js]
[kiierr.com/wp-content/uploads/2024/01/bh-desktopnm.jpg]
[kiierr.com/wp-content/uploads/2024/01/mobile-backgroundnew.jpg]
[kiierr.com/wp-content/themes/flatsome-child/assets/images/male_123.png]
[kiierr.com/wp-content/themes/flatsome-child/assets/images/female_123.png]
[kiierr.com/wp-content/themes/flatsome-child/assets/images/No_Stress.svg]
[kiierr.com/wp-content/themes/flatsome-child/assets/images/Slightly_Stressed.svg]
[kiierr.com/wp-content/themes/flatsome-child/assets/images/Extremely_Stressed.svg]
[kiierr.com/wp-content/themes/flatsome-child/assets/images/Daily.svg]
[kiierr.com/wp-content/themes/flatsome-child/assets/images/Weekly.svg]
[kiierr.com/wp-content/themes/flatsome-child/assets/images/Monthly.svg]
[kiierr.com/wp-content/themes/flatsome-child/assets/images/1-male.svg]
[kiierr.com/wp-content/themes/flatsome-child/assets/images/2-male.svg]
[kiierr.com/wp-content/themes/flatsome-child/assets/images/3-male.svg]
[kiierr.com/wp-content/themes/flatsome-child/assets/images/4-male.svg]
[kiierr.com/wp-content/themes/flatsome-child/assets/images/1-Female.svg]
[kiierr.com/wp-content/themes/flatsome-child/assets/images/2-Female.svg]
[kiierr.com/wp-content/themes/flatsome-child/assets/images/3-Female.svg]
[kiierr.com/wp-content/themes/flatsome-child/assets/images/arrow.png]
[kiierr.com/wp-content/themes/flatsome-child/assets/images/kiierr_logo.png]
[kiierr.com/hair-loss-evaluation/index.html]
[kiierr.com/wp-content/themes/flatsome-child/assets/js/slick.min6ba1.js]
[kiierr.com/wp-content/themes/flatsome-child/assets/css/main41fc.css]
[kiierr.com/wp-content/themes/flatsome-child/stylee7a2.css]
[kiierr.com/wp-content/themes/flatsome-child/assets/js/child-maineec9.js]
[cdn.jsdelivr.net/npm/slick-carousel@1.8.1/slick/slick.minb2f5.js]
[kiierr.com/wp-json/wp/v2/pages/64868.json]
[kiierr.com/wp-json/oembed/1.0/embed8e34.json]
[kiierr.com/wp-json/oembed/1.0/embed3a14]
[kiierr.com/wp-content/uploads/2022/08/learning-hub-cta-bg.png]
[kiierr.com/laser-cap-learning-hub/index.html]
[kiierr.com/wp-content/themes/flatsome-child/assets/js/slick.min6a4f.js]
[kiierr.com/lllt-for-hair-growth/index.html]
[kiierr.com/what-is-laser-hair-growth-and-how-does-it-work/index.html]
[kiierr.com/what-is-a-laser-hair-growth-cap/index.html]
[kiierr.com/how-does-a-laser-hair-growth-cap-work-your-practical-guide/index.html]
[kiierr.com/wp-content/themes/flatsome-child/assets/css/main3d88.css]
[kiierr.com/do-laser-caps-help-hair-regrowth/index.html]
[kiierr.com/am-i-a-candidate-for-lllt/index.html]
[kiierr.com/wp-content/themes/flatsome-child/assets/js/child-mainf34e.js]
[kiierr.com/do-laser-caps-work/index.html]
[kiierr.com/can-people-with-dark-skin-tones-use-lllt/index.html]
[kiierr.com/5-important-facts-to-know-when-it-comes-to-laser-caps/index.html]
[kiierr.com/10-most-faqs-about-hair-loss-and-lllt/index.html]
[kiierr.com/6-myths-of-laser-hair-caps/index.html]
[cdn.jsdelivr.net/npm/slick-carousel@1.8.1/slick/slick.min61ef.js]
[kiierr.com/laser-devices-for-hair-growth-how-kiierr-stacks-up/index.html]
[kiierr.com/a-complete-guide-to-kiierrs-laser-cap-for-hair-loss/index.html]
[kiierr.com/who-can-kiierr-help/index.html]
[kiierr.com/wp-json/wp/v2/pages/49329.json]
[kiierr.com/everything-you-need-to-know-about-low-level-light-therapy-lllt/index.html]
[kiierr.com/how-lllt-helps-treat-alzheimers-depression-other-diseases/index.html]
[kiierr.com/the-top-4-reasons-to-try-a-kiierr-fda-cleared-laser-cap/index.html]
[kiierr.com/wp-json/oembed/1.0/embed08e2.json]
[kiierr.com/the-best-hair-growth-treatment/index.html]
[kiierr.com/laser-cap-lllt-vs-prp-hair-loss/index.html]
[kiierr.com/wp-json/oembed/1.0/embeda9ea]
[kiierr.com/laser-cap-vs-minoxidil/index.html]
[kiierr.com/kiierr-vs-hairmax-reviews/index.html]
[kiierr.com/kiierr-vs-irestore/index.html]
[kiierr.com/kiierr-vs-theradome-laser-helmet-review/index.html]
[kiierr.com/laser-caps-vs-hair-transplant-surgery-which-should-you-try-first/index.html]
[kiierr.com/kiierr-laser-cap-vs-laser-comb-reviews/index.html]
[assets.calendly.com/assets/external/widget.js]
[kiierr.com/hair-transplants-vs-kiierr/index.html]
[kiierr.com/kiierr-vs-revian-red-hair-growth-system-review/index.html]
[kiierr.com/kiierr-vs-illumiflow-reviews/index.html]
[kiierr.com/kiierr-vs-bosley-hair-products/index.html]
[kiierr.com/wp-content/themes/flatsome-child/assets/js/slick.min5c84.js]
[kiierr.com/schedule-your-free-hair-growth-consultation/index.html]
[kiierr.com/minoxidil-hair-loss-review-vs-kiierr/index.html]
[kiierr.com/kiierr-vs-grivamax-laser-cap-review/index.html]
[kiierr.com/propecia-for-women-and-men-vs-kiierr/index.html]
[kiierr.com/hairclub-vs-kiierr/index.html]
[kiierr.com/wp-content/themes/flatsome-child/assets/css/main902a.css]
[kiierr.com/rogaine-reviews-vs-kiierr/index.html]
[kiierr.com/kiierr-vs-igrow/index.html]
[kiierr.com/roman-hair-loss-products-vs-kiierr/index.html]
[kiierr.com/wp-content/themes/flatsome-child/stylec0f1.css]
[kiierr.com/finasteride-for-hair-loss-vs-kiierr/index.html]
[kiierr.com/hims-hair-products-vs-kiierr/index.html]
[kiierr.com/kiierr-vs-keranique-reviews/index.html]
[kiierr.com/wp-content/themes/flatsome-child/assets/js/child-mainc134.js]
[cdn.jsdelivr.net/npm/slick-carousel@1.8.1/slick/slick.min3d3f.js]
[kiierr.com/wp-json/wp/v2/pages/63.json]
[kiierr.com/wp-json/oembed/1.0/embed7507.json]
[kiierr.com/wp-json/oembed/1.0/embed4e2f]
[kiierr.com/wp-content/uploads/2018/04/footer-bg.jpg]
[kiierr.com/how-to-use/index.html]
[kiierr.com/wp-content/themes/flatsome-child/assets/js/slick.min3c2e.js]
[kiierr.com/wp-content/themes/flatsome-child/assets/css/mainc7aa.css]
[kiierr.com/wp-content/themes/flatsome-child/styledd99.css]
[kiierr.com/wp-content/themes/flatsome-child/assets/js/child-main6887.js]
[cdn.jsdelivr.net/npm/slick-carousel@1.8.1/slick/slick.mina3ae.js]
[kiierr.com/wp-json/wp/v2/pages/50849.json]
[kiierr.com/wp-json/oembed/1.0/embed44b7.json]
[kiierr.com/wp-json/oembed/1.0/embed99b3]
[kiierr.com/wp-content/uploads/2024/04/Kiierr-we-love-our-customers-scaled-1.jpg]
[kiierr.com/wp-content/uploads/2025/03/a-e1725126198717-1024x763-1.jpg]
[kiierr.com/wp-content/uploads/2025/03/6-1024x628-1.png]
[kiierr.com/wp-content/uploads/2025/03/5-1024x628-1.png]
[kiierr.com/wp-content/uploads/2025/03/8-1024x628-1.png]
[kiierr.com/wp-content/uploads/2025/03/2-3-1024x628-1.png]
[kiierr.com/wp-content/uploads/2025/03/2-2-1024x628-1.png]
[kiierr.com/wp-content/uploads/2025/03/asd-1024x576-1.png]
[kiierr.com/our-story/index.html]
[kiierr.com/wp-content/themes/flatsome-child/assets/js/slick.mindb8f.js]
[kiierr.com/wp-content/themes/flatsome-child/assets/css/maina7e9.css]
[kiierr.com/wp-content/themes/flatsome-child/style9460.css]
[kiierr.com/wp-content/themes/flatsome-child/assets/js/child-main216d.js]
[cdn.jsdelivr.net/npm/slick-carousel@1.8.1/slick/slick.min8dd9.js]
[kiierr.com/blog/page/2/index.html]
[kiierr.com/wp-content/uploads/2024/12/1-1024x576.png]
[kiierr.com/wp-content/uploads/2024/11/2-1024x576.png]
[kiierr.com/wp-content/uploads/2024/10/1-10-1024x627.png]
[kiierr.com/wp-content/uploads/2024/10/1-9-1024x630.png]
[kiierr.com/wp-content/uploads/2024/10/1-11-1024x630.png]
[kiierr.com/wp-content/uploads/2024/10/1-6-1024x628.png]
[kiierr.com/wp-content/uploads/2024/10/a-e1725126198717-768x572-1.jpg]
[kiierr.com/wp-content/uploads/2024/09/1-1024x576.png]
[kiierr.com/wp-content/uploads/2024/08/6-1024x576.png]
[kiierr.com/soothing-scalp-massage-for-hair-growth-a-step-by-step-guide/index.html]
[kiierr.com/wp-content/uploads/2024/08/1-1-1024x576.png]
[kiierr.com/author/service/index.html]
[kiierr.com/wp-content/uploads/2024/01/Kiierr-272-Laser-Cap-Google-Shopping-300x300.png]
[kiierr.com/unveiling-the-culprits-causes-of-hair-loss-and-effective-solutions/index.html]
[kiierr.com/why-you-should-choose-a-kiierr-laser-cap-before-considering-hair-transplant-surgery/index.html]
[kiierr.com/wp-content/uploads/2018/10/The-New-Collection-2-200x300.png]
[kiierr.com/author/kiierr_admin/index.html]
[kiierr.com/the-revolutionary-new-hair-regrowth-technology-that-could-make-all-other-treatments-obsolete/index.html]
[kiierr.com/wp-content/uploads/2024/01/Kiierr-272-MD-Laser-Cap-Google-Shopping-300x300.png]
[kiierr.com/the-best-hair-loss-treatment-why-the-kiierr-laser-cap-is-your-best-bet-for-natural-regrowth/index.html]
[kiierr.com/the-ultimate-solution-for-hair-loss-kiierr-laser-caps/index.html]
[kiierr.com/from-husbands-love-to-life-changing-innovation-the-story-behind-kiierrs-mission-to-solve-hair-loss/index.html]
[kiierr.com/unveiling-the-damage-signs-of-hair-that-needs-tlc/index.html]
[kiierr.com/hair-loss-at-the-crown-causes-treatments-and-taking-back-control/index.html]
[kiierr.com/wp-content/themes/flatsome-child/assets/js/slick.min5b54.js]
[kiierr.com/blog/index.html]
[kiierr.com/the-laser-advantage-why-lasers-outperform-leds-for-effective-hair-growth/index.html]
[kiierr.com/blog/page/3/index.html]
[kiierr.com/blog/page/4/index.html]
[kiierr.com/blog/page/20/index.html]
[kiierr.com/hair-quiz/index.html]
[kiierr.com/wp-content/themes/flatsome-child/assets/css/mainf920.css]
[kiierr.com/wp-content/themes/flatsome-child/style8032.css]
[kiierr.com/wp-content/themes/flatsome-child/assets/js/child-main96c4.js]
[cdn.jsdelivr.net/npm/slick-carousel@1.8.1/slick/slick.mincea2.js]
[kiierr.com/wp-json/wp/v2/pages/37805.json]
[kiierr.com/wp-json/oembed/1.0/embed5655.json]
[kiierr.com/wp-json/oembed/1.0/embed4e3c]
[kiierr.com/wp-content/uploads/2022/07/med-advisor-theodore-daly-removebg.png]
[kiierr.com/wp-content/uploads/2022/07/med-advisor-amy-mckinlay-removebg.png]
[kiierr.com/wp-content/uploads/2022/07/med-advisor-mike-mosk-removebg.png]
[kiierr.com/wp-content/uploads/2022/07/med-advisor-jennifer-trent-removebg.png]
[kiierr.com/wp-content/uploads/2022/07/med-advisor-prem-tripathi-removebg.png]
[kiierr.com/wp-content/uploads/2022/07/med-advisor-nathaniel-talibong-removebg.png]
[kiierr.com/wp-content/uploads/2022/07/med-advisor-anonymous-profile-pic-removebg.png]
[kiierr.com/wp-content/uploads/2022/07/med-advisor-kristin-grote-removebg-rotate.png]
[kiierr.com/wp-content/uploads/2023/05/Averill-Sutchar-e1684273146259.jpg]
[kiierr.com/wp-content/uploads/2023/05/david-smith.jpg]
[kiierr.com/medical-advisors/index.html]
[kiierr.com/wp-content/themes/flatsome-child/assets/js/slick.min4122.js]
[kiierr.com/wp-content/themes/flatsome-child/assets/css/mainf09e.css]
[kiierr.com/wp-content/themes/flatsome-child/style4f54.css]
[kiierr.com/wp-content/themes/flatsome-child/assets/js/child-main41bd.js]
[cdn.jsdelivr.net/npm/slick-carousel@1.8.1/slick/slick.min9498.js]
[kiierr.com/wp-json/wp/v2/pages/41.json]
[kiierr.com/wp-json/oembed/1.0/embed933e.json]
[kiierr.com/wp-json/oembed/1.0/embede056]
[kiierr.com/contact-us/service@kiierr.com]
[kiierr.com/wp-content/uploads/2024/11/Beige-Aesthetic-Contact-Us-Instagram-Post-2.png]
[kiierr.com/wp-content/uploads/2024/11/Kiierr_XL_Dark_02-1.png]
[kiierr.com/contact-us/index.html]
[kiierr.com/wp-content/themes/flatsome-child/assets/js/slick.min8ec0.js]
[kiierr.com/wp-content/plugins/woocommerce/assets/css/select20f87.css]
[kiierr.com/wp-content/plugins/woocommerce-subscriptions/vendor/woocommerce/subscriptions-core/assets/css/checkout0f87.css]
[kiierr.com/wp-content/themes/flatsome-child/assets/css/mainc8b2.css]
[kiierr.com/wp-content/themes/flatsome-child/style816f.css]
[kiierr.com/wp-content/plugins/woocommerce-auto-added-coupons-pro/assets/wjecf7433.css]
[kiierr.com/wp-content/plugins/woocommerce/assets/js/frontend/country-select.min0f87.js]
[kiierr.com/wp-content/plugins/woocommerce/assets/js/frontend/address-i18n.min0f87.js]
[kiierr.com/wp-content/plugins/woocommerce/assets/js/frontend/cart.min0f87.js]
[kiierr.com/wp-content/plugins/woocommerce/assets/js/selectWoo/selectWoo.full.min8436.js]
[kiierr.com/wp-content/themes/flatsome-child/assets/js/child-main47b7.js]
[cdn.jsdelivr.net/npm/slick-carousel@1.8.1/slick/slick.mina0e6.js]
[kiierr.com/wp-content/plugins/woocommerce-auto-added-coupons-pro/pro/plugins/WJECF_Pro_Free_Products/js/wjecf-free-products7433.js]
[kiierr.com/wp-json/wp/v2/pages/6276.json]
[kiierr.com/wp-json/oembed/1.0/embed4953.json]
[kiierr.com/wp-json/oembed/1.0/embede8ca]
[kiierr.com/wp-content/uploads/2024/07/logocheckout.jpg]
[kiierr.com/wp-content/plugins/woocommerce-subscriptions/vendor/woocommerce/subscriptions-core/assets/js/frontend/wcs-cart2922.js]
[kiierr.com/wp-includes/js/jquery/ui/datepicker.minb37e.js]
[kiierr.com/wp-content/plugins/woocommerce-gift-cards/assets/js/frontend/wc-gc-main.min3601.js]
[kiierr.com/wp-content/plugins/woocommerce-all-products-for-subscriptions/assets/js/frontend/cartdc24.js]
[kiierr.com/cart/index.html]
[kiierr.com/wp-content/themes/flatsome-child/assets/js/slick.min3086.js]
[kiierr.com/checkout/index.html]
[kiierr.com/wp-content/themes/flatsome-child/assets/css/main980c.css]
[kiierr.com/wp-content/themes/flatsome-child/style0ffc.css]
[kiierr.com/wp-content/themes/flatsome-child/assets/js/child-main2a60.js]
[cdn.jsdelivr.net/npm/slick-carousel@1.8.1/slick/slick.min0bc7.js]
[kiierr.com/product/kiierr-laser-cap-hair-growth-system-2new/index.html]
[kiierr.com/wp-json/wp/v2/product/97387.json]
[kiierr.com/wp-json/oembed/1.0/embed8a57.json]
[kiierr.com/wp-json/oembed/1.0/embedec56]
[kiierr.com/wp-content/uploads/2023/09/272tt-1-800x800.png]
[kiierr.com/wp-content/uploads/2024/02/2-5.png]
[kiierr.com/wp-content/uploads/2024/02/DHT-Blocking-Shampoo-2.jpg]
[kiierr.com/wp-content/uploads/2024/02/DHT-Blocking-Conditioner-2.jpg]
[kiierrdev.kinsta.cloud/wp-content/uploads/2025/01/hugeicons_delivery-truck-02.png]
[kiierrdev.kinsta.cloud/wp-content/uploads/2025/01/solar_dollar-linear.png]
[kiierrdev.kinsta.cloud/wp-content/uploads/2025/01/Group.png]
[kiierr.com/wp-content/uploads/2025/01/Group-35-1.png]
[kiierr.com/wp-content/uploads/2025/01/Group-35-1-800x800.png]
[kiierr.com/wp-content/uploads/2025/01/image-26.png]
[kiierr.com/wp-content/uploads/2025/01/Group-30.png]
[kiierr.com/wp-content/uploads/2025/01/Group-30-800x800.png]
[kiierr.com/wp-content/uploads/2025/01/Group-31-1.png]
[kiierr.com/wp-content/uploads/2025/01/Group-31-1-800x800.png]
[kiierr.com/wp-content/uploads/2025/01/Group-34-1.png]
[kiierr.com/wp-content/uploads/2025/01/Group-34-1-800x800.png]
[kiierr.com/wp-content/uploads/2025/01/Group-33-1.png]
[kiierr.com/wp-content/uploads/2025/01/Group-33-1-800x800.png]
[kiierr.com/wp-content/uploads/2025/01/Group-32-1.png]
[kiierr.com/wp-content/uploads/2025/01/Group-32-1-800x749.png]
[kiierr.com/wp-content/uploads/2025/01/Group-37-1.png]
[kiierr.com/wp-content/uploads/2025/01/Group-38-1.png]
[kiierr.com/wp-content/uploads/2025/01/Group-39-1.png]
[kiierr.com/wp-content/uploads/2025/01/Group-27-1.png]
[kiierr.com/wp-content/uploads/2025/01/image-20-2.png]
[kiierr.com/wp-content/uploads/2025/01/image-21-2.png]
[kiierr.com/wp-content/uploads/2025/01/image-22-2.png]
[kiierr.com/wp-content/uploads/2025/01/image-16.png]
[kiierr.com/wp-content/uploads/2025/01/image-1-2.png]
[kiierr.com/wp-content/uploads/2025/01/image-1-3.png]
[kiierr.com/wp-content/uploads/2025/01/Group-7.png]
[kiierr.com/wp-content/uploads/2025/01/Group-11.png]
[kiierr.com/wp-content/uploads/2025/01/image-18.png]
[kiierr.com/wp-content/uploads/2025/01/image-19.png]
[kiierr.com/wp-content/uploads/2025/01/image-218.png]
[kiierr.com/wp-content/uploads/2025/01/image-20.png]
[kiierr.com/wp-content/uploads/2025/01/image-21.png]
[kiierr.com/wp-content/uploads/2025/01/image-22.png]
[kiierr.com/wp-content/uploads/2025/01/Group-25-1.png]
[kiierr.com/wp-content/uploads/2025/01/image-6.png]
[kiierr.com/wp-content/uploads/2025/01/image-213.png]
[kiierr.com/wp-content/uploads/2025/01/image-7.png]
[kiierr.com/wp-content/uploads/2025/01/image-8.png]
[kiierr.com/wp-content/uploads/2025/01/image-12.png]
[kiierr.com/wp-content/uploads/2025/01/Group-31.png]
[kiierr.com/wp-content/uploads/2025/01/Group-32.png]
[kiierr.com/wp-content/uploads/2025/01/image-23-1.png]
[kiierr.com/wp-content/uploads/2025/01/Study-1.png]
[kiierr.com/wp-content/uploads/2025/01/Study-2.png]
[kiierr.com/wp-content/uploads/2025/01/Study-3.png]
[kiierr.com/wp-content/uploads/2025/01/Study-4.png]
[kiierr.com/wp-content/uploads/2025/01/Group-40-1.png]
[kiierr.com/wp-content/uploads/2025/01/Group-42-1.png]
[kiierr.com/wp-content/uploads/2025/01/Group-43-2.png]
[kiierr.com/wp-content/uploads/2025/01/Vector.png]
[kiierr.com/wp-content/uploads/2025/01/Group-26.png]
[kiierr.com/wp-content/uploads/2025/01/Group-35-1-100x100.png]
[kiierr.com/product/kiierr-laser-cap-hair-growth-system-2new/indexa674.html]
[kiierr.com/wp-content/themes/flatsome-child/assets/js/slick.mind2de.js]
[kiierr.com/wp-content/themes/flatsome-child/assets/css/maine51f.css]
[kiierr.com/wp-content/themes/flatsome-child/style2c44.css]
[kiierr.com/wp-content/themes/flatsome-child/assets/js/child-main7f2a.js]
[kiierr.com/product/kiierr272premier-md/feed/index.html]
[cdn.jsdelivr.net/npm/slick-carousel@1.8.1/slick/slick.min8030.js]
[kiierr.com/wp-json/wp/v2/product/15827.json]
[kiierr.com/wp-json/oembed/1.0/embed9a6e.json]
[kiierr.com/wp-json/oembed/1.0/embed16f2]
[kiierr.com/wp-content/uploads/2023/09/com.png]
[kiierr.com/wp-content/uploads/2023/09/com-800x800.png]
[a.slack-edge.com/production-standard-emoji-assets/10.2/google-medium/2b50.png]
[kiierr.com/wp-content/uploads/2021/01/5.jpg]
[kiierr.com/wp-content/uploads/2024/02/trust-badges-444.jpg]
[kiierr.com/wp-content/uploads/2024/02/1.jpg]
[kiierr.com/wp-content/uploads/2024/02/2.jpg]
[kiierr.com/wp-content/uploads/2024/02/3.jpg]
[kiierr.com/wp-content/uploads/2024/02/4.jpg]
[kiierr.com/wp-content/uploads/2024/02/5.jpg]
[kiierr.com/wp-content/uploads/2024/02/6.jpg]
[kiierr.com/wp-content/uploads/2023/09/com-100x100.png]
[kiierr.com/wp-content/themes/flatsome-child/assets/js/slick.min86c8.js]
[kiierr.com/product/kiierr272premier-md/index.html]
[kiierr.com/product/extendedwarranty3years/index.html]
[kiierr.com/wp-content/themes/flatsome-child/assets/css/mainb941.css]
[kiierr.com/product/kiierr272premier-md/indexbf4b.html]
[kiierr.com/product/kiierr272premier-md/index6b25.html]
[kiierr.com/wp-content/themes/flatsome-child/assets/js/child-main9df6.js]
[cdn.jsdelivr.net/npm/slick-carousel@1.8.1/slick/slick.min4326.js]
[kiierr.com/wp-json/wp/v2/product/43738.json]
[kiierr.com/wp-json/oembed/1.0/embed6898.json]
[kiierr.com/wp-json/oembed/1.0/embedc6bb]
[kiierr.com/wp-content/uploads/2021/04/272-premier-complete-system-rough-draft.jpg]
[kiierr.com/wp-content/uploads/2021/04/272-premier-complete-system-rough-draft-800x800.jpg]
[kiierr.com/wp-content/uploads/2021/04/272-premier-complete-system-rough-draft-100x100.jpg]
[kiierr.com/product/certified-refurbished-272premier-laser-cap/index.html]
[kiierr.com/all-hair-growth-products/index.html]
[kiierr.com/wp-content/themes/flatsome-child/assets/js/slick.minedb3.js]
[kiierr.com/wp-content/themes/flatsome-child/assets/css/main7b10.css]
[kiierr.com/product/kiierr-hair-growth-products-ultimate-supplements-bundle-subscription/index.html]
[kiierr.com/wp-content/themes/flatsome-child/style5145.css]
[kiierr.com/wp-content/themes/flatsome-child/assets/js/child-main5902.js]
[cdn.jsdelivr.net/npm/slick-carousel@1.8.1/slick/slick.mine6ce.js]
[kiierr.com/wp-json/wp/v2/pages/76312.json]
[kiierr.com/wp-json/oembed/1.0/embed3824.json]
[kiierr.com/wp-json/oembed/1.0/embed9190]
[kiierr.com/wp-content/uploads/2023/09/ki1.jpg]
[kiierr.com/wp-content/uploads/2023/12/Untitled-design-13.png]
[kiierr.com/wp-content/uploads/2023/09/ki3.jpg]
[kiierr.com/wp-content/uploads/2023/09/ki4.jpg]
[kiierr.com/vip-membership/index.html]
[kiierr.com/testimonials/index.html]
[kiierr.com/wp-content/themes/flatsome-child/assets/js/slick.min6e3b.js]
[kiierr.com/wp-content/themes/flatsome-child/assets/css/maind281.css]
[kiierr.com/product/vip-membership/index.html]
[kiierr.com/wp-content/themes/flatsome-child/stylea2c4.css]
[kiierr.com/wp-content/themes/flatsome-child/assets/js/child-main4e3b.js]
[cdn.jsdelivr.net/npm/slick-carousel@1.8.1/slick/slick.min3f75.js]
[kiierr.com/wp-json/wp/v2/pages/16539.json]
[kiierr.com/wp-json/oembed/1.0/embed502f.json]
[kiierr.com/wp-json/oembed/1.0/embed6c03]
[kiierr.com/wp-content/uploads/2019/09/Kiierr-Affiliate-Program.png]
[kiierr.com/affiliate-program/index.html]
[kiierr.com/wp-content/themes/flatsome-child/assets/js/slick.minddbf.js]
[kiierr.com/wp-content/themes/flatsome-child/assets/css/main96b4.css]
[kiierr.com/wp-content/themes/flatsome-child/style3756.css]
[kiierr.com/wp-content/themes/flatsome-child/assets/js/child-maina05b.js]
[cdn.jsdelivr.net/npm/slick-carousel@1.8.1/slick/slick.min0b64.js]
[kiierr.com/wp-json/wp/v2/pages/64540.json]
[kiierr.com/wp-json/oembed/1.0/embed768e.json]
[kiierr.com/wp-json/oembed/1.0/embeddadc]
[kiierr.com/wp-content/uploads/2022/08/refer-a-friend-banner.jpg]
[kiierr.com/wp-content/uploads/2022/07/refer-step-1-21.png]
[kiierr.com/wp-content/uploads/2022/07/refer-step-2-21.png]
[kiierr.com/wp-content/uploads/2022/07/refer-step-3-21.png]
[kiierr.com/refer-a-friend/index.html]
[kiierr.com/wp-content/themes/flatsome-child/assets/js/slick.min31d4.js]
[kiierr.com/wp-content/themes/flatsome-child/assets/css/main6eed.css]
[kiierr.com/wp-content/themes/flatsome-child/assets/js/child-main0bba.js]
[cdn.jsdelivr.net/npm/slick-carousel@1.8.1/slick/slick.min27e5.js]
[kiierr.com/wp-json/wp/v2/pages/11328.json]
[kiierr.com/wp-json/oembed/1.0/embedb4af.json]
[kiierr.com/wp-json/oembed/1.0/embedeaca]
[kiierr.com/refund-policy/index.html]
[kiierr.com/wp-content/themes/flatsome-child/assets/js/slick.min13c5.js]
[kiierr.com/wp-content/themes/flatsome-child/assets/css/main89fa.css]
[kiierr.com/wp-content/themes/flatsome-child/assets/js/child-main653c.js]
[cdn.jsdelivr.net/npm/slick-carousel@1.8.1/slick/slick.min6fc5.js]
[kiierr.com/wp-json/wp/v2/pages/39434.json]
[kiierr.com/wp-json/oembed/1.0/embed0e96.json]
[kiierr.com/wp-json/oembed/1.0/embeddb6c]
[kiierr.com/wp-content/uploads/2024/05/Kiierr-laser-caps-have-been-featured-in-hundreds-of-publications.png]
[kiierr.com/wp-content/uploads/2024/05/Screen-Shot-2022-06-03-at-1.34.47-PM-150x150-1.png]
[kiierr.com/blogger-and-youtube-reviews/index.html]
[kiierr.com/wp-content/themes/flatsome-child/assets/js/slick.minddfa.js]
[kiierr.com/wp-content/themes/flatsome-child/assets/css/main57eb.css]
[kiierr.com/wp-content/themes/flatsome-child/style3497.css]
[kiierr.com/wp-content/themes/flatsome-child/assets/js/child-main5024.js]
[cdn.jsdelivr.net/npm/slick-carousel@1.8.1/slick/slick.minbeec.js]
[kiierr.com/wp-json/wp/v2/pages/74954.json]
[kiierr.com/wp-json/oembed/1.0/embed361e.json]
[kiierr.com/wp-json/oembed/1.0/embedbdf6]
[kiierr.com/do-not-sell-my-personal-information/index.html]
[kiierr.com/wp-content/themes/flatsome-child/assets/js/slick.min08e2.js]
[kiierr.com/wp-content/themes/flatsome-child/assets/css/main8b31.css]
[kiierr.com/wp-content/plugins/gravityforms/legacy/css/formreset.min1dd2.css]
[kiierr.com/wp-content/plugins/gravityforms/legacy/css/datepicker.min1dd2.css]
[kiierr.com/wp-content/plugins/gravityforms/legacy/css/formsmain.min1dd2.css]
[kiierr.com/wp-content/plugins/gravityforms/legacy/css/readyclass.min1dd2.css]
[kiierr.com/wp-content/plugins/gravityforms/legacy/css/browsers.min1dd2.css]
[kiierr.com/wp-content/themes/flatsome-child/assets/js/child-main9890.js]
[cdn.jsdelivr.net/npm/slick-carousel@1.8.1/slick/slick.min62bd.js]
[kiierr.com/wp-content/plugins/gravityforms/js/jquery.json.min1dd2.js]
[kiierr.com/wp-content/plugins/gravityforms/js/gravityforms.min1dd2.js]
[kiierr.com/wp-content/plugins/gravityforms/assets/js/dist/utils.min791f.js]
[kiierr.com/wp-content/plugins/gravityforms/js/conditional_logic.min1dd2.js]
[kiierr.com/wp-content/plugins/gravityforms/includes/addon/js/gaddon_frontend.min1dd2.js]
[kiierr.com/wp-json/wp/v2/pages/11687.json]
[kiierr.com/wp-json/oembed/1.0/embed1057.json]
[kiierr.com/wp-json/oembed/1.0/embedf6a8]
[kiierr.com/wp-content/plugins/gravityforms/images/datepicker/datepicker.svg]
[kiierr.com/wp-content/plugins/gravityforms/images/spinner.svg]
[kiierr.com/wp-content/themes/flatsome-child/assets/js/slick.minc9fb.js]
[kiierr.com/wp-includes/js/dist/dom-ready.min5346.js]
[kiierr.com/wp-includes/js/dist/a11y.min3f73.js]
[kiierr.com/wp-content/plugins/gravityforms/js/datepicker-legacy.min1dd2.js]
[kiierr.com/wp-content/plugins/gravityforms/js/datepicker.min1dd2.js]
[kiierr.com/product/3-year-extended-warranty/index.html]
[kiierr.com/wp-content/plugins/gravityforms/assets/js/dist/vendor-theme.minabb2.js]
[kiierr.com/warranty-registration/index.html]
[kiierr.com/wp-content/plugins/gravityforms/assets/js/dist/scripts-theme.min3f3f.js]
[kiierr.com/wp-content/themes/flatsome-child/assets/css/maine13d.css]
[kiierr.com/wp-content/themes/flatsome-child/style8f06.css]
[kiierr.com/wp-content/themes/flatsome-child/assets/js/child-main718b.js]
[cdn.jsdelivr.net/npm/slick-carousel@1.8.1/slick/slick.min96d1.js]
[kiierr.com/wp-json/wp/v2/pages/72597.json]
[kiierr.com/wp-json/oembed/1.0/embed8e06.json]
[kiierr.com/wp-json/oembed/1.0/embed0f4f]
[kiierr.com/careers/index.html]
[kiierr.com/wp-content/themes/flatsome-child/assets/js/slick.min5d11.js]
[kiierr.com/wp-content/themes/flatsome-child/assets/css/main7833.css]
[kiierr.com/wp-content/themes/flatsome-child/assets/js/child-mainb6cf.js]
[kiierr.com/product/illuminate-7-in-1-light-therapy-mask-for-skincare/feed/index.html]
[cdn.jsdelivr.net/npm/slick-carousel@1.8.1/slick/slick.min5c83.js]
[kiierr.com/wp-json/wp/v2/product/84521.json]
[kiierr.com/wp-json/oembed/1.0/embedb758.json]
[kiierr.com/wp-json/oembed/1.0/embeddbe3]
[kiierr.com/wp-content/uploads/2024/05/1-1.png]
[kiierr.com/wp-content/uploads/2024/05/i3.png]
[kiierr.com/wp-content/uploads/2024/05/i3-800x800.png]
[kiierr.com/wp-content/uploads/2024/07/3.png]
[kiierr.com/wp-content/uploads/2024/07/3-800x800.png]
[kiierr.com/wp-content/uploads/2024/05/i4.png]
[kiierr.com/wp-content/uploads/2024/05/i4-800x800.png]
[kiierr.com/wp-content/uploads/2024/07/4.png]
[kiierr.com/wp-content/uploads/2024/07/4-800x800.png]
[kiierr.com/wp-content/uploads/2024/07/5.png]
[kiierr.com/wp-content/uploads/2024/07/5-800x800.png]
[kiierr.com/wp-content/uploads/2024/08/c.png]
[kiierr.com/wp-content/uploads/2024/08/s-1.png]
[kiierr.com/wp-content/uploads/2024/08/d.png]
[kiierr.com/product/illuminate-7-in-1-light-therapy-mask-for-skincare/index8c02.html]
[kiierr.com/wp-content/uploads/2024/05/unnamed-100x100.png]
[kiierr.com/product/illuminate-7-in-1-light-therapy-mask-for-skincare/index.html]
[kiierr.com/wp-content/themes/flatsome-child/assets/js/slick.min9610.js]
[kiierr.com/wp-content/themes/flatsome-child/assets/css/main3a42.css]
[kiierr.com/product/illuminate-7-in-1-light-therapy-mask-for-skincare/index3c75.html]
[kiierr.com/product/skiin-radiate-facial-wand/feed/index.html]
[kiierr.com/wp-content/themes/flatsome-child/style210b.css]
[kiierr.com/product/illuminate-7-in-1-light-therapy-mask-for-skincare/indexb0a1.html]
[kiierr.com/wp-content/themes/flatsome-child/assets/js/child-main1879.js]
[cdn.jsdelivr.net/npm/slick-carousel@1.8.1/slick/slick.min7f52.js]
[kiierr.com/wp-json/wp/v2/product/81344.json]
[kiierr.com/wp-json/oembed/1.0/embed6669.json]
[kiierr.com/wp-json/oembed/1.0/embedeba2]
[kiierr.com/wp-content/uploads/2024/02/1-3.png]
[kiierr.com/wp-content/uploads/2024/02/2-4.png]
[kiierr.com/wp-content/uploads/2024/02/2-4-800x800.png]
[kiierr.com/wp-content/uploads/2024/07/13.png]
[kiierr.com/wp-content/uploads/2024/07/13-800x800.png]
[kiierr.com/wp-content/uploads/2024/05/5.png]
[kiierr.com/wp-content/uploads/2024/05/5-800x800.png]
[kiierr.com/wp-content/uploads/2024/02/3-1.png]
[kiierr.com/wp-content/uploads/2024/02/3-1-800x800.png]
[kiierr.com/wp-content/uploads/2024/02/1-2.png]
[kiierr.com/wp-content/uploads/2024/02/1-2-800x800.png]
[kiierr.com/wp-content/uploads/2024/02/2-3.png]
[kiierr.com/wp-content/uploads/2024/02/2-3-800x800.png]
[kiierr.com/wp-content/uploads/2024/02/Kiierr-Skin-Logo-300x93.png]
[kiierr.com/wp-content/uploads/2024/02/Kiierr-_-Skin-Radiate-Wand2-100x100.png]
[kiierr.com/product/skiin-radiate-facial-wand/index.html]
[kiierr.com/wp-content/themes/flatsome-child/assets/js/slick.min765b.js]
[kiierr.com/product/skiin-radiate-facial-wand/indexb0a1.html]
[kiierr.com/product/skiin-radiate-facial-wand/index4c4f.html]
[kiierr.com/product/skiin-radiate-facial-wand/index66dd.html]
[kiierr.com/product/radiant-renewal-skin-serum/feed/index.html]
[kiierr.com/wp-content/themes/flatsome-child/assets/css/main5d20.css]
[kiierr.com/wp-content/themes/flatsome-child/style4d5a.css]
[kiierr.com/wp-content/themes/flatsome-child/assets/js/child-mainbe54.js]
[cdn.jsdelivr.net/npm/slick-carousel@1.8.1/slick/slick.minda6b.js]
[kiierr.com/wp-json/wp/v2/product/84701.json]
[kiierr.com/wp-json/oembed/1.0/embedae65.json]
[kiierr.com/wp-json/oembed/1.0/embeda9fe]
[kiierr.com/wp-content/uploads/2024/06/2.png]
[kiierr.com/wp-content/uploads/2024/06/3.png]
[kiierr.com/wp-content/uploads/2024/06/3-800x800.png]
[kiierr.com/wp-content/uploads/2024/06/4.png]
[kiierr.com/wp-content/uploads/2024/06/4-800x800.png]
[kiierr.com/wp-content/uploads/2024/06/5.png]
[kiierr.com/wp-content/uploads/2024/06/1-100x100.png]
[kiierr.com/product/radiant-renewal-skin-serum/index.html]
[kiierr.com/Schedule A Consultation.html]
[kiierr.com/wp-content/themes/flatsome-child/assets/js/slick.min16f4.js]
[kiierr.com/product/radiant-renewal-skin-serum/index988c.html]
[kiierr.com/wp-content/themes/flatsome-child/assets/css/main279d.css]
[kiierr.com/product/radiant-renewal-skin-serum/index600a.html]
[kiierr.com/wp-content/themes/flatsome-child/styled334.css]
[kiierr.com/wp-content/themes/flatsome-child/assets/js/child-main79a3.js]
[cdn.jsdelivr.net/npm/slick-carousel@1.8.1/slick/slick.min997e.js]
[kiierr.com/wp-json/wp/v2/pages/74941.json]
[kiierr.com/wp-json/oembed/1.0/embed86b1.json]
[kiierr.com/wp-json/oembed/1.0/embed9029]
[kiierr.com/accessibility/index.html]
[kiierr.com/wp-content/themes/flatsome-child/assets/js/slick.minec16.js]
[kiierr.com/wp-content/themes/flatsome-child/assets/css/mainf3f6.css]
[kiierr.com/wp-content/themes/flatsome-child/style4c0f.css]
[kiierr.com/fda-cleared-laser-cap-to-regrow-hair-after-hair-loss/index.html]
[kiierr.com/wp-content/themes/flatsome-child/assets/js/child-maina777.js]
[cdn.jsdelivr.net/npm/slick-carousel@1.8.1/slick/slick.mind362.js]
[kiierr.com/wp-json/wp/v2/pages/6731.json]
[kiierr.com/wp-json/oembed/1.0/embedd1dc.json]
[kiierr.com/wp-json/oembed/1.0/embed6679]
[kiierr.com/terms-conditions/index.html]
[kiierr.com/wp-content/themes/flatsome-child/assets/js/slick.min606c.js]
[kiierr.com/wp-content/themes/flatsome-child/assets/css/mainf9e5.css]
[kiierr.com/wp-content/themes/flatsome-child/assets/js/child-mainc899.js]
[cdn.jsdelivr.net/npm/slick-carousel@1.8.1/slick/slick.min36c8.js]
[kiierr.com/wp-json/wp/v2/pages/6724.json]
[kiierr.com/wp-json/oembed/1.0/embeda15c.json]
[kiierr.com/wp-json/oembed/1.0/embeddf6f]
[kiierr.com/privacy-policy/index.html]
[kiierr.com/wp-content/themes/flatsome-child/assets/js/slick.min9583.js]
[kiierr.com/wp-content/themes/flatsome-child/assets/css/maina0bf.css]
[kiierr.com/wp-content/themes/flatsome-child/styleba4f.css]
[kiierr.com/wp-content/themes/flatsome-child/assets/js/child-main2b08.js]
[cdn.jsdelivr.net/npm/slick-carousel@1.8.1/slick/slick.min1b17.js]
[kiierr.com/wp-json/wp/v2/pages/52730.json]
[kiierr.com/wp-json/oembed/1.0/embed6c3f.json]
[kiierr.com/wp-json/oembed/1.0/embed12b3]
[kiierr.com/editorial-policy/index.html]
[kiierr.com/wp-content/themes/flatsome-child/assets/js/slick.min9a05.js]
[kiierr.com/wp-content/themes/flatsome-child/assets/css/main87fa.css]
[kiierr.com/wp-content/themes/flatsome-child/assets/js/child-mainf859.js]
[cdn.jsdelivr.net/npm/slick-carousel@1.8.1/slick/slick.min71cd.js]
[kiierr.com/product/kiierr-laser-hair-growth-products/index1e6f.html]
[kiierr.com/wp-content/themes/flatsome-child/assets/js/slick.min68bf.js]
[kiierr.com/wp-content/plugins/woocommerce-subscriptions/vendor/woocommerce/subscriptions-core/assets/css/view-subscription2922.css]
[kiierr.com/wp-content/themes/flatsome-child/assets/css/maind440.css]
[kiierr.com/wp-content/themes/flatsome-child/style5134.css]
[kiierr.com/wp-content/plugins/woocommerce/assets/js/frontend/account-i18n.min0f87.js]
[kiierr.com/wp-content/plugins/woocommerce/assets/js/frontend/lost-password.min0f87.js]
[kiierr.com/wp-content/themes/flatsome-child/assets/js/child-main852b.js]
[kiierr.com/my-account/index.html]
[cdn.jsdelivr.net/npm/slick-carousel@1.8.1/slick/slick.min4a8e.js]
[kiierr.com/wp-json/wp/v2/pages/6278.json]
[kiierr.com/wp-json/oembed/1.0/embed7b23.json]
[kiierr.com/wp-json/oembed/1.0/embed7190]
[kiierr.com/my-account/images/shdow.png]
[kiierr.com/my-account/lost-password/index.html]
[kiierr.com/wp-content/plugins/woocommerce/assets/client/blocks/wc-blocks763d.css]
[kiierr.com/wp-content/themes/flatsome-childassets/js/child-main.html]
[kiierr.com/wp-content/plugins/ajax-load-more-anything/assets/scriptsb186.js]
[kiierr.com/wp-content/plugins/woocommerce-gift-cards/assets/fonts/WC_GC3080.svg]
[kiierr.com/wp-content/plugins/woocommerce-all-products-for-subscriptions/assets/fonts/fa-apfsd1f1.svg]
[kiierr.com/wp-content/themes/flatsome-child/assets/css/ajax-loader.html]
[kiierr.com/wp-content/themes/flatsome-child/assets/css/fonts/slick.html]
[kiierr.com/wp-content/themes/flatsome-child/assets/css/fonts/slickd41d.html]
[kiierr.com/wp-content/themes/flatsome-child/assets/css/fonts/slick-2.html]
[kiierr.com/wp-content/themes/flatsome-child/assets/css/fonts/slick-3.html]
[kiierr.com/wp-content/themes/flatsome-child/assets/css/fonts/slick-4.html]
[kiierr.com/wp-content/uploads/2024/09/icon-check-ok.svg]
[kiierr.com/wp-content/uploads/2024/09/icon-check-none.svg]
[kiierr.com/wp-content/uploads/2024/09/arrow-right.svg]
[kiierr.com/wp-content/uploads/2024/09/icon-check-fill.svg]
[kiierr.com/wp-content/uploads/2024/09/arrow-right-white.svg]
[kiierr.com/wp-content/uploads/2024/01/ic-autoship.svg]
[kiierr.com/wp-content/themes/flatsome-child/assets/images/loader.svg]
[kiierr.com/wp-content/themes/flatsome-child/assets/images/ic-close.svg]
[kiierr.com/wp-content/themes/flatsome-child/assets/images/ic_ph_trash.svg]
[kiierr.com/wp-content/themes/flatsome-child/assets/images/ic-arrow-prev.svg]
[kiierr.com/wp-content/themes/flatsome-child/assets/images/ic-arrow-next.svg]
[kiierr.com/wp-content/themes/flatsome-child/assets/images/ic-ship-disable.svg]
[kiierr.com/wp-content/themes/flatsome-child/assets/images/ic-gift-disable.svg]
[kiierr.com/wp-content/themes/flatsome-child/assets/images/ic-ship.svg]
[kiierr.com/wp-content/themes/flatsome-child/assets/images/ic-gift.svg]
[kiierr.com/wp-content/themes/flatsome-child/assets/images/ic-menu-arrow.svg]
[kiierr.com/wp-content/themes/flatsome-child/assets/images/ic-menu-arrow-b.svg]
[kiierr.com/wp-content/themes/flatsome-child/assets/images/ic-menu-arrow-w.svg]
[kiierr.com/wp-content/themes/flatsome-child/assets/images/ic-close-b.svg]
[kiierr.com/wp-content/themes/flatsome-child/assets/images/plp-dpdn-close.svg]
[kiierr.com/wp-content/themes/flatsome-child/assets/images/plp-dpdn-open.svg]
[kiierr.com/wp-content/themes/flatsome-child/assets/images/coverage-one.svg]
[kiierr.com/wp-content/themes/flatsome-child/assets/images/coverage-two.svg]
[kiierr.com/wp-content/themes/flatsome-child/assets/images/coverage-three.svg]
[kiierr.com/wp-content/themes/flatsome-child/assets/images/pdp-slider-arrow-next.svg]
[kiierr.com/wp-content/themes/flatsome-child/assets/images/ic-circle-check.svg]
[kiierr.com/wp-content/themes/flatsome-child/assets/images/ic-arrow-orange-down.svg]
[kiierr.com/wp-content/themes/flatsome-child/assets/images/ic-more-arrow.svg]
[kiierr.com/wp-content/themes/flatsome-child/assets/images/ic-slider-arrow-prev.svg]
[kiierr.com/wp-content/themes/flatsome-child/assets/images/ic-pdp-cycle.svg]
[kiierr.com/wp-content/themes/flatsome-child/assets/images/ic-pdp-shipping.svg]
[kiierr.com/xhr.html]
[kiierr.com/GET.html]
[kiierr.com/lib/widget-management.html]
[kiierr.com/wp-content/plugins/yotpo-social-reviews-for-woocommerce/assets/css/bottom-linebae6.css]
[kiierr.com/wp-content/plugins/variations-radio-buttons-for-woocommerce/assets/css/tooltip.mindaae.css]
[kiierr.com/wp-content/themes/flatsome-child/assets/js/slick.minc6e6.js]
[kiierr.com/wp-content/plugins/variations-radio-buttons-for-woocommerce/assets/fonts/materialdesignicons-webfontb68a.eot]
[kiierr.com/wp-content/plugins/variations-radio-buttons-for-woocommerce/assets/fonts/materialdesignicons-webfontb68a.woff2]
[kiierr.com/wp-content/plugins/variations-radio-buttons-for-woocommerce/assets/fonts/materialdesignicons-webfontd41d.eot]
[kiierr.com/wp-content/plugins/variations-radio-buttons-for-woocommerce/assets/fonts/materialdesignicons-webfontb68a.woff]
[kiierr.com/wp-content/plugins/variations-radio-buttons-for-woocommerce/assets/fonts/materialdesignicons-webfontb68a.ttf]
[kiierr.com/wp-content/plugins/variations-radio-buttons-for-woocommerce/assets/css/VariationsRadioButtons.mindaae.css]
[kiierr.com/wp-content/plugins/woocommerce/assets/css/photoswipe/default-skin/default-skin.png]
[kiierr.com/wp-content/plugins/woocommerce/assets/css/photoswipe/photoswipe.min0f87.css]
[kiierr.com/wp-content/plugins/woocommerce/assets/css/photoswipe/default-skin/default-skin.svg]
[kiierr.com/wp-content/plugins/woocommerce/assets/css/photoswipe/default-skin/preloader.gif]
[kiierr.com/wp-content/plugins/woocommerce/assets/css/photoswipe/default-skin/default-skin.min0f87.css]
[kiierr.com/wp-content/plugins/variation-swatches-woo/assets/css/swatches7daa.css]
[kiierr.com/wp-content/plugins/yaypricing/assets/css/pricing-table502b.css]
[kiierr.com/wp-content/themes/flatsome-child/assets/css/mainefe5.css]
[kiierr.com/wp-content/themes/flatsome-child/style6098.css]
[kiierr.com/wp-content/plugins/woocommerce-gateway-stripe/assets/images/credit-card.svg]
[kiierr.com/wp-content/plugins/woocommerce-gateway-stripe/assets/images/visa.svg]
[kiierr.com/wp-content/plugins/woocommerce-gateway-stripe/assets/images/amex.svg]
[kiierr.com/wp-content/plugins/woocommerce-gateway-stripe/assets/images/diners.svg]
[kiierr.com/wp-content/plugins/woocommerce-gateway-stripe/assets/images/discover.svg]
[kiierr.com/wp-content/plugins/woocommerce-gateway-stripe/assets/images/jcb.svg]
[kiierr.com/wp-content/plugins/woocommerce-gateway-stripe/assets/images/maestro.svg]
[kiierr.com/wp-content/plugins/woocommerce-gateway-stripe/assets/css/stripe-styles6f03.css]
[kiierr.com/index4043.html]
[kiierr.com/product/images/shdow.html]
[kiierr.com/wp-content/plugins/woocommerce-gateway-stripe/assets/images/mastercard.svg]
[kiierr.com/wp-content/themes/flatsome-child/assets/css/mainae19.css]
[kiierr.com/wp-content/themes/flatsome-child/style6e1a.css]
[kiierr.com/wp-content/themes/flatsome-child/assets/js/child-main2a22.js]
[kiierr.com/product-category/laser-cap/feed/index.html]
[cdn.jsdelivr.net/npm/slick-carousel@1.8.1/slick/slick.min0d74.js]
[kiierr.com/wp-json/wp/v2/product_cat/395.json]
[kiierr.com/wp-content/uploads/2025/04/Kiierr_XL_Light_02-1-1-800x800.png]
[kiierr.com/wp-content/uploads/2025/04/6-800x800.png]
[kiierr.com/wp-content/uploads/2020/09/Untitled-design-7-800x800.png]
[kiierr.com/wp-content/uploads/2023/09/las-800x800.png]
[kiierr.com/wp-content/uploads/2020/09/Untitled-design-6-800x800.png]
[kiierr.com/wp-content/uploads/2021/01/Kiierr-7-Month-Growth-Guarantee-Before-Afters-800x800.png]
[kiierr.com/product/312-md-dualwave-laser-cap/index.html]
[kiierr.com/product/kiierr272premier-md-laser-hair-cap-ultimate-max-growth-bundle/index.html]
[kiierr.com/product-category/laser-cap/indexd963.html]
[kiierr.com/wp-content/uploads/2023/09/prc-800x800.jpg]
[kiierr.com/product/kiierr272premier-md-available-limited-time-only-cap-only/index.html]
[kiierr.com/wp-content/uploads/2023/09/pr-800x800.jpg]
[kiierr.com/product/kiierr272premier-laser-hair-cap-ultimate-max-growth-bundle-2-months-supply/index.html]
[kiierr.com/product/kiierr272premier-laser-hair-cap-ultimate-max-growth-bundle/index.html]
[kiierr.com/wp-content/uploads/2023/09/pre-800x800.png]
[kiierr.com/product/fda-cleared-kiierr-148-pro-complete-system-free-2-day-shipping/index.html]
[kiierr.com/product-category/laser-cap/index7446.html]
[kiierr.com/wp-content/uploads/2024/03/Kiierr-MD-Ultra-Laser-Cap-For-Hair-Growth-top-view-247x247.png]
[kiierr.com/product-category/laser-cap/indexa5b1.html]
[kiierr.com/product/fda-cleared-kiierr-148-pro-laser-cap-free-2-day-shipping/index.html]
[kiierr.com/wp-content/uploads/2023/09/oaprofessionals_info_V4_2-800x800.jpg]
[kiierr.com/product/fda-cleared-kiierr-272-premier-complete-system/index.html]
[kiierr.com/wp-content/uploads/2025/04/272t-800x800.webp]
[kiierr.com/product-category/laser-cap/index2ee7.html]
[kiierr.com/product/fda-cleared-kiierr-laser-cap-for-women/index.html]
[kiierr.com/product-category/laser-cap/indexfc82.html]
[kiierr.com/product/fda-cleared-kiierr-272-premier-laseer-cap-free-2-day-shipping/index.html]
[kiierr.com/product-category/laser-cap/index50a2.html]
[kiierr.com/product-category/laser-cap/index.html]
[kiierr.com/wp-content/themes/flatsome-child/assets/images/cap-pro.svg]
[kiierr.com/wp-content/themes/flatsome-child/assets/images/cap-premier.svg]
[kiierr.com/wp-content/themes/flatsome-child/assets/images/cap-elite.svg]
[kiierr.com/wp-content/themes/flatsome-child/assets/js/slick.minf522.js]
[kiierr.com/product-category/laser-cap/index0c80.html]
[kiierr.com/wp-content/themes/flatsome-child/assets/css/maine0da.css]
[kiierr.com/wp-content/themes/flatsome-child/style3d4a.css]
[kiierr.com/category/1-rated-fda-cleared-hair-loss-treatment/feed/index.html]
[kiierr.com/wp-content/themes/flatsome-child/assets/js/child-maine03f.js]
[cdn.jsdelivr.net/npm/slick-carousel@1.8.1/slick/slick.minbea7.js]
[kiierr.com/wp-json/wp/v2/categories/683.json]
[kiierr.com/category/images/shdow.png]
[kiierr.com/category/1-rated-fda-cleared-hair-loss-treatment/index.html]
[kiierr.com/wp-content/themes/flatsome-child/assets/js/slick.minb411.js]
[kiierr.com/wp-content/themes/flatsome-child/assets/css/mainbb6d.css]
[kiierr.com/wp-content/themes/flatsome-child/assets/js/child-main5f38.js]
[kiierr.com/category/balding-tips/feed/index.html]
[cdn.jsdelivr.net/npm/slick-carousel@1.8.1/slick/slick.min6c1e.js]
[kiierr.com/category/balding-tips/page/2/index.html]
[kiierr.com/wp-json/wp/v2/categories/567.json]
[kiierr.com/wp-content/uploads/2024/01/Home-5-1024x576.png]
[kiierr.com/wp-content/uploads/2024/01/Home-1-1024x576.png]
[kiierr.com/wp-content/uploads/2024/01/Home-1024x576.png]
[kiierr.com/wp-content/uploads/2023/12/Home-1024x576.png]
[kiierr.com/wp-content/uploads/2023/12/43-1024x576.png]
[kiierr.com/wp-content/uploads/2023/10/Home-2-1024x576.png]
[kiierr.com/wp-content/uploads/2023/10/Home-1024x576.png]
[kiierr.com/unveiling-the-marvel-of-kiierr-hair-fibers-a-comprehensive-guide-to-thicker-fuller-hair/index.html]
[kiierr.com/benefits-of-rosemary-oil-for-hair-growth/index.html]
[kiierr.com/benefits-of-rice-water-for-hair-growth/index.html]
[kiierr.com/wp-content/themes/flatsome-child/assets/js/slick.min3939.js]
[kiierr.com/category/balding-tips/index.html]
[kiierr.com/transforming-hair-health-a-customers-journey-with-kiierrs-272-premier-laser-cap/index.html]
[kiierr.com/kiierr-laser-caps-redefining-lifestyle-and-confidence/index.html]
[kiierr.com/unlocking-luscious-locks-kiierrs-new-collagen-powder/index.html]
[kiierr.com/best-saw-palmetto-for-hair-loss-kiierrs-saw-palmetto-is-1/index.html]
[kiierr.com/wp-content/themes/flatsome-child/assets/css/main65e8.css]
[kiierr.com/category/bosley-laser-cap/feed/index.html]
[kiierr.com/category/balding-tips/page/3/index.html]
[kiierr.com/the-5-things-you-dont-know-about-hair-loss/index.html]
[kiierr.com/wp-content/themes/flatsome-child/stylec3b0.css]
[kiierr.com/wp-content/themes/flatsome-child/assets/js/child-main08b6.js]
[cdn.jsdelivr.net/npm/slick-carousel@1.8.1/slick/slick.min8ac4.js]
[kiierr.com/wp-json/wp/v2/categories/393.json]
[kiierr.com/wp-content/uploads/2020/08/kiierr-vs-bosley-hair-products-1024x682.jpg]
[kiierr.com/category/bosley-laser-cap/index.html]
[kiierr.com/wp-content/themes/flatsome-child/assets/js/slick.min38dd.js]
[kiierr.com/tag/bosley-hair-growth-review/index.html]
[kiierr.com/tag/bosley-laser-cap-review/index.html]
[kiierr.com/tag/bosley-hair-product-reviews/index.html]
[kiierr.com/tag/bosley-hair-products-review/index.html]
[kiierr.com/wp-content/themes/flatsome-child/assets/css/main18ba.css]
[kiierr.com/category/breast-cancer-awareness/feed/index.html]
[kiierr.com/tag/bosley-revitalizer-review/index.html]
[kiierr.com/wp-content/themes/flatsome-child/styled6c9.css]
[kiierr.com/tag/kiierr-vs-bosley-hair-products/index.html]
[kiierr.com/wp-content/themes/flatsome-child/assets/js/child-mainb357.js]
[cdn.jsdelivr.net/npm/slick-carousel@1.8.1/slick/slick.min5d02.js]
[kiierr.com/wp-json/wp/v2/categories/147.json]
[kiierr.com/wp-content/uploads/2019/10/bigstock-October-Lettering-Design-With-321761956-1024x717.jpg]
[kiierr.com/category/breast-cancer-awareness/index.html]
[kiierr.com/wp-content/themes/flatsome-child/assets/js/slick.min0b67.js]
[kiierr.com/tag/breast-cancer/index.html]
[kiierr.com/go-pink-for-october/index.html]
[kiierr.com/tag/kab/index.html]
[kiierr.com/tag/kiierr/index.html]
[kiierr.com/wp-content/themes/flatsome-child/assets/css/mainac1b.css]
[kiierr.com/category/cayenne-pepper-for-hair-growth/feed/index.html]
[kiierr.com/tag/prevention/index.html]
[kiierr.com/wp-content/themes/flatsome-child/assets/js/child-mainbafd.js]
[cdn.jsdelivr.net/npm/slick-carousel@1.8.1/slick/slick.min41d8.js]
[kiierr.com/wp-json/wp/v2/categories/579.json]
[kiierr.com/category/cayenne-pepper-for-hair-growth/index.html]
[kiierr.com/wp-content/themes/flatsome-child/assets/js/slick.minba93.js]
[kiierr.com/wp-content/themes/flatsome-child/assets/css/maincbe4.css]
[kiierr.com/category/cowlick/feed/index.html]
[kiierr.com/cayenne-pepper-for-hair-growth/index.html]
[kiierr.com/wp-content/themes/flatsome-child/assets/js/child-mainf24d.js]
[kiierr.com/tag/cayenne-pepper-for-hair-growth/index.html]
[cdn.jsdelivr.net/npm/slick-carousel@1.8.1/slick/slick.min1d81.js]
[kiierr.com/wp-json/wp/v2/categories/568.json]
[kiierr.com/category/cowlick/index.html]
[kiierr.com/wp-content/themes/flatsome-child/assets/js/slick.minad98.js]
[kiierr.com/is-it-a-cowlick-or-am-i-going-bald/index.html]
[kiierr.com/tag/cowlick/index.html]
[kiierr.com/tag/balding-styling-tips/index.html]
[kiierr.com/tag/balding-tips/index.html]
[kiierr.com/wp-content/themes/flatsome-child/assets/css/main7e65.css]
[kiierr.com/category/dermaroller/feed/index.html]
[kiierr.com/wp-content/themes/flatsome-child/style23c5.css]
[kiierr.com/wp-content/themes/flatsome-child/assets/js/child-mainf5f5.js]
[cdn.jsdelivr.net/npm/slick-carousel@1.8.1/slick/slick.min5a5e.js]
[kiierr.com/wp-json/wp/v2/categories/390.json]
[kiierr.com/wp-content/uploads/2023/08/18-1024x576.png]
[kiierr.com/wp-content/themes/flatsome-child/assets/js/slick.min4b49.js]
[kiierr.com/exploring-hair-loss-treatments-oral-vs-topical-options/index.html]
[kiierr.com/dermaroller-for-hair-loss-does-it-work/index.html]
[kiierr.com/wp-includes/js/wp-embed.minbae6.js]
[kiierr.com/category/dermaroller/index.html]
[kiierr.com/tag/derma-roller-for-hair-loss/index.html]
[kiierr.com/tag/derma-roller-for-hair-loss-review/index.html]
[kiierr.com/tag/derma-roller/index.html]
[kiierr.com/tag/dermaroller/index.html]
[kiierr.com/tag/dermaroller-for-hair-loss/index.html]
[kiierr.com/wp-content/themes/flatsome-child/assets/css/mainf1e1.css]
[kiierr.com/tag/hair-growth/index.html]
[kiierr.com/tag/hair-loss/index.html]
[kiierr.com/wp-content/themes/flatsome-child/assets/js/child-maina82b.js]
[kiierr.com/tag/hair-loss-solution/index.html]
[kiierr.com/category/elon-musk-hair/feed/index.html]
[kiierr.com/tag/hair-treatment/index.html]
[kiierr.com/tag/kiierr-hair-derma-roller/index.html]
[cdn.jsdelivr.net/npm/slick-carousel@1.8.1/slick/slick.min0716.js]
[kiierr.com/wp-json/wp/v2/categories/611.json]
[kiierr.com/wp-content/uploads/2022/07/Elon-Musk-Hair-Transformation.png]
[kiierr.com/category/elon-musk-hair/index.html]
[kiierr.com/wp-content/themes/flatsome-child/assets/js/slick.min6bc9.js]
[kiierr.com/wp-content/themes/flatsome-child/assets/css/mainfab2.css]
[kiierr.com/wp-content/themes/flatsome-child/style85fa.css]
[kiierr.com/category/featured-article/feed/index.html]
[kiierr.com/how-elon-musk-restored-his-hair/index.html]
[kiierr.com/wp-content/themes/flatsome-child/assets/js/child-mainea32.js]
[cdn.jsdelivr.net/npm/slick-carousel@1.8.1/slick/slick.min9839.js]
[kiierr.com/wp-json/wp/v2/categories/682.json]
[kiierr.com/category/featured-article/index.html]
[kiierr.com/wp-content/themes/flatsome-child/assets/js/slick.minbfc1.js]
[kiierr.com/wp-content/themes/flatsome-child/assets/css/main589a.css]
[kiierr.com/wp-content/themes/flatsome-child/assets/js/child-maince92.js]
[kiierr.com/category/fenugreek-powder-for-hair-growth/feed/index.html]
[cdn.jsdelivr.net/npm/slick-carousel@1.8.1/slick/slick.min26ad.js]
[kiierr.com/wp-json/wp/v2/categories/580.json]
[kiierr.com/category/fenugreek-powder-for-hair-growth/index.html]
[kiierr.com/wp-content/themes/flatsome-child/assets/js/slick.min97d6.js]
[kiierr.com/wp-content/themes/flatsome-child/assets/css/main3a50.css]
[kiierr.com/fenugreek-powder-for-hair-growth/index.html]
[kiierr.com/category/fun-facts-about-hair/page/2/index.html]
[kiierr.com/wp-content/themes/flatsome-child/style0953.css]
[kiierr.com/category/fun-facts-about-hair/feed/index.html]
[kiierr.com/tag/fenugreek-powder-for-hair-growth/index.html]
[kiierr.com/wp-content/themes/flatsome-child/assets/js/child-main94d2.js]
[cdn.jsdelivr.net/npm/slick-carousel@1.8.1/slick/slick.min63c5.js]
[kiierr.com/wp-json/wp/v2/categories/88.json]
[kiierr.com/wp-content/uploads/2023/09/6-1024x576.png]
[kiierr.com/wp-content/uploads/2023/08/Home-2-1024x576.png]
[kiierr.com/wp-content/uploads/2023/07/38-1024x576.png]
[kiierr.com/category/fun-facts-about-hair/index.html]
[kiierr.com/wp-content/themes/flatsome-child/assets/js/slick.min79d4.js]
[kiierr.com/red-light-therapy-shedding-light-on-hair-regrowth/index.html]
[kiierr.com/wp-content/themes/flatsome-child/assets/css/maina67c.css]
[kiierr.com/category/fun-facts-about-hair/page/3/index.html]
[kiierr.com/unveiling-the-wonders-of-kiierr-laser-caps/index.html]
[kiierr.com/do-dht-blocking-shampoos-and-supplements-work/index.html]
[kiierr.com/wp-content/themes/flatsome-child/assets/js/child-mainfac6.js]
[kiierr.com/category/garlic-for-hair-growth/feed/index.html]
[kiierr.com/category/fun-facts-about-hair/page/4/index.html]
[cdn.jsdelivr.net/npm/slick-carousel@1.8.1/slick/slick.min16ec.js]
[kiierr.com/wp-json/wp/v2/categories/392.json]
[kiierr.com/wp-content/uploads/2020/04/garlic-for-hair-growth-scaled-1024x685.jpg]
[kiierr.com/category/garlic-for-hair-growth/index.html]
[kiierr.com/wp-content/themes/flatsome-child/assets/js/slick.min6be9.js]
[kiierr.com/garlic-for-hair-growth-does-it-work/index.html]
[kiierr.com/tag/benefits-of-garlic-for-hair-growth/index.html]
[kiierr.com/wp-content/themes/flatsome-child/assets/css/maindf0e.css]
[kiierr.com/tag/garlic-for-hair-growth-does-it-work/index.html]
[kiierr.com/tag/garlic-for-hair-growth/index.html]
[kiierr.com/wp-content/themes/flatsome-child/styled50b.css]
[kiierr.com/tag/garlic-for-hair-growth-review/index.html]
[kiierr.com/tag/garlic-hair-growth-before-and-after/index.html]
[kiierr.com/category/green-tea-for-hair-growth/feed/index.html]
[kiierr.com/wp-content/themes/flatsome-child/assets/js/child-mainb116.js]
[kiierr.com/tag/is-garlic-good-for-hair-growth/index.html]
[cdn.jsdelivr.net/npm/slick-carousel@1.8.1/slick/slick.min55d1.js]
[kiierr.com/wp-json/wp/v2/categories/600.json]
[kiierr.com/wp-content/uploads/2022/05/Green-Tea-for-Hair-Growth_--1024x724.png]
[kiierr.com/wp-content/themes/flatsome-child/assets/js/slick.mind38c.js]
[kiierr.com/category/green-tea-for-hair-growth/index.html]
[kiierr.com/green-tea-for-hair-growth/index.html]
[kiierr.com/wp-content/themes/flatsome-child/assets/css/main0085.css]
[kiierr.com/tag/green-tea-for-hair-growth/index.html]
[kiierr.com/tag/green-tea/index.html]
[kiierr.com/wp-content/themes/flatsome-child/style7a86.css]
[kiierr.com/category/hair-growth-tips/feed/index.html]
[kiierr.com/category/hair-growth-tips/page/2/index.html]
[kiierr.com/wp-content/themes/flatsome-child/assets/js/child-maina0b5.js]
[cdn.jsdelivr.net/npm/slick-carousel@1.8.1/slick/slick.minfc4e.js]
[kiierr.com/wp-json/wp/v2/categories/86.json]
[kiierr.com/wp-content/uploads/2024/04/Home-4-1024x576.png]
[kiierr.com/wp-content/uploads/2024/01/Home-8-1024x576.png]
[kiierr.com/category/hair-growth-tips/index.html]
[kiierr.com/wp-content/themes/flatsome-child/assets/js/slick.min3d6b.js]
[kiierr.com/author/jolene962/index.html]
[kiierr.com/unlock-your-hairs-potential-a-comprehensive-guide-to-kiierr-hair-growth-supplements/index.html]
[kiierr.com/wp-content/themes/flatsome-child/assets/css/main3489.css]
[kiierr.com/unlocking-the-secrets-to-lush-locks-the-harmony-of-laser-combs-and-scalp-massage/index.html]
[kiierr.com/nurturing-your-scalp-the-key-to-radiant-healthy-hair/index.html]
[kiierr.com/category/hair-growth-tips/page/3/index.html]
[kiierr.com/wp-content/themes/flatsome-child/style66e2.css]
[kiierr.com/category/hair-loss-myths/feed/index.html]
[kiierr.com/category/hair-growth-tips/page/4/index.html]
[kiierr.com/wp-content/themes/flatsome-child/assets/js/child-main6798.js]
[kiierr.com/category/hair-growth-tips/page/10/index.html]
[cdn.jsdelivr.net/npm/slick-carousel@1.8.1/slick/slick.minbfe3.js]
[kiierr.com/wp-json/wp/v2/categories/530.json]
[kiierr.com/wp-content/uploads/2023/06/Brown-Beauty-Product-Launch-Website-1024x576.png]
[kiierr.com/wp-content/uploads/2021/07/My-Dad-is-Bald-Will-I-go-Bald-1024x724.png]
[kiierr.com/wp-content/uploads/2021/05/Hair-loss-in-Your-20s-1.png]
[kiierr.com/wp-content/uploads/2019/05/4765D060-C3C4-4840-A7C1-32BD25FB207F.jpg]
[kiierr.com/kiierr-a-commitment-to-continuous-improvement-and-innovation/index.html]
[kiierr.com/tag/2021-hair-loss/index.html]
[kiierr.com/wp-content/themes/flatsome-child/assets/js/slick.min9e32.js]
[kiierr.com/category/hair-loss-myths/index.html]
[kiierr.com/my-dad-is-bald-will-i-go-bald-too/index.html]
[kiierr.com/tag/alopecia/index.html]
[kiierr.com/tag/baldness/index.html]
[kiierr.com/tag/do-laser-caps-work/index.html]
[kiierr.com/wp-content/themes/flatsome-child/assets/css/maincb6f.css]
[kiierr.com/tag/hair-loss-genetics/index.html]
[kiierr.com/tag/hair-loss-treatment/index.html]
[kiierr.com/wp-content/themes/flatsome-child/assets/js/child-mainde50.js]
[kiierr.com/tag/low-level-laser-light-therapy/index.html]
[kiierr.com/tag/stress-and-hair-loss/index.html]
[kiierr.com/hair-loss-in-your-20s/index.html]
[kiierr.com/tag/hair-loss-in-your-20s/index.html]
[cdn.jsdelivr.net/npm/slick-carousel@1.8.1/slick/slick.minfee6.js]
[kiierr.com/tag/hair-loss-tips/index.html]
[kiierr.com/tag/what-causes-hair-loss/index.html]
[kiierr.com/tag/kiierr-laser-caps/index.html]
[kiierr.com/wp-json/wp/v2/categories/605.json]
[kiierr.com/the-biggest-hair-loss-myths-and-what-makes-them-so-dangerous/index.html]
[kiierr.com/tag/dht/index.html]
[kiierr.com/what-is-dht-and-how-to-stop-it/index.html]
[kiierr.com/wp-content/uploads/2024/07/1-1-1024x576.png]
[kiierr.com/tag/why-am-i-losing-my-hair/index.html]
[kiierr.com/category/hair-loss-treatment/feed/index.html]
[kiierr.com/category/hair-loss-treatment/page/2/index.html]
[kiierr.com/wp-content/uploads/2024/01/Home-6-1024x576.png]
[kiierr.com/finding-the-best-shampoo-for-thinning-hair-and-hair-loss/index.html]
[kiierr.com/wp-content/themes/flatsome-child/assets/js/slick.min33c8.js]
[kiierr.com/category/hair-loss-treatment/index.html]
[kiierr.com/revitalizing-locks-sean-js-hair-growth-journey-with-kiierrs-272-premier-laser-cap/index.html]
[kiierr.com/category/hair-loss-treatment/page/3/index.html]
[kiierr.com/wp-content/themes/flatsome-child/assets/css/main7abe.css]
[kiierr.com/category/hair-loss-treatment/page/4/index.html]
[kiierr.com/wp-content/themes/flatsome-child/style8b1b.css]
[kiierr.com/category/hair-transplant/feed/index.html]
[kiierr.com/wp-content/themes/flatsome-child/assets/js/child-main9302.js]
[cdn.jsdelivr.net/npm/slick-carousel@1.8.1/slick/slick.minc204.js]
[kiierr.com/wp-json/wp/v2/categories/517.json]
[kiierr.com/wp-content/uploads/2023/08/34-1024x576.png]
[kiierr.com/wp-content/uploads/2023/06/CAN-HAIR-GROW-BACK-AFTER-BALDING-1024x576.png]
[kiierr.com/wp-content/uploads/2023/04/Home-1024x576.png]
[kiierr.com/wp-content/themes/flatsome-child/assets/js/slick.mina5c7.js]
[kiierr.com/category/hair-transplant/index.html]
[kiierr.com/unlock-the-potential-of-your-hair-with-kiierrs-dht-blocking-shampoo-and-conditioner/index.html]
[kiierr.com/74955-2/index.html]
[kiierr.com/covid-hair-loss-in-women-and-what-to-do/index.html]
[kiierr.com/wp-content/themes/flatsome-child/assets/css/main9433.css]
[kiierr.com/category/health-behind-hair/feed/index.html]
[kiierr.com/category/health-behind-hair/page/2/index.html]
[kiierr.com/wp-content/themes/flatsome-child/styled8cc.css]
[kiierr.com/wp-content/themes/flatsome-child/assets/js/child-mainb9c0.js]
[cdn.jsdelivr.net/npm/slick-carousel@1.8.1/slick/slick.min24ea.js]
[kiierr.com/wp-json/wp/v2/categories/87.json]
[kiierr.com/wp-content/themes/flatsome-child/assets/js/slick.minfe53.js]
[kiierr.com/category/health-behind-hair/index.html]
[kiierr.com/wp-content/themes/flatsome-child/assets/css/maindb84.css]
[kiierr.com/category/health-behind-hair/page/3/index.html]
[kiierr.com/category/health-behind-hair/page/6/index.html]
[kiierr.com/category/health-behind-hair/page/4/index.html]
[kiierr.com/wp-content/themes/flatsome-child/assets/js/child-maina494.js]
[kiierr.com/category/laser-cap-facts/feed/index.html]
[cdn.jsdelivr.net/npm/slick-carousel@1.8.1/slick/slick.min4803.js]
[kiierr.com/category/laser-cap-facts/page/2/index.html]
[kiierr.com/wp-json/wp/v2/categories/89.json]
[kiierr.com/wp-content/uploads/2024/01/Home-7-1024x576.png]
[kiierr.com/wp-content/uploads/2023/10/6-1024x576.png]
[kiierr.com/wp-content/uploads/2023/09/2-2-1024x576.png]
[kiierr.com/wp-content/uploads/2023/09/5-1024x576.png]
[kiierr.com/wp-content/uploads/2023/09/Blue-White-and-Black-Photographic-Environment-Charity-Non-Profit-Website-1024x576.png]
[kiierr.com/category/laser-cap-facts/index.html]
[kiierr.com/wp-content/themes/flatsome-child/assets/js/slick.min472c.js]
[kiierr.com/title-unveiling-the-truth-are-laser-caps-a-scam-separating-fact-from-fiction/index.html]
[kiierr.com/red-light-therapy-for-horses-a-comprehensive-guide/index.html]
[kiierr.com/choosing-the-right-kiierr-laser-cap-a-buyers-guide/index.html]
[kiierr.com/wp-content/themes/flatsome-child/assets/css/main9c72.css]
[kiierr.com/celebrate-famous-bald-icons-even-legends-might-have-wished-for-kiierr/index.html]
[kiierr.com/user-success-stories-transformative-journeys-with-laser-caps/index.html]
[kiierr.com/wp-content/themes/flatsome-child/styleee76.css]
[kiierr.com/category/laser-cap-facts/page/3/index.html]
[kiierr.com/category/laser-cap-facts/page/4/index.html]
[kiierr.com/wp-content/themes/flatsome-child/assets/js/child-main882a.js]
[kiierr.com/category/laser-caps/feed/index.html]
[kiierr.com/category/laser-cap-facts/page/5/index.html]
[kiierr.com/category/laser-caps/page/2/index.html]
[cdn.jsdelivr.net/npm/slick-carousel@1.8.1/slick/slick.min1736.js]
[kiierr.com/wp-json/wp/v2/categories/645.json]
[kiierr.com/wp-content/uploads/2024/04/Home-6-1024x576.png]
[kiierr.com/wp-content/uploads/2024/04/Home-1-1024x576.png]
[kiierr.com/wp-content/uploads/2023/10/Home-4-1024x576.png]
[kiierr.com/category/laser-caps/index.html]
[kiierr.com/wp-content/themes/flatsome-child/assets/js/slick.min4673.js]
[kiierr.com/introducing-the-kiierr-md-ultra-flex-laser-cap-elevating-hair-growth-to-new-heights/index.html]
[kiierr.com/wp-content/themes/flatsome-child/assets/css/main65df.css]
[kiierr.com/red-light-therapy-a-revolutionary-anti-aging-solution/index.html]
[kiierr.com/renewed-confidence-lenkas-journey-with-kiierrs-hair-regrowth-solutions/index.html]
[kiierr.com/unlocking-the-secret-to-hair-regrowth-penny-summers-remarkable-journey-with-kiierrs-laser-ca/index.html]
[kiierr.com/wp-content/themes/flatsome-child/assets/js/child-main0f7e.js]
[kiierr.com/category/laser-comb/feed/index.html]
[kiierr.com/category/laser-caps/page/3/index.html]
[cdn.jsdelivr.net/npm/slick-carousel@1.8.1/slick/slick.minfdae.js]
[kiierr.com/wp-json/wp/v2/categories/331.json]
[kiierr.com/wp-content/uploads/2023/02/The-Top-Hair-Growth-Devices-of-2023-Kiierr-Laser-Caps-1024x576.png]
[kiierr.com/wp-content/uploads/2020/07/laser-comb-for-hair-loss-1024x682.jpg]
[kiierr.com/category/laser-comb/index.html]
[kiierr.com/wp-content/themes/flatsome-child/assets/js/slick.min0530.js]
[kiierr.com/the-top-hair-growth-devices-of-2023/index.html]
[kiierr.com/tag/laser-caps/index.html]
[kiierr.com/tag/hairmax-laser-comb/index.html]
[kiierr.com/wp-content/themes/flatsome-child/assets/css/main0a6f.css]
[kiierr.com/tag/kiierr-vs-laser-comb/index.html]
[kiierr.com/tag/laser-comb/index.html]
[kiierr.com/wp-content/themes/flatsome-child/style88b5.css]
[kiierr.com/tag/laser-comb-for-hair-growth/index.html]
[kiierr.com/tag/laser-comb-for-hair-loss/index.html]
[kiierr.com/wp-content/themes/flatsome-child/assets/js/child-main785f.js]
[kiierr.com/tag/laser-comb-hairmax/index.html]
[kiierr.com/tag/laser-comb-reviews/index.html]
[kiierr.com/tag/lllt-laser-comb/index.html]
[kiierr.com/category/learning-hub/feed/index.html]
[kiierr.com/category/learning-hub/page/2/index.html]
[cdn.jsdelivr.net/npm/slick-carousel@1.8.1/slick/slick.min9f13.js]
[kiierr.com/wp-json/wp/v2/categories/612.json]
[kiierr.com/wp-content/uploads/2022/02/lllt-article4-1024x724.png]
[kiierr.com/wp-content/uploads/2021/08/Laser-Hair-Therapy-for-Dark-Skin-Tones-1024x724.png]
[kiierr.com/wp-content/uploads/2021/01/Hairmax-vs-Kiierr-1024x724.png]
[kiierr.com/wp-content/uploads/2021/01/Kiierr-vs.-iRestore-Reviews.png]
[kiierr.com/wp-content/uploads/2021/01/FDA-1024x614.png]
[kiierr.com/wp-content/uploads/2021/05/Kiierr-vs.-Theradome.png]
[kiierr.com/tag/laser-cap-vs/index.html]
[kiierr.com/tag/minoxidil/index.html]
[kiierr.com/tag/minoxidil-side-effects/index.html]
[kiierr.com/wp-content/themes/flatsome-child/assets/js/slick.min7358.js]
[kiierr.com/category/learning-hub/index.html]
[kiierr.com/tag/minoxidil-hair-loss/index.html]
[kiierr.com/tag/best-laser-cap/index.html]
[kiierr.com/tag/laser-light-therapy/index.html]
[kiierr.com/tag/lasercaps/index.html]
[kiierr.com/wp-content/themes/flatsome-child/assets/css/maind984.css]
[kiierr.com/tag/darker-skin/index.html]
[kiierr.com/tag/black-people/index.html]
[kiierr.com/wp-content/themes/flatsome-child/style7b09.css]
[kiierr.com/tag/darker-skin-color/index.html]
[kiierr.com/tag/darkerskin/index.html]
[kiierr.com/wp-content/themes/flatsome-child/assets/js/child-main9447.js]
[kiierr.com/tag/laser-cap/index.html]
[kiierr.com/tag/laser-caps-safe/index.html]
[kiierr.com/tag/skin/index.html]
[kiierr.com/tag/skin-color/index.html]
[kiierr.com/tag/hairmax-272/index.html]
[cdn.jsdelivr.net/npm/slick-carousel@1.8.1/slick/slick.min77b9.js]
[kiierr.com/tag/hairmax-cap-review/index.html]
[kiierr.com/tag/hairmax-laser-cap-review/index.html]
[kiierr.com/wp-json/wp/v2/categories/606.json]
[kiierr.com/tag/hairmax-laserband/index.html]
[kiierr.com/tag/hairmax-reviews/index.html]
[kiierr.com/tag/hairmax-vs-kiierr/index.html]
[kiierr.com/tag/kiierr-laser-cap/index.html]
[kiierr.com/wp-content/uploads/2023/11/Home-1024x576.png]
[kiierr.com/tag/hairmax-review/index.html]
[kiierr.com/tag/kiierr-laser-cap-for-hair-loss/index.html]
[kiierr.com/tag/irestore/index.html]
[kiierr.com/tag/irestore-laser-helmet-for-hair-growth-review/index.html]
[kiierr.com/wp-content/themes/flatsome-child/assets/js/slick.minc30b.js]
[kiierr.com/category/low-level-laser-therapy/index.html]
[kiierr.com/tag/irestore-review/index.html]
[kiierr.com/tag/kiierr-vs-irestore/index.html]
[kiierr.com/tag/hair-laser-caps/index.html]
[kiierr.com/tag/hair-loss-tips-and-treatments/index.html]
[kiierr.com/tag/healthy-hair/index.html]
[kiierr.com/wp-content/themes/flatsome-child/assets/css/main4cf5.css]
[kiierr.com/tag/lllt-for-hair-growth/index.html]
[kiierr.com/wp-content/themes/flatsome-child/assets/js/child-mainfde0.js]
[kiierr.com/tag/hair-growth-cap/index.html]
[kiierr.com/tag/laser-cap-for-hair-loss/index.html]
[kiierr.com/tag/theradome/index.html]
[cdn.jsdelivr.net/npm/slick-carousel@1.8.1/slick/slick.mind5ca.js]
[kiierr.com/tag/theradome-laser-cap/index.html]
[kiierr.com/tag/theradome-laser-helmet/index.html]
[kiierr.com/wp-json/wp/v2/categories/157.json]
[kiierr.com/tag/theradome-laser-helmet-review/index.html]
[kiierr.com/tag/theradome-reviews/index.html]
[kiierr.com/category/learning-hub/page/3/index.html]
[kiierr.com/category/learning-hub/page/4/index.html]
[kiierr.com/tag/theradome-review/index.html]
[kiierr.com/category/low-level-laser-therapy/feed/index.html]
[kiierr.com/category/learning-hub/page/5/index.html]
[kiierr.com/wp-content/themes/flatsome-child/assets/js/slick.min616f.js]
[kiierr.com/category/low-level-light-therapy/index.html]
[kiierr.com/category/low-level-laser-therapy/page/2/index.html]
[kiierr.com/category/low-level-light-therapy/feed/index.html]
[kiierr.com/category/low-level-laser-therapy/page/3/index.html]
[kiierr.com/unveiling-red-light-therapy-solutions-for-athlete-recovery/index.html]
[kiierr.com/wp-content/themes/flatsome-child/assets/css/maind1f4.css]
[kiierr.com/category/low-level-light-therapy/page/2/index.html]
[kiierr.com/category/minoxidil/feed/index.html]
[kiierr.com/category/low-level-light-therapy/page/3/index.html]
[kiierr.com/wp-content/themes/flatsome-child/style7c2a.css]
[kiierr.com/category/low-level-light-therapy/page/4/index.html]
[kiierr.com/wp-content/themes/flatsome-child/assets/js/child-main8559.js]
[cdn.jsdelivr.net/npm/slick-carousel@1.8.1/slick/slick.min24bd.js]
[kiierr.com/wp-json/wp/v2/categories/595.json]
[kiierr.com/category/minoxidil/index.html]
[kiierr.com/wp-content/themes/flatsome-child/assets/js/slick.min6591.js]
[kiierr.com/wp-content/themes/flatsome-child/assets/css/main47ee.css]
[kiierr.com/wp-content/themes/flatsome-child/style6f12.css]
[kiierr.com/wp-content/themes/flatsome-child/assets/js/child-mainbe16.js]
[cdn.jsdelivr.net/npm/slick-carousel@1.8.1/slick/slick.min8a78.js]
[kiierr.com/category/natural-hair-care-tips/feed/index.html]
[kiierr.com/wp-json/wp/v2/categories/34.json]
[kiierr.com/wp-content/uploads/2023/04/Neutral-Luxury-Jewelry-Promotion-Banner-77-×-33-in-2-1024x439.png]
[kiierr.com/category/natural-hair-care-tips/page/2/index.html]
[kiierr.com/category/natural-hair-care-tips/index.html]
[kiierr.com/wp-content/themes/flatsome-child/assets/js/slick.min6345.js]
[kiierr.com/wp-content/themes/flatsome-child/assets/css/mainc3fb.css]
[kiierr.com/unlock-the-secret-to-healthy-hair-with-kiierr-hair-growth-supplements/index.html]
[kiierr.com/category/prp/feed/index.html]
[kiierr.com/wp-content/themes/flatsome-child/assets/js/child-main6810.js]
[kiierr.com/category/natural-hair-care-tips/page/3/index.html]
[cdn.jsdelivr.net/npm/slick-carousel@1.8.1/slick/slick.minc22f.js]
[kiierr.com/wp-json/wp/v2/categories/604.json]
[kiierr.com/category/prp/index.html]
[kiierr.com/wp-content/themes/flatsome-child/assets/js/slick.min3a3c.js]
[kiierr.com/wp-content/themes/flatsome-child/assets/css/main58cc.css]
[kiierr.com/wp-content/themes/flatsome-child/style1e6b.css]
[kiierr.com/wp-content/themes/flatsome-child/assets/js/child-maina7c9.js]
[cdn.jsdelivr.net/npm/slick-carousel@1.8.1/slick/slick.min9ad3.js]
[kiierr.com/category/red-light-therapy-for-hair-loss/feed/index.html]
[kiierr.com/wp-json/wp/v2/categories/342.json]
[kiierr.com/category/red-light-therapy-for-hair-loss/index.html]
[kiierr.com/wp-content/themes/flatsome-child/assets/js/slick.minbf6b.js]
[kiierr.com/category/red-light-therapy-for-hair-loss/page/2/index.html]
[kiierr.com/wp-content/themes/flatsome-child/assets/css/mainbe1d.css]
[kiierr.com/wp-content/themes/flatsome-child/style134b.css]
[kiierr.com/category/selenium-for-hair-loss/feed/index.html]
[kiierr.com/wp-content/themes/flatsome-child/assets/js/child-mainf607.js]
[kiierr.com/category/red-light-therapy-for-hair-loss/page/3/index.html]
[cdn.jsdelivr.net/npm/slick-carousel@1.8.1/slick/slick.minb56b.js]
[kiierr.com/wp-json/wp/v2/categories/426.json]
[kiierr.com/category/selenium-for-hair-loss/index.html]
[kiierr.com/wp-content/themes/flatsome-child/assets/js/slick.min8e1a.js]
[kiierr.com/benefits-of-selenium-for-hair-loss-the-truth/index.html]
[kiierr.com/tag/can-selenium-cause-hair-loss/index.html]
[kiierr.com/tag/selenium-200-for-hair-loss/index.html]
[kiierr.com/wp-content/themes/flatsome-child/assets/css/maindbf7.css]
[kiierr.com/tag/does-selenium-cause-hair-loss/index.html]
[kiierr.com/tag/selenium-for-hair-loss/index.html]
[kiierr.com/wp-content/themes/flatsome-child/assets/js/child-main4e9c.js]
[kiierr.com/tag/selenium-hair-loss-reversible/index.html]
[kiierr.com/tag/selenium-sulfide-for-hair-loss/index.html]
[kiierr.com/category/spinach-for-hair-growth/feed/index.html]
[kiierr.com/tag/zinc-and-selenium-for-hair-loss/index.html]
[cdn.jsdelivr.net/npm/slick-carousel@1.8.1/slick/slick.minb1b9.js]
[kiierr.com/wp-json/wp/v2/categories/582.json]
[kiierr.com/wp-content/themes/flatsome-child/assets/js/slick.mind8b1.js]
[kiierr.com/category/spinach-for-hair-growth/index.html]
[kiierr.com/is-spinach-good-for-hair-loss/index.html]
[kiierr.com/tag/does-spinach-help-hair-growth/index.html]
[kiierr.com/tag/spinach-for-hair-loss/index.html]
[kiierr.com/wp-content/themes/flatsome-child/assets/css/maindaa4.css]
[kiierr.com/category/stinging-nettle/feed/index.html]
[kiierr.com/tag/spinach-for-hair-growth/index.html]
[kiierr.com/wp-content/themes/flatsome-child/styled7a7.css]
[kiierr.com/wp-content/themes/flatsome-child/assets/js/child-main86ef.js]
[cdn.jsdelivr.net/npm/slick-carousel@1.8.1/slick/slick.min7158.js]
[kiierr.com/wp-json/wp/v2/categories/391.json]
[kiierr.com/wp-content/uploads/2020/01/stinging-nettle-for-hair-loss.png]
[kiierr.com/wp-content/themes/flatsome-child/assets/js/slick.minc58c.js]
[kiierr.com/category/stinging-nettle/index.html]
[kiierr.com/stinging-nettle-root-for-hair-loss-will-it-work-for-you/index.html]
[kiierr.com/tag/nettle-root-for-hair-growth/index.html]
[kiierr.com/tag/alternative-for-hair-loss/index.html]
[kiierr.com/tag/nettle-root/index.html]
[kiierr.com/tag/nettle-root-for-hair-loss/index.html]
[kiierr.com/wp-content/themes/flatsome-child/assets/css/main277b.css]
[kiierr.com/tag/nettle-root-hair-growth-review/index.html]
[kiierr.com/wp-content/themes/flatsome-child/style7129.css]
[kiierr.com/tag/stinging-nettle-root-for-hair-loss/index.html]
[kiierr.com/tag/stinging-nettle-for-hair-loss/index.html]
[kiierr.com/category/testimonials/feed/index.html]
[kiierr.com/tag/stinging-nettle-root-for-hair-loss-review/index.html]
[kiierr.com/wp-content/themes/flatsome-child/assets/js/child-main6fa7.js]
[cdn.jsdelivr.net/npm/slick-carousel@1.8.1/slick/slick.min1a67.js]
[kiierr.com/wp-json/wp/v2/categories/66.json]
[kiierr.com/wp-content/uploads/2023/03/2-1024x576.png]
[kiierr.com/category/testimonials/index.html]
[kiierr.com/wp-content/themes/flatsome-child/assets/js/slick.min7064.js]
[kiierr.com/wp-content/themes/flatsome-child/assets/css/mainaf9f.css]
[kiierr.com/category/tips-to-look-feel-great/feed/index.html]
[kiierr.com/what-are-the-best-hair-growth-supplements/index.html]
[kiierr.com/wp-content/themes/flatsome-child/assets/js/child-main3b72.js]
[kiierr.com/category/tips-to-look-feel-great/page/2/index.html]
[cdn.jsdelivr.net/npm/slick-carousel@1.8.1/slick/slick.min9d76.js]
[kiierr.com/wp-json/wp/v2/categories/39.json]
[kiierr.com/wp-content/uploads/2021/07/How-much-hair-loss-is-normal-1024x724.png]
[kiierr.com/wp-content/uploads/2021/07/4-Ways-to-Deal-With-Hair-Loss-as-a-New-Mom-1024x724.png]
[kiierr.com/wp-content/uploads/2021/06/What-Can-Cause-Sudden-and-Rapid-Onset-of-Hair-Loss-1024x724.png]
[kiierr.com/wp-content/uploads/2021/06/Non-Surgical-Alternatives-to-Hair-Transplants-1024x724.png]
[kiierr.com/wp-content/uploads/2021/05/Top-4-Natural-Home-Remedies-for-Hair-Growth.png]
[kiierr.com/hair-growing-slowly-here-are-17-ways-to-make-it-grow-faster/index.html]
[kiierr.com/tag/normal-vs-excessive-hair-loss/index.html]
[kiierr.com/4-ways-to-fight-postpartum-hair-loss/index.html]
[kiierr.com/tag/hair-loss-in-women/index.html]
[kiierr.com/wp-content/themes/flatsome-child/assets/js/slick.minb86c.js]
[kiierr.com/category/tips-to-look-feel-great/index.html]
[kiierr.com/how-much-hair-loss-is-normal/index.html]
[kiierr.com/tag/hair-shedding/index.html]
[kiierr.com/tag/postpartum/index.html]
[kiierr.com/tag/postpartum-hair-loss/index.html]
[kiierr.com/wp-content/themes/flatsome-child/assets/css/main5ce0.css]
[kiierr.com/what-can-cause-sudden-and-rapid-onset-of-hair-loss/index.html]
[kiierr.com/alternatives-to-hair-transplants/index.html]
[kiierr.com/wp-content/themes/flatsome-child/stylefd6a.css]
[kiierr.com/tag/hair-transplants/index.html]
[kiierr.com/tag/hair-transplants-vs-laser-caps/index.html]
[kiierr.com/wp-content/themes/flatsome-child/assets/js/child-main61a5.js]
[kiierr.com/top-4-natural-home-remedies-for-hair-growth/index.html]
[kiierr.com/tag/best-home-remedy-for-hair-growth/index.html]
[kiierr.com/tag/hair-regrowth/index.html]
[kiierr.com/tag/regrow-hair/index.html]
[kiierr.com/category/uncategorized/feed/index.html]
[cdn.jsdelivr.net/npm/slick-carousel@1.8.1/slick/slick.min4db6.js]
[kiierr.com/category/uncategorized/page/2/index.html]
[kiierr.com/wp-json/wp/v2/categories/1.json]
[kiierr.com/wp-content/uploads/2024/08/1-1024x576.png]
[kiierr.com/wp-content/uploads/2023/03/Can-hair-grow-back-after-balding-Kiierr-laser-caps-1024x576.png]
[kiierr.com/wp-content/uploads/2020/09/alopecia.jpg]
[kiierr.com/wp-content/uploads/2018/09/2F01685D-01B2-4B1E-B928-D70A9E52C9F6.jpg]
[kiierr.com/wp-content/uploads/2019/09/E3CDAA76-7E8F-4500-B412-0F02223D2F09.jpg]
[kiierr.com/category/uncategorized/index.html]
[kiierr.com/wp-content/themes/flatsome-child/assets/js/slick.min9738.js]
[kiierr.com/laser-hair-loss-treatments-irestore-hairmax-and-kiierr-compared/index.html]
[kiierr.com/can-hair-grow-back-after-balding/index.html]
[kiierr.com/what-is-alopecia-causes-symptoms-and-treatments/index.html]
[kiierr.com/wp-content/themes/flatsome-child/assets/css/maine80a.css]
[kiierr.com/7-foods-for-fabulous-hair/index.html]
[kiierr.com/wp-content/themes/flatsome-child/styleffae.css]
[kiierr.com/tag/vitamins/index.html]
[kiierr.com/tag/proteins/index.html]
[kiierr.com/wp-content/themes/flatsome-child/assets/js/child-mainfa62.js]
[kiierr.com/alopecia-awareness-month/index.html]
[kiierr.com/category/womens-hair-loss/feed/index.html]
[kiierr.com/category/womens-hair-loss/page/2/index.html]
[cdn.jsdelivr.net/npm/slick-carousel@1.8.1/slick/slick.min094d.js]
[kiierr.com/wp-json/wp/v2/categories/646.json]
[kiierr.com/category/womens-hair-loss/index.html]
[kiierr.com/wp-content/themes/flatsome-child/assets/js/slick.min466d.js]
[kiierr.com/wp-content/themes/flatsome-child/assets/css/maine3b8.css]
[kiierr.com/wp-content/themes/flatsome-child/style8be5.css]
[kiierr.com/wp-content/themes/flatsome-child/assets/js/child-mainf91a.js]
[kiierr.com/product/kiierr-dht-blocking-shampoo-and-conditioner-bundle/feed/index.html]
[cdn.jsdelivr.net/npm/slick-carousel@1.8.1/slick/slick.min276a.js]
[kiierr.com/category/womens-hair-loss/page/3/index.html]
[kiierr.com/wp-json/wp/v2/product/56332.json]
[kiierr.com/wp-json/oembed/1.0/embed5483.json]
[kiierr.com/wp-json/oembed/1.0/embedfb1f]
[kiierr.com/wp-content/uploads/2024/02/12.png]
[kiierr.com/wp-content/uploads/2018/09/Thumbnail-1-1.jpg]
[kiierr.com/wp-content/uploads/2018/09/Thumbnail-1-1-800x800.jpg]
[kiierr.com/wp-content/uploads/2024/02/11.png]
[kiierr.com/wp-content/uploads/2018/09/Thumbnail-1.jpg]
[kiierr.com/wp-content/uploads/2018/09/Thumbnail-1-800x800.jpg]
[kiierr.com/wp-content/uploads/2018/09/Thumbnail-3.jpg]
[kiierr.com/wp-content/uploads/2018/09/Thumbnail-3-800x800.jpg]
[kiierr.com/wp-content/uploads/2018/09/Thumbnail-3-1.jpg]
[kiierr.com/wp-content/uploads/2018/09/Thumbnail-3-1-800x800.jpg]
[kiierr.com/wp-content/uploads/2018/09/Thumbnail-2.jpg]
[kiierr.com/wp-content/uploads/2018/09/Thumbnail-2-800x800.jpg]
[kiierr.com/wp-content/uploads/2018/09/Thumbnail-4-1.jpg]
[kiierr.com/wp-content/uploads/2018/09/Thumbnail-4-1-800x800.jpg]
[kiierr.com/wp-content/uploads/2024/02/1-4-100x100.png]
[kiierr.com/product/kiierr-dht-blocking-shampoo-and-conditioner-bundle/index.html]
[kiierr.com/wp-content/themes/flatsome-child/assets/js/slick.min9b33.js]
[kiierr.com/wp-content/themes/flatsome-child/assets/css/main5d27.css]
[kiierr.com/wp-content/themes/flatsome-child/stylefa42.css]
[kiierr.com/wp-content/themes/flatsome-child/assets/js/child-mainc817.js]
[cdn.jsdelivr.net/npm/slick-carousel@1.8.1/slick/slick.minaff4.js]
[kiierr.com/product/kiierr-laser-hair-growth-products/indexba6e.html]
[kiierr.com/wp-content/themes/flatsome-child/assets/js/slick.min7018.js]
[kiierr.com/product-category/hair-growth-products/index.html]
[kiierr.com/wp-content/themes/flatsome-child/assets/css/main5490.css]
[kiierr.com/product/kiierr-dht-blocking-shampoo-and-conditioner-bundle/indexba6e.html]
[kiierr.com/wp-content/themes/flatsome-child/assets/js/child-main3fa7.js]
[cdn.jsdelivr.net/npm/slick-carousel@1.8.1/slick/slick.min61d6.js]
[kiierr.com/wp-json/wp/v2/product/60541.json]
[kiierr.com/wp-json/oembed/1.0/embed4613.json]
[kiierr.com/wp-json/oembed/1.0/embed7ac3]
[kiierr.com/wp-content/uploads/2024/02/Collagen-Gummies-1.jpg]
[kiierr.com/wp-content/uploads/2024/02/6.png]
[kiierr.com/wp-content/uploads/2024/02/Collagen-Gummies-1-100x100.jpg]
[kiierr.com/product/kiierr-collagen-gummies-for-hair-growth-subscription/index.html]
[kiierr.com/wp-content/themes/flatsome-child/assets/js/slick.min9303.js]
[kiierr.com/wp-content/themes/flatsome-child/assets/css/mainfbfd.css]
[kiierr.com/wp-content/themes/flatsome-child/styled9a4.css]
[kiierr.com/product/exclusive-kiierr-hair-growth-products-one-time-offer-bundle-offer/feed/index.html]
[kiierr.com/wp-content/themes/flatsome-child/assets/js/child-main71f4.js]
[cdn.jsdelivr.net/npm/slick-carousel@1.8.1/slick/slick.minae37.js]
[kiierr.com/wp-json/wp/v2/product/70937.json]
[kiierr.com/product/kiierr-collagen-gummies-for-hair-growth-subscription/indexd40f.html]
[kiierr.com/wp-json/oembed/1.0/embeddbd3.json]
[kiierr.com/wp-json/oembed/1.0/embedfa40]
[kiierr.com/wp-content/uploads/2024/02/3-2.png]
[kiierr.com/wp-content/uploads/2019/08/Thumbnail-1.jpg]
[kiierr.com/wp-content/uploads/2019/08/Thumbnail-1-800x800.jpg]
[kiierr.com/wp-content/uploads/2024/02/9.png]
[kiierr.com/wp-content/uploads/2018/09/Thumbnail-1-2.jpg]
[kiierr.com/wp-content/uploads/2018/09/Thumbnail-1-2-800x800.jpg]
[kiierr.com/wp-content/uploads/2024/02/5.png]
[kiierr.com/wp-content/uploads/2018/09/Thumbnail-2-2.jpg]
[kiierr.com/wp-content/uploads/2018/09/Thumbnail-2-2-800x800.jpg]
[kiierr.com/wp-content/uploads/2024/02/3-2-100x100.png]
[kiierr.com/product/exclusive-kiierr-hair-growth-products-one-time-offer-bundle-offer/index.html]
[kiierr.com/wp-content/themes/flatsome-child/assets/js/slick.min90bd.js]
[kiierr.com/wp-content/themes/flatsome-child/assets/css/main006a.css]
[kiierr.com/wp-content/themes/flatsome-child/assets/js/child-maindb24.js]
[cdn.jsdelivr.net/npm/slick-carousel@1.8.1/slick/slick.min56fe.js]
[kiierr.com/product/kiierr-laser-hair-growth-products/index6b25.html]
[kiierr.com/wp-content/themes/flatsome-child/assets/js/slick.min356c.js]
[kiierr.com/product-category/one-time-offer/index.html]
[kiierr.com/wp-content/themes/flatsome-child/assets/css/main00af.css]
[kiierr.com/product/exclusive-kiierr-hair-growth-products-one-time-offer-bundle-offer/indexcadb.html]
[kiierr.com/wp-content/themes/flatsome-child/styleec4b.css]
[kiierr.com/wp-content/themes/flatsome-child/assets/js/child-mainbfa9.js]
[cdn.jsdelivr.net/npm/slick-carousel@1.8.1/slick/slick.minced1.js]
[kiierr.com/wp-json/wp/v2/product/60579.json]
[kiierr.com/wp-json/oembed/1.0/embed84bf.json]
[kiierr.com/wp-json/oembed/1.0/embed4402]
[kiierr.com/product/kiierr-hair-growth-products-max-hair-growth-supplements-bundle-subscription/index.html]
[kiierr.com/wp-content/themes/flatsome-child/assets/css/mainf6dc.css]
[kiierr.com/wp-content/themes/flatsome-child/style0133.css]
[kiierr.com/wp-content/themes/flatsome-child/assets/js/slick.mine06a.js]
[kiierr.com/wp-content/themes/flatsome-child/assets/css/maind6f0.css]
[kiierr.com/wp-content/themes/flatsome-child/stylef18b.css]
[kiierr.com/wp-content/themes/flatsome-child/assets/js/child-mainf0f6.js]
[cdn.jsdelivr.net/npm/slick-carousel@1.8.1/slick/slick.mina775.js]
[kiierr.com/wp-json/wp/v2/product/60552.json]
[kiierr.com/wp-json/oembed/1.0/embed7361.json]
[kiierr.com/product/kiierr-hair-growth-products-max-hair-growth-supplements-bundle-subscription/indexbf4b.html]
[kiierr.com/wp-json/oembed/1.0/embed9281]
[kiierr.com/wp-content/uploads/2019/08/Thumbnail-3.jpg]
[kiierr.com/wp-content/uploads/2019/08/Thumbnail-3-800x800.jpg]
[kiierr.com/wp-content/uploads/2019/08/Thumbnail-4.jpg]
[kiierr.com/wp-content/uploads/2019/08/Thumbnail-4-800x800.jpg]
[kiierr.com/wp-content/uploads/2019/08/Thumbnail-5.jpg]
[kiierr.com/wp-content/uploads/2019/08/Thumbnail-5-800x800.jpg]
[kiierr.com/wp-content/uploads/2019/08/Thumbnail-2.jpg]
[kiierr.com/wp-content/uploads/2019/08/Thumbnail-2-800x800.jpg]
[kiierr.com/wp-content/uploads/2024/02/Biotin-Gummies-2-100x100.jpg]
[kiierr.com/product/kiierr-biotin-gummies-for-hair-growth-subscription/index.html]
[kiierr.com/wp-content/themes/flatsome-child/assets/js/slick.min9d82.js]
[kiierr.com/wp-content/themes/flatsome-child/assets/css/mainb8d1.css]
[kiierr.com/product/kiierr-daily-biotin-gummies-for-hair-growth/feed/index.html]
[kiierr.com/wp-content/themes/flatsome-child/style0093.css]
[kiierr.com/wp-content/themes/flatsome-child/assets/js/child-main44ef.js]
[cdn.jsdelivr.net/npm/slick-carousel@1.8.1/slick/slick.mined74.js]
[kiierr.com/wp-json/wp/v2/product/100015.json]
[kiierr.com/wp-json/oembed/1.0/embed81bd.json]
[kiierr.com/product/kiierr-biotin-gummies-for-hair-growth-subscription/indexbf4b.html]
[kiierr.com/wp-json/oembed/1.0/embedf544]
[kiierr.com/wp-content/themes/flatsome-child/assets/js/slick.min477b.js]
[kiierr.com/product/kiierr-daily-biotin-gummies-for-hair-growth/index.html]
[kiierr.com/wp-content/themes/flatsome-child/assets/css/mainac6e.css]
[kiierr.com/product/kiierr-daily-biotin-gummies-for-hair-growth/index4c4f.html]
[kiierr.com/wp-content/themes/flatsome-child/assets/js/child-main8963.js]
[kiierr.com/product/kiierr-daily-biotin-gummies-for-hair-growth/indexe113.html]
[kiierr.com/product/kiierr-daily-biotin-gummies-for-hair-growth/index8c02.html]
[cdn.jsdelivr.net/npm/slick-carousel@1.8.1/slick/slick.min50db.js]
[kiierr.com/product/kiierr-laser-hair-growth-products/indexbf4b.html]
[kiierr.com/wp-content/themes/flatsome-child/assets/js/slick.mind825.js]
[kiierr.com/wp-content/themes/flatsome-child/assets/css/main161f.css]
[kiierr.com/wp-content/themes/flatsome-child/assets/js/child-main80a3.js]
[cdn.jsdelivr.net/npm/slick-carousel@1.8.1/slick/slick.min3c12.js]
[kiierr.com/wp-json/wp/v2/product/60570.json]
[kiierr.com/wp-json/oembed/1.0/embedc142.json]
[kiierr.com/wp-json/oembed/1.0/embedc4a4]
[kiierr.com/product/kiierr-laser-hair-growth-products/index3c75.html]
[kiierr.com/wp-content/uploads/2024/02/DHT-Blocking-Conditioner-2-100x100.jpg]
[kiierr.com/product/kiierr-dht-conditioner-for-hair-growth-subscription/index.html]
[kiierr.com/product/kiierr-super-hair-growth-collagen-autoship/index.html]
[kiierr.com/wp-content/themes/flatsome-child/assets/js/slick.min624a.js]
[kiierr.com/wp-content/themes/flatsome-child/assets/css/mainc5b2.css]
[kiierr.com/wp-content/themes/flatsome-child/style0861.css]
[kiierr.com/wp-content/themes/flatsome-child/assets/js/child-maincf82.js]
[cdn.jsdelivr.net/npm/slick-carousel@1.8.1/slick/slick.min52f5.js]
[kiierr.com/product/kiierr-dht-conditioner-for-hair-growth-subscription/indexbf4b.html]
[kiierr.com/product/kiierr-laser-hair-growth-products/indexcadb.html]
[kiierr.com/wp-content/themes/flatsome-child/assets/css/main5cdc.css]
[kiierr.com/wp-content/themes/flatsome-child/stylec0fc.css]
[kiierr.com/wp-content/themes/flatsome-child/assets/js/slick.min1d6b.js]
[kiierr.com/product/kiierr-dht-conditioner-for-hair-growth-subscription/indexba6e.html]
[kiierr.com/wp-content/themes/flatsome-child/assets/css/main0ab8.css]
[kiierr.com/wp-content/themes/flatsome-child/stylebac8.css]
[kiierr.com/wp-content/themes/flatsome-child/assets/js/child-main6388.js]
[kiierr.com/product/kiierr-omega-369-for-hair-growth/feed/index.html]
[cdn.jsdelivr.net/npm/slick-carousel@1.8.1/slick/slick.mindfe2.js]
[kiierr.com/wp-json/wp/v2/product/43805.json]
[kiierr.com/wp-json/oembed/1.0/embeddff0.json]
[kiierr.com/wp-json/oembed/1.0/embedd280]
[kiierr.com/wp-content/uploads/2024/02/Omega-369-2.jpg]
[kiierr.com/wp-content/uploads/2024/02/8.png]
[kiierr.com/wp-content/uploads/2021/04/Thumbnail-1-1.jpg]
[kiierr.com/wp-content/uploads/2021/04/Thumbnail-1-1-800x800.jpg]
[kiierr.com/wp-content/uploads/2021/04/Thumbnail-5-1.jpg]
[kiierr.com/wp-content/uploads/2021/04/Thumbnail-5-1-800x800.jpg]
[kiierr.com/wp-content/uploads/2021/04/Thumbnail-2-1.jpg]
[kiierr.com/wp-content/uploads/2021/04/Thumbnail-2-1-800x800.jpg]
[kiierr.com/wp-content/uploads/2021/04/Thumbnail-3.jpg]
[kiierr.com/wp-content/uploads/2021/04/Thumbnail-3-800x800.jpg]
[kiierr.com/wp-content/uploads/2021/04/Thumbnail-4-1.jpg]
[kiierr.com/wp-content/uploads/2021/04/Thumbnail-4-1-800x800.jpg]
[kiierr.com/wp-content/uploads/2024/02/DHT2.jpg]
[kiierr.com/wp-content/uploads/2024/02/Omega-369-2-100x100.jpg]
[kiierr.com/product/kiierr-omega-369-for-hair-growth/index.html]
[kiierr.com/product/dualwave-laser-cap/index.html]
[kiierr.com/wp-content/themes/flatsome-child/assets/css/main837c.css]
[kiierr.com/wp-content/themes/flatsome-child/style3f09.css]
[kiierr.com/index7da6.html]
[kiierr.com/wp-content/themes/flatsome-child/assets/js/slick.min5617.js]
[kiierr.com/wp-content/themes/flatsome-child/assets/css/mained94.css]
[kiierr.com/wp-content/themes/flatsome-child/style7517.css]
[kiierr.com/wp-content/themes/flatsome-child/assets/js/child-main7060.js]
[cdn.jsdelivr.net/npm/slick-carousel@1.8.1/slick/slick.minfadd.js]
[kiierr.com/product-category/new-hair-growth-supplements/index.html]
[kiierr.com/hair-growth-supplements/index6b25.html]
[kiierr.com/wp-content/themes/flatsome-child/assets/js/slick.min7fbb.js]
[kiierr.com/wp-content/themes/flatsome-child/assets/css/mainb2c7.css]
[kiierr.com/wp-content/themes/flatsome-child/assets/js/child-mainc8b1.js]
[cdn.jsdelivr.net/npm/slick-carousel@1.8.1/slick/slick.mina591.js]
[kiierr.com/hair-growth-supplements/indexba6e.html]
[kiierr.com/wp-content/themes/flatsome-child/assets/js/slick.minb644.js]
[kiierr.com/wp-content/themes/flatsome-child/assets/css/main0f54.css]
[kiierr.com/wp-content/themes/flatsome-child/style7fdb.css]
[kiierr.com/product/kiierr-dht-blocking-hair-growth-vitamins/feed/index.html]
[kiierr.com/wp-content/themes/flatsome-child/assets/js/child-maind730.js]
[cdn.jsdelivr.net/npm/slick-carousel@1.8.1/slick/slick.min185f.js]
[kiierr.com/wp-json/wp/v2/product/11453.json]
[kiierr.com/wp-json/oembed/1.0/embed8baa.json]
[kiierr.com/wp-json/oembed/1.0/embed216e]
[kiierr.com/wp-content/uploads/2018/09/Thumbnail-3-2.jpg]
[kiierr.com/wp-content/uploads/2018/09/Thumbnail-3-2-800x800.jpg]
[kiierr.com/wp-content/uploads/2018/09/Thumbnail-4-2.jpg]
[kiierr.com/wp-content/uploads/2018/09/Thumbnail-4-2-800x800.jpg]
[kiierr.com/wp-content/uploads/2018/09/Thumbnail-5-2.jpg]
[kiierr.com/wp-content/uploads/2018/09/Thumbnail-5-2-800x800.jpg]
[kiierr.com/wp-content/uploads/2024/02/Saw-Palmetto-2.jpg]
[kiierr.com/wp-content/uploads/2024/02/DHT2-100x100.jpg]
[kiierr.com/product/kiierr-dht-blocking-hair-growth-vitamins/index.html]
[kiierr.com/wp-content/themes/flatsome-child/assets/js/slick.mina60a.js]
[kiierr.com/wp-content/themes/flatsome-child/assets/css/main59c3.css]
[kiierr.com/wp-content/themes/flatsome-child/style6ac6.css]
[kiierr.com/product/kiierr-biotin-gummies/feed/index.html]
[kiierr.com/wp-content/themes/flatsome-child/assets/js/child-mainad69.js]
[kiierr.com/product/kiierr-dht-blocking-hair-growth-vitamins/indexd40f.html]
[cdn.jsdelivr.net/npm/slick-carousel@1.8.1/slick/slick.min75f8.js]
[kiierr.com/wp-json/wp/v2/product/16047.json]
[kiierr.com/wp-json/oembed/1.0/embed3d98.json]
[kiierr.com/wp-json/oembed/1.0/embede54d]
[kiierr.com/product/kiierr-biotin-gummies/index.html]
[kiierr.com/wp-content/themes/flatsome-child/assets/js/slick.min70e9.js]
[kiierr.com/wp-content/themes/flatsome-child/assets/css/main1dc7.css]
[kiierr.com/product/saw-palmetto-vitamins/feed/index.html]
[kiierr.com/wp-content/themes/flatsome-child/style5e50.css]
[kiierr.com/wp-content/themes/flatsome-child/assets/js/child-main005b.js]
[kiierr.com/product/kiierr-biotin-gummies/index8c02.html]
[kiierr.com/product/kiierr-biotin-gummies/index40f0.html]
[cdn.jsdelivr.net/npm/slick-carousel@1.8.1/slick/slick.min9e55.js]
[kiierr.com/wp-json/wp/v2/product/76825.json]
[kiierr.com/wp-json/oembed/1.0/embeddd02.json]
[kiierr.com/wp-json/oembed/1.0/embedb1c7]
[kiierr.com/wp-content/uploads/2024/02/7.png]
[kiierr.com/wp-content/uploads/2023/09/Screen-Shot-2023-12-20-at-3.41.45-PM.png]
[kiierr.com/wp-content/uploads/2023/09/Screen-Shot-2023-12-20-at-3.41.45-PM-800x795.png]
[kiierr.com/wp-content/uploads/2023/09/Screen-Shot-2023-12-20-at-3.43.38-PM.png]
[kiierr.com/wp-content/uploads/2023/09/Screen-Shot-2023-12-20-at-3.43.38-PM-800x796.png]
[kiierr.com/wp-content/uploads/2023/09/Screen-Shot-2023-12-20-at-3.42.14-PM.png]
[kiierr.com/wp-content/uploads/2023/09/Screen-Shot-2023-12-20-at-3.42.14-PM-800x795.png]
[kiierr.com/wp-content/uploads/2023/09/Screen-Shot-2023-12-20-at-3.44.03-PM.png]
[kiierr.com/wp-content/uploads/2023/09/Screen-Shot-2023-12-20-at-3.44.03-PM-800x794.png]
[kiierr.com/wp-content/uploads/2023/09/Screen-Shot-2023-12-20-at-3.45.41-PM.png]
[kiierr.com/wp-content/uploads/2023/09/Screen-Shot-2023-12-20-at-3.45.41-PM-800x793.png]
[kiierr.com/wp-content/uploads/2024/02/Saw-Palmetto-2-100x100.jpg]
[kiierr.com/product/saw-palmetto-vitamins/index.html]
[kiierr.com/wp-content/themes/flatsome-child/assets/js/slick.min299b.js]
[kiierr.com/wp-content/themes/flatsome-child/assets/css/main3fa9.css]
[kiierr.com/wp-content/themes/flatsome-child/style82ba.css]
[kiierr.com/product/super-collagen-peptide-powder/feed/index.html]
[kiierr.com/wp-content/themes/flatsome-child/assets/js/child-main1f75.js]
[kiierr.com/product/saw-palmetto-vitamins/indexbf4b.html]
[cdn.jsdelivr.net/npm/slick-carousel@1.8.1/slick/slick.min2f8b.js]
[kiierr.com/wp-json/wp/v2/product/76830.json]
[kiierr.com/wp-json/oembed/1.0/embed69aa.json]
[kiierr.com/wp-json/oembed/1.0/embed92d0]
[kiierr.com/wp-content/uploads/2024/02/10.png]
[kiierr.com/wp-content/uploads/2023/09/Thumbnail-1.jpg]
[kiierr.com/wp-content/uploads/2023/09/Thumbnail-1-800x800.jpg]
[kiierr.com/wp-content/uploads/2023/09/Thumbnail-2.jpg]
[kiierr.com/wp-content/uploads/2023/09/Thumbnail-2-800x800.jpg]
[kiierr.com/wp-content/uploads/2023/09/Thumbnail-3.jpg]
[kiierr.com/wp-content/uploads/2023/09/Thumbnail-3-800x800.jpg]
[kiierr.com/wp-content/uploads/2023/09/Thumbnail-4.jpg]
[kiierr.com/wp-content/uploads/2023/09/Thumbnail-4-800x800.jpg]
[kiierr.com/wp-content/uploads/2023/09/Thumbnail-5.jpg]
[kiierr.com/wp-content/uploads/2023/09/Thumbnail-5-800x800.jpg]
[kiierr.com/wp-content/uploads/2024/02/Super-Hair-Growth-Collagen-2-100x100.jpg]
[kiierr.com/product/super-collagen-peptide-powder/index.html]
[kiierr.com/wp-content/themes/flatsome-child/assets/js/slick.min3dd5.js]
[kiierr.com/wp-content/themes/flatsome-child/assets/css/main0fd8.css]
[kiierr.com/product/super-collagen-peptide-powder/index8c02.html]
[kiierr.com/wp-content/themes/flatsome-child/stylefa4c.css]
[kiierr.com/product/super-collagen-peptide-powder/index4c4f.html]
[kiierr.com/wp-content/themes/flatsome-child/assets/js/child-main3ed2.js]
[kiierr.com/product/super-collagen-peptide-powder/index988c.html]
[cdn.jsdelivr.net/npm/slick-carousel@1.8.1/slick/slick.minef7b.js]
[kiierr.com/hair-growth-supplements/indexd40f.html]
[kiierr.com/wp-content/themes/flatsome-child/assets/js/slick.min8f3a.js]
[kiierr.com/wp-content/themes/flatsome-child/assets/css/main9067.css]
[kiierr.com/wp-content/themes/flatsome-child/style38da.css]
[kiierr.com/wp-content/themes/flatsome-child/assets/js/child-main60c3.js]
[kiierr.com/product/kiierr-hair-growth-conditioner/feed/index.html]
[cdn.jsdelivr.net/npm/slick-carousel@1.8.1/slick/slick.mina50c.js]
[kiierr.com/wp-json/wp/v2/product/11449.json]
[kiierr.com/wp-json/oembed/1.0/embed7525.json]
[kiierr.com/wp-json/oembed/1.0/embed8754]
[kiierr.com/wp-content/uploads/2018/09/Thumbnail-2-1.jpg]
[kiierr.com/wp-content/uploads/2018/09/Thumbnail-2-1-800x800.jpg]
[kiierr.com/wp-content/uploads/2018/09/Thumbnail-5-1.jpg]
[kiierr.com/wp-content/uploads/2018/09/Thumbnail-5-1-800x800.jpg]
[kiierr.com/product/kiierr-hair-growth-conditioner/index.html]
[kiierr.com/wp-content/themes/flatsome-child/assets/js/slick.min93f6.js]
[kiierr.com/wp-content/themes/flatsome-child/assets/css/main50d6.css]
[kiierr.com/product/kiierr-hair-growth-conditioner/index7446.html]
[kiierr.com/product/kiierr-dht-blocking-hair-growth-shampoo/feed/index.html]
[kiierr.com/product/kiierr-hair-growth-conditioner/indexa5b1.html]
[kiierr.com/wp-content/themes/flatsome-child/assets/js/child-main31a7.js]
[kiierr.com/product/kiierr-hair-growth-conditioner/index66dd.html]
[cdn.jsdelivr.net/npm/slick-carousel@1.8.1/slick/slick.minfcd3.js]
[kiierr.com/wp-json/wp/v2/product/11451.json]
[kiierr.com/wp-json/oembed/1.0/embed61f4.json]
[kiierr.com/wp-json/oembed/1.0/embedbad1]
[kiierr.com/wp-content/uploads/2018/09/Thumbnail-4.jpg]
[kiierr.com/wp-content/uploads/2018/09/Thumbnail-4-800x800.jpg]
[kiierr.com/wp-content/uploads/2018/09/Thumbnail-5.jpg]
[kiierr.com/wp-content/uploads/2018/09/Thumbnail-5-800x800.jpg]
[kiierr.com/wp-content/uploads/2024/02/DHT-Blocking-Shampoo-2-100x100.jpg]
[kiierr.com/product/kiierr-dht-blocking-hair-growth-shampoo/index.html]
[kiierr.com/wp-content/themes/flatsome-child/assets/js/slick.minf3db.js]
[kiierr.com/wp-content/themes/flatsome-child/assets/css/maineabc.css]
[kiierr.com/wp-content/themes/flatsome-child/stylee129.css]
[kiierr.com/product/kiierr-collagen-gummies/feed/index.html]
[kiierr.com/wp-content/themes/flatsome-child/assets/js/child-main7651.js]
[cdn.jsdelivr.net/npm/slick-carousel@1.8.1/slick/slick.min26a6.js]
[kiierr.com/product/kiierr-dht-blocking-hair-growth-shampoo/index40f0.html]
[kiierr.com/wp-json/wp/v2/product/43817.json]
[kiierr.com/wp-json/oembed/1.0/embed7439.json]
[kiierr.com/wp-json/oembed/1.0/embed2f94]
[kiierr.com/wp-content/uploads/2021/04/Thumbnail-1.jpg]
[kiierr.com/wp-content/uploads/2021/04/Thumbnail-1-800x800.jpg]
[kiierr.com/wp-content/uploads/2021/04/Thumbnail-2.jpg]
[kiierr.com/wp-content/uploads/2021/04/Thumbnail-2-800x800.jpg]
[kiierr.com/wp-content/uploads/2021/04/Thumbnail-3-1.jpg]
[kiierr.com/wp-content/uploads/2021/04/Thumbnail-3-1-800x800.jpg]
[kiierr.com/wp-content/uploads/2021/04/Thumbnail-4.jpg]
[kiierr.com/wp-content/uploads/2021/04/Thumbnail-4-800x800.jpg]
[kiierr.com/wp-content/uploads/2021/04/Thumbnail-5.jpg]
[kiierr.com/wp-content/uploads/2021/04/Thumbnail-5-800x800.jpg]
[kiierr.com/product/kiierr-collagen-gummies/index.html]
[kiierr.com/wp-content/themes/flatsome-child/assets/js/slick.mina299.js]
[kiierr.com/wp-content/themes/flatsome-child/assets/css/mainb003.css]
[kiierr.com/wp-content/themes/flatsome-child/assets/js/child-main99b4.js]
[kiierr.com/product/hair-growth-products-bundle/feed/index.html]
[kiierr.com/product/kiierr-collagen-gummies/index988c.html]
[kiierr.com/product/kiierr-collagen-gummies/index40f0.html]
[cdn.jsdelivr.net/npm/slick-carousel@1.8.1/slick/slick.min69a9.js]
[kiierr.com/wp-json/wp/v2/product/11481.json]
[kiierr.com/wp-json/oembed/1.0/embed068c.json]
[kiierr.com/wp-json/oembed/1.0/embed4ac1]
[kiierr.com/wp-content/uploads/2024/02/2-5-100x100.png]
[kiierr.com/product/hair-growth-products-bundle/index.html]
[kiierr.com/wp-content/themes/flatsome-child/assets/js/slick.min1628.js]
[kiierr.com/wp-content/themes/flatsome-child/assets/css/main08a6.css]
[kiierr.com/product/kiierr-hair-growth-products-ultimate-supplements-bundle/feed/index.html]
[kiierr.com/wp-content/themes/flatsome-child/stylef6fd.css]
[kiierr.com/wp-content/themes/flatsome-child/assets/js/child-mainbd60.js]
[cdn.jsdelivr.net/npm/slick-carousel@1.8.1/slick/slick.min4c71.js]
[kiierr.com/product/hair-growth-products-bundle/index2ee7.html]
[kiierr.com/wp-json/wp/v2/product/30825.json]
[kiierr.com/wp-json/oembed/1.0/embedee76.json]
[kiierr.com/wp-json/oembed/1.0/embed0304]
[kiierr.com/wp-content/uploads/2024/02/4-1.png]
[kiierr.com/wp-content/uploads/2024/02/4-1-100x100.png]
[kiierr.com/product/kiierr-hair-growth-products-ultimate-supplements-bundle/index.html]
[kiierr.com/wp-content/themes/flatsome-child/assets/js/slick.min04f5.js]
[kiierr.com/wp-content/themes/flatsome-child/assets/css/maindd19.css]
[kiierr.com/wp-content/themes/flatsome-child/styledfca.css]
[kiierr.com/product/kiierr-hair-growth-products-max-hair-growth-supplements-bundle/feed/index.html]
[kiierr.com/wp-content/themes/flatsome-child/assets/js/child-main2593.js]
[cdn.jsdelivr.net/npm/slick-carousel@1.8.1/slick/slick.min172b.js]
[kiierr.com/wp-json/wp/v2/product/31474.json]
[kiierr.com/wp-json/oembed/1.0/embed19e0.json]
[kiierr.com/wp-json/oembed/1.0/embed1276]
[kiierr.com/wp-content/themes/flatsome-child/assets/js/slick.min726e.js]
[kiierr.com/product/kiierr-hair-growth-products-max-hair-growth-supplements-bundle/index.html]
[kiierr.com/product/kiierr-hair-growth-products-max-hair-growth-supplements-bundle/index66dd.html]
[kiierr.com/wp-content/themes/flatsome-child/assets/css/main9704.css]
[kiierr.com/product/kiierr-holiday-radiance-gift-bundle/feed/index.html]
[kiierr.com/product/kiierr-hair-growth-products-max-hair-growth-supplements-bundle/indexe113.html]
[kiierr.com/wp-content/themes/flatsome-child/style6d68.css]
[kiierr.com/product/kiierr-hair-growth-products-max-hair-growth-supplements-bundle/index3c75.html]
[kiierr.com/wp-content/themes/flatsome-child/assets/js/child-main3b3b.js]
[cdn.jsdelivr.net/npm/slick-carousel@1.8.1/slick/slick.min22a8.js]
[kiierr.com/wp-json/wp/v2/product/90443.json]
[kiierr.com/wp-json/oembed/1.0/embed6d72.json]
[kiierr.com/wp-json/oembed/1.0/embedbc69]
[kiierr.com/wp-content/uploads/2024/10/1-4.png]
[kiierr.com/wp-content/uploads/2024/10/2-2.png]
[kiierr.com/wp-content/uploads/2024/10/3-2.png]
[kiierr.com/wp-content/uploads/2024/10/3-2-800x800.png]
[kiierr.com/wp-content/uploads/2024/10/4-1.png]
[kiierr.com/wp-content/uploads/2024/10/4-1-800x800.png]
[kiierr.com/wp-content/uploads/2024/10/5-1.png]
[kiierr.com/wp-content/uploads/2024/10/5-1-800x800.png]
[kiierr.com/wp-content/uploads/2024/10/6-1.png]
[kiierr.com/wp-content/uploads/2024/10/6-1-800x800.png]
[kiierr.com/wp-content/uploads/2024/10/1-4-100x100.png]
[kiierr.com/product/kiierr-holiday-radiance-gift-bundle/index.html]
[kiierr.com/wp-content/themes/flatsome-child/assets/js/slick.minabec.js]
[kiierr.com/product-category/bundles/index.html]
[kiierr.com/product/kiierr-holiday-radiance-gift-bundle/index3c75.html]
[kiierr.com/product/kiierr-holiday-radiance-gift-bundle/index8c02.html]
[kiierr.com/wp-content/themes/flatsome-child/assets/css/main3aab.css]
[kiierr.com/product/kiierr-holiday-radiance-gift-bundle/indexba6e.html]
[kiierr.com/wp-content/themes/flatsome-child/style3c40.css]
[kiierr.com/wp-content/themes/flatsome-child/assets/js/child-mainbbd7.js]
[cdn.jsdelivr.net/npm/slick-carousel@1.8.1/slick/slick.min2332.js]
[kiierr.com/hair-growth-supplements/index66dd.html]
[kiierr.com/wp-content/themes/flatsome-child/assets/js/slick.min7d10.js]
[kiierr.com/wp-content/themes/flatsome-child/assets/css/maina4c6.css]
[kiierr.com/wp-content/themes/flatsome-child/style5a22.css]
[kiierr.com/wp-content/themes/flatsome-child/assets/js/child-main30ab.js]
[cdn.jsdelivr.net/npm/slick-carousel@1.8.1/slick/slick.minb24e.js]
[kiierr.com/wp-json/wp/v2/product/60545.json]
[kiierr.com/wp-json/oembed/1.0/embed7da1.json]
[kiierr.com/wp-json/oembed/1.0/embed2f7e]
[kiierr.com/product/kiierr-omega-369-fish-oil-for-hair-growth-subscription/index.html]
[kiierr.com/wp-content/themes/flatsome-child/assets/js/slick.min18c7.js]
[kiierr.com/wp-content/themes/flatsome-child/assets/css/main58cf.css]
[kiierr.com/wp-content/themes/flatsome-child/assets/js/child-main0a75.js]
[cdn.jsdelivr.net/npm/slick-carousel@1.8.1/slick/slick.minc0e5.js]
[kiierr.com/wp-json/wp/v2/product/60558.json]
[kiierr.com/wp-json/oembed/1.0/embed7712.json]
[kiierr.com/wp-json/oembed/1.0/embed7088]
[kiierr.com/product/kiierr-hair-growth-products-bundle-subscription/index.html]
[kiierr.com/wp-content/themes/flatsome-child/assets/js/slick.min7e1d.js]
[kiierr.com/wp-content/themes/flatsome-child/assets/css/main9b14.css]
[kiierr.com/wp-content/themes/flatsome-child/styleb1b5.css]
[kiierr.com/wp-content/themes/flatsome-child/assets/js/child-main947b.js]
[kiierr.com/product/kiierr-hair-growth-products-bundle-subscription/indexba6e.html]
[cdn.jsdelivr.net/npm/slick-carousel@1.8.1/slick/slick.minffbc.js]
[kiierr.com/wp-json/wp/v2/product/60562.json]
[kiierr.com/wp-json/oembed/1.0/embedfd07.json]
[kiierr.com/wp-json/oembed/1.0/embed34d1]
[kiierr.com/product/kiierr-dht-blocking-hair-growth-vitamins-subscription/index.html]
[kiierr.com/wp-content/themes/flatsome-child/assets/js/slick.mind9d2.js]
[kiierr.com/wp-content/themes/flatsome-child/assets/css/main7473.css]
[kiierr.com/wp-content/themes/flatsome-child/assets/js/child-main1e34.js]
[cdn.jsdelivr.net/npm/slick-carousel@1.8.1/slick/slick.minb04e.js]
[kiierr.com/wp-json/wp/v2/product/60566.json]
[kiierr.com/wp-json/oembed/1.0/embed57e4.json]
[kiierr.com/wp-json/oembed/1.0/embed6aa4]
[kiierr.com/product/kiierr-dht-blocking-shampoo-for-hair-growth-subscription/index.html]
[kiierr.com/wp-content/themes/flatsome-child/assets/css/main0fad.css]
[kiierr.com/wp-content/themes/flatsome-child/style9750.css]
[kiierr.com/indexa2f5.html]
[kiierr.com/wp-content/themes/flatsome-child/assets/js/slick.minf9ef.js]
[kiierr.com/wp-content/themes/flatsome-child/assets/css/maind557.css]
[kiierr.com/wp-content/themes/flatsome-child/style1b9e.css]
[kiierr.com/product/laser-cap-carrying-case/feed/index.html]
[kiierr.com/wp-content/themes/flatsome-child/assets/js/child-main60f6.js]
[kiierr.com/product/kiierr-dht-blocking-shampoo-for-hair-growth-subscription/indexba6e.html]
[cdn.jsdelivr.net/npm/slick-carousel@1.8.1/slick/slick.min70ba.js]
[kiierr.com/wp-json/wp/v2/product/12193.json]
[kiierr.com/wp-json/oembed/1.0/embedf0df.json]
[kiierr.com/wp-json/oembed/1.0/embeddcc8]
[kiierr.com/wp-content/uploads/2019/01/laser-cap-carrying-case.jpg]
[kiierr.com/wp-content/uploads/2019/01/laser-cap-carrying-case-800x800.jpg]
[kiierr.com/wp-content/uploads/2019/01/kiierr-laser-cap-carrying-case-side-view-scaled.jpg]
[kiierr.com/wp-content/uploads/2019/01/kiierr-laser-cap-carrying-case-side-view-scaled-800x600.jpg]
[kiierr.com/wp-content/uploads/2019/12/2-year-extended-warranty_800x-247x246.jpg]
[kiierr.com/wp-content/uploads/2019/12/3years-247x251.png]
[kiierr.com/wp-content/uploads/2019/12/1-year-extended-warranty_800x-247x246.jpg]
[kiierr.com/wp-content/uploads/2019/01/laser-cap-carrying-case-100x100.jpg]
[kiierr.com/product/laser-cap-carrying-case/index.html]
[kiierr.com/wp-content/themes/flatsome-child/assets/js/slick.min7e7b.js]
[kiierr.com/product/extended-warranty-coverage-2-years/index.html]
[kiierr.com/product-category/laser-cap-extras/index.html]
[kiierr.com/product/laser-cap-carrying-case/index639f.html]
[kiierr.com/wp-content/themes/flatsome-child/assets/css/mainf243.css]
[kiierr.com/product/laser-cap-carrying-case/index7ab7.html]
[kiierr.com/product/extended-warranty-coverage-1-year/index.html]
[kiierr.com/wp-content/themes/flatsome-child/style7693.css]
[kiierr.com/product/laser-cap-carrying-case/index537c.html]
[kiierr.com/wp-content/themes/flatsome-child/assets/js/child-main5e55.js]
[cdn.jsdelivr.net/npm/slick-carousel@1.8.1/slick/slick.minffb1.js]
[kiierr.com/wp-json/wp/v2/product/82221.json]
[kiierr.com/wp-json/oembed/1.0/embedc8e5.json]
[kiierr.com/wp-json/oembed/1.0/embed246d]
[kiierr.com/wp-content/uploads/2024/03/IMG_6505.webp]
[kiierr.com/wp-content/uploads/2024/03/IMG_6505-800x800.webp]
[kiierr.com/wp-content/uploads/2024/03/IMG_6504.webp]
[kiierr.com/wp-content/uploads/2024/03/IMG_6504-800x800.webp]
[kiierr.com/wp-content/uploads/2021/08/IMG_9765-1-1-800x800.jpg]
[kiierr.com/wp-content/uploads/2021/08/IMG_9779-2-800x800.jpg]
[kiierr.com/wp-content/uploads/2021/08/IMG_9769-1-800x800.jpg]
[kiierr.com/wp-content/uploads/2024/07/IMG_0409-800x543.jpg]
[kiierr.com/wp-content/uploads/2024/03/IMG_6505-100x100.webp]
[kiierr.com/product/usbc/index.html]
[kiierr.com/wp-content/themes/flatsome-child/assets/js/slick.minfc5c.js]
[kiierr.com/product/usbc/index93a6.html]
[kiierr.com/product/mirrored-battery-and-usb-cord-to-cap/index.html]
[kiierr.com/wp-content/themes/flatsome-child/assets/css/main9ad1.css]
[kiierr.com/product-category/replacement-parts/index.html]
[kiierr.com/product/usbc/index43fa.html]
[kiierr.com/wp-content/themes/flatsome-child/assets/js/child-main861e.js]
[kiierr.com/product/replacement-ball-cap/index.html]
[kiierr.com/product/usbc/indexa3cc.html]
[kiierr.com/product/usbc/indexe8df.html]
[cdn.jsdelivr.net/npm/slick-carousel@1.8.1/slick/slick.mine206.js]
[kiierr.com/wp-json/wp/v2/product/59373.json]
[kiierr.com/wp-json/oembed/1.0/embed48df.json]
[kiierr.com/wp-json/oembed/1.0/embedd946]
[kiierr.com/wp-content/uploads/2022/03/IMG_8733-scaled-800x800.jpg]
[kiierr.com/wp-content/uploads/2021/08/IMG_9762-2-800x800.jpg]
[kiierr.com/wp-content/uploads/2021/08/IMG_9763-1-1-800x800.jpg]
[kiierr.com/wp-content/uploads/2020/01/head-247x174.png]
[kiierr.com/wp-content/uploads/2022/03/IMG_8733-scaled-100x100.jpg]
[kiierr.com/wp-content/themes/flatsome-child/assets/js/slick.min742c.js]
[kiierr.com/product/md-battery-charging-cord/index.html]
[kiierr.com/product/md-battery-charging-cord/index99ae.html]
[kiierr.com/product/md-battery-charging-cord/index0710.html]
[kiierr.com/product/md-battery-charging-cord/index9d62.html]
[kiierr.com/product/md-battery-charging-cord/indexa3cc.html]
[kiierr.com/wp-content/themes/flatsome-child/assets/css/maina924.css]
[kiierr.com/wp-content/themes/flatsome-child/assets/js/child-main0b84.js]
[cdn.jsdelivr.net/npm/slick-carousel@1.8.1/slick/slick.mindb86.js]
[kiierr.com/wp-json/wp/v2/product/49738.json]
[kiierr.com/wp-json/oembed/1.0/embed6302.json]
[kiierr.com/wp-json/oembed/1.0/embedb957]
[kiierr.com/wp-content/uploads/2019/11/cord-800x800.webp]
[kiierr.com/wp-content/uploads/2021/08/Untitled-design2-1-e1633572403346-247x310.png]
[kiierr.com/wp-content/uploads/2021/08/IMG_9761-1-800x800.jpg]
[kiierr.com/wp-content/uploads/2019/11/cord-100x100.webp]
[kiierr.com/wp-content/themes/flatsome-child/assets/js/slick.minf08b.js]
[kiierr.com/product/charger-cord-for-mirrored-battery/index.html]
[kiierr.com/product/microcharger-cord-and-mirrored-battery/index.html]
[kiierr.com/product/charger-cord-for-mirrored-battery/index3eb3.html]
[kiierr.com/product/charger-cord-for-mirrored-battery/index43fa.html]
[kiierr.com/wp-content/themes/flatsome-child/assets/css/main216c.css]
[kiierr.com/product/charger-cord-for-mirrored-battery/indexa3cc.html]
[kiierr.com/product/charger-cord-for-mirrored-battery/indexb07b.html]
[kiierr.com/wp-content/themes/flatsome-child/style4e50.css]
[kiierr.com/wp-content/themes/flatsome-child/assets/js/child-main5745.js]
[cdn.jsdelivr.net/npm/slick-carousel@1.8.1/slick/slick.min7892.js]
[kiierr.com/wp-json/wp/v2/product/49736.json]
[kiierr.com/wp-json/oembed/1.0/embed572d.json]
[kiierr.com/wp-json/oembed/1.0/embed4000]
[kiierr.com/product/md-battery-replacement/index0710.html]
[kiierr.com/product/md-battery-replacement/indexee32.html]
[kiierr.com/product/md-battery-replacement/index3eb3.html]
[kiierr.com/product/md-battery-replacement/index88b1.html]
[kiierr.com/wp-content/uploads/2021/08/IMG_9762-2-100x100.jpg]
[kiierr.com/product/md-battery-replacement/index.html]
[kiierr.com/wp-content/themes/flatsome-child/assets/js/slick.mind391.js]
[kiierr.com/wp-content/themes/flatsome-child/assets/css/maina49d.css]
[kiierr.com/wp-content/themes/flatsome-child/stylebc71.css]
[kiierr.com/wp-content/themes/flatsome-child/assets/js/child-main605c.js]
[cdn.jsdelivr.net/npm/slick-carousel@1.8.1/slick/slick.mineddd.js]
[kiierr.com/wp-json/wp/v2/product/49737.json]
[kiierr.com/wp-json/oembed/1.0/embedb890.json]
[kiierr.com/wp-json/oembed/1.0/embed4ccc]
[kiierr.com/wp-content/uploads/2021/08/IMG_9761-1.jpg]
[kiierr.com/wp-content/uploads/2021/08/IMG_9761-1-100x100.jpg]
[kiierr.com/product/md-battery-and-charger-cord/index.html]
[kiierr.com/wp-content/themes/flatsome-child/assets/js/slick.min8886.js]
[kiierr.com/product/md-battery-and-charger-cord/index93a6.html]
[kiierr.com/product/md-battery-and-charger-cord/indexe8df.html]
[kiierr.com/product/md-battery-and-charger-cord/index9d62.html]
[kiierr.com/wp-content/themes/flatsome-child/assets/css/maind78f.css]
[kiierr.com/wp-content/themes/flatsome-child/assets/js/child-maincd3b.js]
[kiierr.com/product/md-battery-and-charger-cord/indexee32.html]
[cdn.jsdelivr.net/npm/slick-carousel@1.8.1/slick/slick.min651a.js]
[kiierr.com/wp-json/wp/v2/product/49735.json]
[kiierr.com/wp-json/oembed/1.0/embedb169.json]
[kiierr.com/wp-json/oembed/1.0/embed0512]
[kiierr.com/wp-content/uploads/2021/08/IMG_9769-1-100x100.jpg]
[kiierr.com/wp-content/themes/flatsome-child/assets/js/slick.min428c.js]
[kiierr.com/product/usb-cord-to-cap-for-mirrored-battery/index.html]
[kiierr.com/product/usb-cord-to-cap-for-mirrored-battery/indexe8df.html]
[kiierr.com/product/usb-cord-to-cap-for-mirrored-battery/index99ae.html]
[kiierr.com/wp-content/themes/flatsome-child/assets/css/mainad5f.css]
[kiierr.com/product/usb-cord-to-cap-for-mirrored-battery/indexb07b.html]
[kiierr.com/product/usb-cord-to-cap-for-mirrored-battery/index3eb3.html]
[kiierr.com/wp-content/themes/flatsome-child/assets/js/child-maine7ec.js]
[cdn.jsdelivr.net/npm/slick-carousel@1.8.1/slick/slick.min2960.js]
[kiierr.com/wp-json/wp/v2/product/49716.json]
[kiierr.com/wp-json/oembed/1.0/embed16da.json]
[kiierr.com/wp-json/oembed/1.0/embed902a]
[kiierr.com/wp-content/uploads/2021/08/IMG_9765-1-1-100x100.jpg]
[kiierr.com/wp-content/themes/flatsome-child/assets/js/slick.min6c7d.js]
[kiierr.com/product/black-battery/index.html]
[kiierr.com/product/black-battery/indexb07b.html]
[kiierr.com/product/black-battery/index99ae.html]
[kiierr.com/product/black-battery/index6316.html]
[kiierr.com/wp-content/themes/flatsome-child/assets/css/mainf63f.css]
[kiierr.com/product/black-battery/index43fa.html]
[kiierr.com/wp-content/themes/flatsome-child/stylec483.css]
[kiierr.com/wp-content/themes/flatsome-child/assets/js/child-mainb234.js]
[cdn.jsdelivr.net/npm/slick-carousel@1.8.1/slick/slick.mina7eb.js]
[kiierr.com/wp-json/wp/v2/product/49714.json]
[kiierr.com/wp-json/oembed/1.0/embedd9a7.json]
[kiierr.com/wp-json/oembed/1.0/embed2b41]
[kiierr.com/product/mirror-battery-only/indexe8df.html]
[kiierr.com/product/mirror-battery-only/index3eb3.html]
[kiierr.com/wp-content/uploads/2021/08/IMG_9763-1-1-100x100.jpg]
[kiierr.com/product/mirror-battery-only/index88b1.html]
[kiierr.com/product/mirror-battery-only/index43fa.html]
[kiierr.com/product/mirror-battery-only/index.html]
[kiierr.com/wp-content/themes/flatsome-child/assets/js/slick.minb43d.js]
[kiierr.com/wp-content/themes/flatsome-child/assets/css/main8d7d.css]
[kiierr.com/wp-content/themes/flatsome-child/assets/js/child-main17fc.js]
[cdn.jsdelivr.net/npm/slick-carousel@1.8.1/slick/slick.mina70f.js]
[kiierr.com/wp-json/wp/v2/product/19901.json]
[kiierr.com/wp-json/oembed/1.0/embed53ea.json]
[kiierr.com/wp-json/oembed/1.0/embedde1b]
[kiierr.com/wp-content/uploads/2020/01/head.png]
[kiierr.com/wp-content/uploads/2020/01/head-100x100.png]
[kiierr.com/product/kiierr-headband/index.html]
[kiierr.com/wp-content/themes/flatsome-child/assets/js/slick.min03e6.js]
[kiierr.com/product/kiierr-headband/index6316.html]
[kiierr.com/wp-content/themes/flatsome-child/assets/css/main1b74.css]
[kiierr.com/wp-content/themes/flatsome-child/stylee1a5.css]
[kiierr.com/indexba52.html]
[kiierr.com/wp-content/themes/flatsome-child/assets/css/maina9d2.css]
[kiierr.com/wp-content/themes/flatsome-child/style3a89.css]
[kiierr.com/index8643.html]
[kiierr.com/wp-content/themes/flatsome-child/assets/css/mainf746.css]
[kiierr.com/wp-content/themes/flatsome-child/style1618.css]
[kiierr.com/indexae43.html]
[kiierr.com/lllt-hair-growth-studies/index.html]
[kiierr.com/wp-content/themes/flatsome-child/assets/css/main2ccd.css]
[kiierr.com/wp-content/themes/flatsome-child/style71ca.css]
[kiierr.com/index53bd.html]
[kiierr.com/product/index72dd.html]
[kiierr.com/product/kiierr-headband/indexb07b.html]
[kiierr.com/wp-content/themes/flatsome-child/assets/css/main8d56.css]
[kiierr.com/wp-content/themes/flatsome-child/style62c5.css]
[kiierr.com/indexb38d.html]
[kiierr.com/product/kiierr-headband/indexee32.html]
[kiierr.com/product/kiierr-headband/index3eb3.html]
[kiierr.com/wp-content/themes/flatsome-child/assets/css/mainc241.css]
[kiierr.com/product-category/lllt-laser-hair-cap/feed/index.html]
[kiierr.com/wp-content/themes/flatsome-child/styled532.css]
[kiierr.com/wp-content/themes/flatsome-child/assets/js/child-maina244.js]
[cdn.jsdelivr.net/npm/slick-carousel@1.8.1/slick/slick.min91f4.js]
[kiierr.com/wp-json/wp/v2/product_cat/32.json]
[kiierr.com/wp-content/themes/flatsome-child/assets/js/slick.min3c50.js]
[kiierr.com/product-category/lllt-laser-hair-cap/index.html]
[kiierr.com/product-category/lllt-laser-hair-cap/indexa5b1.html]
[kiierr.com/product-category/lllt-laser-hair-cap/index2ee7.html]
[kiierr.com/product-category/lllt-laser-hair-cap/index7446.html]
[kiierr.com/product-category/lllt-laser-hair-cap/index3c75.html]
[kiierr.com/wp-content/themes/flatsome-child/assets/css/main8d87.css]
[kiierr.com/wp-content/themes/flatsome-child/style0e74.css]
[kiierr.com/product-category/lllt-laser-hair-cap/indexfc82.html]
[kiierr.com/wp-content/themes/flatsome-child/assets/js/child-main464e.js]
[kiierr.com/product-category/lllt-laser-hair-cap/index0c80.html]
[cdn.jsdelivr.net/npm/slick-carousel@1.8.1/slick/slick.mina647.js]
[kiierr.com/product-category/lllt-laser-hair-cap/index50a2.html]
[kiierr.com/wp-json/wp/v2/product/97615.json]
[kiierr.com/wp-json/oembed/1.0/embedf3e4.json]
[kiierr.com/wp-json/oembed/1.0/embedb371]
[kiierr.com/wp-content/uploads/2025/01/Untitled-design-16.png]
[kiierr.com/wp-content/uploads/2025/01/Untitled-design-16-100x100.png]
[kiierr.com/product/scalp-massager/index.html]
[kiierr.com/wp-content/themes/flatsome-child/assets/js/slick.min44b5.js]
[kiierr.com/wp-content/themes/flatsome-child/assets/css/main01f1.css]
[kiierr.com/product/scalp-massager/index651a.html]
[kiierr.com/wp-content/themes/flatsome-child/assets/js/child-mainf679.js]
[kiierr.com/product/scalp-massager/index4c4f.html]
[kiierr.com/product/scalp-massager/index3c75.html]
[cdn.jsdelivr.net/npm/slick-carousel@1.8.1/slick/slick.min2543.js]
[kiierr.com/product/red-blue-light-phototherapy-laser-massage-comb/index8c02.html]
[kiierr.com/wp-content/themes/flatsome-child/assets/js/slick.min96ae.js]
[kiierr.com/product/red-blue-light-phototherapy-laser-massage-comb/index600a.html]
[kiierr.com/wp-content/themes/flatsome-child/assets/css/main1424.css]
[kiierr.com/product/red-blue-light-phototherapy-laser-massage-comb/index4c4f.html]
[kiierr.com/wp-content/themes/flatsome-child/style42ec.css]
[kiierr.com/wp-content/themes/flatsome-child/assets/js/child-main6ecf.js]
[cdn.jsdelivr.net/npm/slick-carousel@1.8.1/slick/slick.min4b32.js]
[kiierr.com/wp-json/wp/v2/product/90529.json]
[kiierr.com/wp-json/oembed/1.0/embed74a5.json]
[kiierr.com/wp-json/oembed/1.0/embed02dc]
[kiierr.com/wp-content/uploads/2024/10/1-5.png]
[kiierr.com/wp-content/uploads/2024/10/2-3.png]
[kiierr.com/wp-content/uploads/2024/10/3-3.png]
[kiierr.com/wp-content/uploads/2024/10/3-3-800x800.png]
[kiierr.com/wp-content/uploads/2024/10/4-2.png]
[kiierr.com/wp-content/uploads/2024/10/4-2-800x800.png]
[kiierr.com/wp-content/uploads/2024/10/5-2.png]
[kiierr.com/wp-content/uploads/2024/10/5-2-800x800.png]
[kiierr.com/wp-content/uploads/2024/10/6-2.png]
[kiierr.com/wp-content/uploads/2024/10/6-2-800x800.png]
[kiierr.com/wp-content/uploads/2024/10/7-1.png]
[kiierr.com/wp-content/uploads/2024/10/7-1-800x800.png]
[kiierr.com/wp-content/uploads/2024/10/1-5-100x100.png]
[kiierr.com/product/kiierr-ultimate-glow-holiday-gift-bundle/index.html]
[kiierr.com/wp-content/themes/flatsome-child/assets/js/slick.min591a.js]
[kiierr.com/wp-content/themes/flatsome-child/assets/css/main965b.css]
[kiierr.com/product/kiierr-ultimate-glow-holiday-gift-bundle/index651a.html]
[kiierr.com/wp-content/themes/flatsome-child/style5197.css]
[kiierr.com/product/kiierr-ultimate-glow-holiday-gift-bundle/index4c4f.html]
[kiierr.com/wp-content/themes/flatsome-child/assets/js/child-mainc5d2.js]
[kiierr.com/product/kiierr-ultimate-glow-holiday-gift-bundle/indexe113.html]
[cdn.jsdelivr.net/npm/slick-carousel@1.8.1/slick/slick.min082a.js]
[kiierr.com/product/red-blue-light-phototherapy-laser-massage-comb/index40f0.html]
[kiierr.com/wp-content/themes/flatsome-child/assets/js/slick.mind73d.js]
[kiierr.com/wp-content/themes/flatsome-child/assets/css/mainbdfb.css]
[kiierr.com/wp-content/themes/flatsome-child/stylef795.css]
[kiierr.com/wp-content/themes/flatsome-child/assets/js/child-main06af.js]
[kiierr.com/product/red-blue-light-phototherapy-laser-massage-comb/index66dd.html]
[cdn.jsdelivr.net/npm/slick-carousel@1.8.1/slick/slick.min0513.js]
[kiierr.com/product/red-blue-light-phototherapy-laser-massage-comb/index3c75.html]
[kiierr.com/wp-content/themes/flatsome-child/assets/css/mainb69a.css]
[kiierr.com/wp-content/themes/flatsome-child/styleca61.css]
[kiierr.com/index29e6.html]
[kiierr.com/wp-content/themes/flatsome-child/assets/js/slick.min6a8f.js]
[kiierr.com/wp-content/themes/flatsome-child/assets/css/main47cd.css]
[kiierr.com/wp-content/themes/flatsome-child/style608c.css]
[kiierr.com/wp-content/themes/flatsome-child/assets/js/child-main0487.js]
[cdn.jsdelivr.net/npm/slick-carousel@1.8.1/slick/slick.minfad5.js]
[kiierr.com/product/kiierr-halo-6-in-1-light-therapy-for-face-body/index600a.html]
[kiierr.com/wp-content/themes/flatsome-child/assets/js/slick.mina11c.js]
[kiierr.com/product/kiierr-halo-6-in-1-light-therapy-for-face-body/index66dd.html]
[kiierr.com/wp-content/themes/flatsome-child/assets/css/main8210.css]
[kiierr.com/product/kiierr-hydrogel-beauty-mask-x5/feed/index.html]
[kiierr.com/product/kiierr-halo-6-in-1-light-therapy-for-face-body/index3c75.html]
[kiierr.com/wp-content/themes/flatsome-child/assets/js/child-main1564.js]
[kiierr.com/product/kiierr-halo-6-in-1-light-therapy-for-face-body/index4c4f.html]
[cdn.jsdelivr.net/npm/slick-carousel@1.8.1/slick/slick.min3a83.js]
[kiierr.com/wp-json/wp/v2/product/90105.json]
[kiierr.com/wp-json/oembed/1.0/embeddce0.json]
[kiierr.com/wp-json/oembed/1.0/embed6bcf]
[kiierr.com/wp-content/uploads/2024/10/2.png]
[kiierr.com/wp-content/uploads/2024/10/3.png]
[kiierr.com/wp-content/uploads/2024/10/3-800x800.png]
[kiierr.com/wp-content/uploads/2024/10/skin.png]
[kiierr.com/wp-content/uploads/2024/10/1-100x100.png]
[kiierr.com/product/kiierr-hydrogel-beauty-mask-x5/index.html]
[kiierr.com/wp-content/themes/flatsome-child/assets/js/slick.minea23.js]
[kiierr.com/wp-content/themes/flatsome-child/assets/css/maina23b.css]
[kiierr.com/wp-content/themes/flatsome-child/style8d13.css]
[kiierr.com/wp-content/themes/flatsome-child/assets/js/child-maind765.js]
[kiierr.com/product/kiierr-hydrogel-beauty-mask-x5/index66dd.html]
[kiierr.com/product/kiierr-hydrogel-beauty-mask-x5/index651a.html]
[cdn.jsdelivr.net/npm/slick-carousel@1.8.1/slick/slick.min7d8b.js]
[kiierr.com/product/kiierr-halo-6-in-1-light-therapy-for-face-body/indexe113.html]
[kiierr.com/wp-content/themes/flatsome-child/assets/js/slick.mind76e.js]
[kiierr.com/wp-content/themes/flatsome-child/assets/css/main34b6.css]
[kiierr.com/wp-content/themes/flatsome-child/style2eb5.css]
[kiierr.com/indexc29e.html]
[kiierr.com/product/kiierr-halo-6-in-1-light-therapy-for-face-body/index988c.html]
[kiierr.com/wp-content/themes/flatsome-child/assets/css/mainda28.css]
[kiierr.com/product/kiierr-halo-6-in-1-light-therapy-for-face-body/indexb0a1.html]
[kiierr.com/wp-content/themes/flatsome-child/style0aef.css]
[kiierr.com/wp-content/themes/flatsome-child/assets/js/child-main38f6.js]
[cdn.jsdelivr.net/npm/slick-carousel@1.8.1/slick/slick.min2057.js]
[kiierr.com/product/kiierr-smooth-ipl-hair-removal-device/index66dd.html]
[kiierr.com/wp-content/themes/flatsome-child/assets/js/slick.minb267.js]
[kiierr.com/product/kiierr-smooth-ipl-hair-removal-device/index651a.html]
[kiierr.com/product/kiierr-smooth-ipl-hair-removal-device/index40f0.html]
[kiierr.com/product/kiierr-smooth-ipl-hair-removal-device/index8c02.html]
[kiierr.com/wp-content/themes/flatsome-child/assets/css/mainbf0d.css]
[kiierr.com/product/kiierr-smooth-ipl-hair-removal-device/index4c4f.html]
[kiierr.com/wp-content/themes/flatsome-child/assets/js/child-main38a3.js]
[cdn.jsdelivr.net/npm/slick-carousel@1.8.1/slick/slick.min885f.js]
[kiierr.com/product/kiierr-smooth-ipl-hair-removal-device/index600a.html]
[kiierr.com/wp-content/themes/flatsome-child/assets/js/slick.min5c46.js]
[kiierr.com/wp-content/themes/flatsome-child/assets/css/main93e0.css]
[kiierr.com/wp-content/themes/flatsome-child/style8978.css]
[kiierr.com/wp-content/themes/flatsome-child/assets/js/child-main8c07.js]
[cdn.jsdelivr.net/npm/slick-carousel@1.8.1/slick/slick.mina7b1.js]
[kiierr.com/product/kiierr-smooth-ipl-hair-removal-device/index3c75.html]
[kiierr.com/wp-content/themes/flatsome-child/assets/css/main9c55.css]
[kiierr.com/wp-content/themes/flatsome-child/style6e61.css]
[kiierr.com/index3739.html]
[kiierr.com/wp-content/themes/flatsome-child/assets/js/slick.min3435.js]
[kiierr.com/wp-content/themes/flatsome-child/assets/css/mainbc2f.css]
[kiierr.com/wp-content/themes/flatsome-child/stylee1ef.css]
[kiierr.com/wp-content/themes/flatsome-child/assets/js/child-main86d1.js]
[cdn.jsdelivr.net/npm/slick-carousel@1.8.1/slick/slick.min211d.js]
[kiierr.com/product/kiierr-smooth-ipl-hair-removal-device/indexb0a1.html]
[kiierr.com/product/kiierr-purify-filtered-shower-head-15-stage-water-filter-for-healthy-hair-skin/index66dd.html]
[kiierr.com/wp-content/themes/flatsome-child/assets/js/slick.min512b.js]
[kiierr.com/product/kiierr-purify-filtered-shower-head-15-stage-water-filter-for-healthy-hair-skin/index600a.html]
[kiierr.com/product/kiierr-purify-filtered-shower-head-15-stage-water-filter-for-healthy-hair-skin/indexb0a1.html]
[kiierr.com/wp-content/themes/flatsome-child/assets/css/main98dd.css]
[kiierr.com/wp-content/themes/flatsome-child/assets/js/child-main992a.js]
[cdn.jsdelivr.net/npm/slick-carousel@1.8.1/slick/slick.minace8.js]
[kiierr.com/product/kiierr-purify-filtered-shower-head-15-stage-water-filter-for-healthy-hair-skin/index651a.html]
[kiierr.com/wp-content/themes/flatsome-child/assets/js/slick.mina20b.js]
[kiierr.com/wp-content/themes/flatsome-child/assets/css/main9963.css]
[kiierr.com/wp-content/themes/flatsome-child/style1fad.css]
[kiierr.com/wp-content/themes/flatsome-child/assets/js/child-main3140.js]
[cdn.jsdelivr.net/npm/slick-carousel@1.8.1/slick/slick.min1efb.js]
[kiierr.com/product/kiierr-purify-filtered-shower-head-15-stage-water-filter-for-healthy-hair-skin/index3c75.html]
[kiierr.com/product/kiierr-purify-filtered-shower-head-15-stage-water-filter-for-healthy-hair-skin/index8c02.html]
[kiierr.com/wp-content/themes/flatsome-child/assets/js/slick.min2a41.js]
[kiierr.com/wp-content/themes/flatsome-child/assets/css/main9335.css]
[kiierr.com/wp-content/themes/flatsome-child/style5351.css]
[kiierr.com/wp-content/themes/flatsome-child/assets/js/child-maind41d.js]
[cdn.jsdelivr.net/npm/slick-carousel@1.8.1/slick/slick.min66a4.js]
[kiierr.com/product-category/beauty/page/images/shdow.png]
[kiierr.com/product-category/beauty/page/2/index.html]
[kiierr.com/wp-content/themes/flatsome-child/assets/css/main46aa.css]
[kiierr.com/wp-content/themes/flatsome-child/styled86f.css]
[kiierr.com/product-category/images/shdow.html]
[kiierr.com/wp-content/themes/flatsome-child/assets/js/slick.minc3c1.js]
[kiierr.com/wp-content/themes/flatsome-child/assets/css/maina235.css]
[kiierr.com/wp-content/themes/flatsome-child/styleb793.css]
[kiierr.com/wp-content/themes/flatsome-child/assets/js/child-mainab8c.js]
[cdn.jsdelivr.net/npm/slick-carousel@1.8.1/slick/slick.min4a9a.js]
[kiierr.com/product-category/beauty/page/2/index8c02.html]
[kiierr.com/product-category/beauty/index4c4f.html]
[kiierr.com/wp-content/themes/flatsome-child/assets/js/slick.min0ab3.js]
[kiierr.com/wp-content/themes/flatsome-child/assets/css/main6973.css]
[kiierr.com/wp-content/themes/flatsome-child/style2cdc.css]
[kiierr.com/wp-content/themes/flatsome-child/assets/js/child-main44f7.js]
[cdn.jsdelivr.net/npm/slick-carousel@1.8.1/slick/slick.mind47e.js]
[kiierr.com/product-category/beauty/index651a.html]
[kiierr.com/wp-content/themes/flatsome-child/assets/js/slick.minbf3f.js]
[kiierr.com/wp-content/themes/flatsome-child/assets/css/mainc34d.css]
[kiierr.com/wp-content/themes/flatsome-child/assets/js/child-main7159.js]
[cdn.jsdelivr.net/npm/slick-carousel@1.8.1/slick/slick.min780a.js]
[kiierr.com/product-category/beauty/index600a.html]
[kiierr.com/wp-content/themes/flatsome-child/assets/js/slick.min6f6e.js]
[kiierr.com/wp-content/themes/flatsome-child/assets/css/main2152.css]
[kiierr.com/wp-content/themes/flatsome-child/assets/js/child-mainacfa.js]
[cdn.jsdelivr.net/npm/slick-carousel@1.8.1/slick/slick.min53b5.js]
[kiierr.com/product-category/beauty/indexb0a1.html]
[kiierr.com/wp-content/themes/flatsome-child/assets/js/slick.min8511.js]
[kiierr.com/wp-content/themes/flatsome-child/assets/css/mainef0f.css]
[kiierr.com/wp-content/themes/flatsome-child/style9c55.css]
[kiierr.com/wp-content/themes/flatsome-child/assets/js/child-main49b9.js]
[cdn.jsdelivr.net/npm/slick-carousel@1.8.1/slick/slick.min1e19.js]
[kiierr.com/product-category/beauty/index988c.html]
[kiierr.com/wp-content/themes/flatsome-child/assets/js/slick.min46ee.js]
[kiierr.com/wp-content/themes/flatsome-child/assets/css/main53a5.css]
[kiierr.com/wp-content/themes/flatsome-child/style88c8.css]
[kiierr.com/wp-content/themes/flatsome-child/assets/js/child-main7f34.js]
[cdn.jsdelivr.net/npm/slick-carousel@1.8.1/slick/slick.minc7b2.js]
[kiierr.com/product-category/beauty/index3c75.html]
[kiierr.com/wp-content/themes/flatsome-child/assets/js/slick.min4d9f.js]
[kiierr.com/wp-content/themes/flatsome-child/assets/css/mainf8d0.css]
[kiierr.com/wp-content/themes/flatsome-child/assets/js/child-main808a.js]
[cdn.jsdelivr.net/npm/slick-carousel@1.8.1/slick/slick.mind6f2.js]
[kiierr.com/product-category/beauty/indexe113.html]
[kiierr.com/wp-content/themes/flatsome-child/assets/js/slick.min6d8b.js]
[kiierr.com/wp-content/themes/flatsome-child/assets/css/mainc98a.css]
[kiierr.com/wp-content/themes/flatsome-child/style1941.css]
[kiierr.com/wp-content/themes/flatsome-child/assets/js/child-maine902.js]
[cdn.jsdelivr.net/npm/slick-carousel@1.8.1/slick/slick.min15ee.js]
[kiierr.com/product-category/beauty/index40f0.html]
[kiierr.com/wp-content/themes/flatsome-child/assets/js/slick.min9ea2.js]
[kiierr.com/wp-content/themes/flatsome-child/assets/css/main4d66.css]
[kiierr.com/wp-content/themes/flatsome-child/style70ad.css]
[kiierr.com/wp-content/themes/flatsome-child/assets/js/child-maindffc.js]
[cdn.jsdelivr.net/npm/slick-carousel@1.8.1/slick/slick.min5ff3.js]
[kiierr.com/product-category/beauty/index66dd.html]
[kiierr.com/wp-content/themes/flatsome-child/assets/css/maina6aa.css]
[kiierr.com/wp-content/themes/flatsome-child/stylee751.css]
[kiierr.com/index594f.html]
[kiierr.com/wp-content/themes/flatsome-child/assets/js/slick.minb84d.js]
[kiierr.com/wp-content/themes/flatsome-child/assets/css/main9da9.css]
[kiierr.com/wp-content/themes/flatsome-child/style81ae.css]
[kiierr.com/wp-content/themes/flatsome-child/assets/js/child-main94fa.js]
[cdn.jsdelivr.net/npm/slick-carousel@1.8.1/slick/slick.min6d5f.js]
[kiierr.com/product/miracle-wand-7-in-1-light-therapy-with-massage-heat-for-skincare/index988c.html]
[kiierr.com/wp-content/themes/flatsome-child/assets/js/slick.min9474.js]
[kiierr.com/wp-content/themes/flatsome-child/assets/css/maincd2e.css]
[kiierr.com/wp-content/themes/flatsome-child/style82f3.css]
[kiierr.com/wp-content/themes/flatsome-child/assets/js/child-main8fc6.js]
[cdn.jsdelivr.net/npm/slick-carousel@1.8.1/slick/slick.min7852.js]
[kiierr.com/product/miracle-wand-7-in-1-light-therapy-with-massage-heat-for-skincare/index4c4f.html]
[kiierr.com/product/miracle-wand-7-in-1-light-therapy-with-massage-heat-for-skincare/index651a.html]
[kiierr.com/product/miracle-wand-7-in-1-light-therapy-with-massage-heat-for-skincare/indexb0a1.html]
[kiierr.com/wp-content/themes/flatsome-child/assets/js/slick.minb22a.js]
[kiierr.com/product/miracle-wand-7-in-1-light-therapy-with-massage-heat-for-skincare/index8c02.html]
[kiierr.com/wp-content/themes/flatsome-child/assets/css/mainf1aa.css]
[kiierr.com/wp-content/themes/flatsome-child/assets/js/child-main4249.js]
[cdn.jsdelivr.net/npm/slick-carousel@1.8.1/slick/slick.min96d5.js]
[kiierr.com/product/miracle-wand-7-in-1-light-therapy-with-massage-heat-for-skincare/index3c75.html]
[kiierr.com/wp-content/themes/flatsome-child/assets/js/slick.min5c9f.js]
[kiierr.com/wp-content/themes/flatsome-child/assets/css/mainbe3d.css]
[kiierr.com/wp-content/themes/flatsome-child/styleb936.css]
[kiierr.com/wp-content/themes/flatsome-child/assets/js/child-main7a0f.js]
[cdn.jsdelivr.net/npm/slick-carousel@1.8.1/slick/slick.min1a03.js]
[kiierr.com/product/miracle-wand-7-in-1-light-therapy-with-massage-heat-for-skincare/index40f0.html]
[kiierr.com/product/miracle-wand-7-in-1-light-therapy-with-massage-heat-for-skincare/index66dd.html]
[kiierr.com/wp-content/themes/flatsome-child/assets/css/main90fb.css]
[kiierr.com/wp-content/themes/flatsome-child/style0f20.css]
[kiierr.com/index8cf3.html]
[kiierr.com/wp-content/themes/flatsome-child/assets/js/slick.min375f.js]
[kiierr.com/wp-content/themes/flatsome-child/assets/css/main0dc8.css]
[kiierr.com/wp-content/themes/flatsome-child/styled5d8.css]
[kiierr.com/wp-content/themes/flatsome-child/assets/js/child-mainae91.js]
[cdn.jsdelivr.net/npm/slick-carousel@1.8.1/slick/slick.minc399.js]
[kiierr.com/holiday-gifts/index4c4f.html]
[kiierr.com/wp-content/themes/flatsome-child/assets/js/slick.minfb31.js]
[kiierr.com/wp-content/themes/flatsome-child/assets/css/main2692.css]
[kiierr.com/wp-content/themes/flatsome-child/assets/js/child-maina47c.js]
[cdn.jsdelivr.net/npm/slick-carousel@1.8.1/slick/slick.minfdf0.js]
[kiierr.com/holiday-gifts/index8c02.html]
[kiierr.com/wp-content/themes/flatsome-child/assets/js/slick.min3146.js]
[kiierr.com/wp-content/themes/flatsome-child/assets/css/main1370.css]
[kiierr.com/wp-content/themes/flatsome-child/assets/js/child-mainc3ce.js]
[cdn.jsdelivr.net/npm/slick-carousel@1.8.1/slick/slick.minb84c.js]
[kiierr.com/holiday-gifts/index40f0.html]
[kiierr.com/wp-content/themes/flatsome-child/assets/js/slick.min0fce.js]
[kiierr.com/wp-content/themes/flatsome-child/assets/css/main5de3.css]
[kiierr.com/wp-content/themes/flatsome-child/stylefb0c.css]
[kiierr.com/wp-content/themes/flatsome-child/assets/js/child-main0f0e.js]
[cdn.jsdelivr.net/npm/slick-carousel@1.8.1/slick/slick.min64a2.js]
[kiierr.com/holiday-gifts/index66dd.html]
[kiierr.com/wp-content/themes/flatsome-child/assets/js/slick.minf4b4.js]
[kiierr.com/wp-content/themes/flatsome-child/assets/css/main7ddf.css]
[kiierr.com/wp-content/themes/flatsome-child/styleeeed.css]
[kiierr.com/wp-content/themes/flatsome-child/assets/js/child-main2ccf.js]
[cdn.jsdelivr.net/npm/slick-carousel@1.8.1/slick/slick.min12f0.js]
[kiierr.com/holiday-gifts/indexe113.html]
[kiierr.com/wp-content/themes/flatsome-child/assets/js/slick.mind892.js]
[kiierr.com/wp-content/themes/flatsome-child/assets/css/mainf5e9.css]
[kiierr.com/wp-content/themes/flatsome-child/style1f4f.css]
[kiierr.com/wp-content/themes/flatsome-child/assets/js/child-mainaf71.js]
[cdn.jsdelivr.net/npm/slick-carousel@1.8.1/slick/slick.min6e77.js]
[kiierr.com/holiday-gifts/indexb0a1.html]
[kiierr.com/wp-content/themes/flatsome-child/assets/js/slick.minf46f.js]
[kiierr.com/wp-content/themes/flatsome-child/assets/css/main6b0d.css]
[kiierr.com/wp-content/themes/flatsome-child/style44ac.css]
[kiierr.com/wp-content/themes/flatsome-child/assets/js/child-main9292.js]
[cdn.jsdelivr.net/npm/slick-carousel@1.8.1/slick/slick.min9a44.js]
[kiierr.com/holiday-gifts/index988c.html]
[kiierr.com/wp-content/themes/flatsome-child/assets/js/slick.minf2f4.js]
[kiierr.com/wp-content/themes/flatsome-child/assets/css/main9966.css]
[kiierr.com/wp-content/themes/flatsome-child/assets/js/child-main9afd.js]
[cdn.jsdelivr.net/npm/slick-carousel@1.8.1/slick/slick.minbaf1.js]
[kiierr.com/holiday-gifts/index600a.html]
[kiierr.com/wp-content/themes/flatsome-child/assets/js/slick.min96af.js]
[kiierr.com/wp-content/themes/flatsome-child/assets/css/maindefc.css]
[kiierr.com/wp-content/themes/flatsome-child/style6dc7.css]
[kiierr.com/wp-content/themes/flatsome-child/assets/js/child-mainec14.js]
[cdn.jsdelivr.net/npm/slick-carousel@1.8.1/slick/slick.min005b.js]
[kiierr.com/holiday-gifts/index651a.html]
[kiierr.com/wp-content/themes/flatsome-child/assets/js/slick.min1eeb.js]
[kiierr.com/wp-content/themes/flatsome-child/assets/css/main2038.css]
[kiierr.com/wp-content/themes/flatsome-child/styledd9a.css]
[kiierr.com/wp-content/themes/flatsome-child/assets/js/child-main591b.js]
[cdn.jsdelivr.net/npm/slick-carousel@1.8.1/slick/slick.minb3ed.js]
[kiierr.com/holiday-gifts/index3c75.html]
[kiierr.com/wp-content/themes/flatsome-child/assets/css/main0a63.css]
[kiierr.com/wp-content/themes/flatsome-child/style71ab.css]
[kiierr.com/indexb81e.html]
[kiierr.com/wp-content/plugins/expand-maker/css/readMoreStylesdd16.css]
[kiierr.com/wp-content/plugins/expand-maker/css/animatebae6.css]
[kiierr.com/wp-content/themes/flatsome-child/assets/css/main4641.css]
[kiierr.com/wp-content/themes/flatsome-child/style3d7f.css]
[kiierr.com/index724b.html]
[kiierr.com/wp-content/themes/flatsome-child/assets/css/main9fd9.css]
[kiierr.com/wp-content/themes/flatsome-child/style8a8e.css]
[kiierr.com/indexb10e.html]
[kiierr.com/wp-content/themes/flatsome-child/assets/css/main090d.css]
[kiierr.com/wp-content/themes/flatsome-child/styled358.css]
[kiierr.com/indexfb34.html]
[kiierr.com/wp-content/themes/flatsome-child/assets/images/No_Stress.svg]
[kiierr.com/wp-content/themes/flatsome-child/assets/images/Slightly_Stressed.svg]
[kiierr.com/wp-content/themes/flatsome-child/assets/images/Extremely_Stressed.svg]
[kiierr.com/wp-content/themes/flatsome-child/assets/images/Daily.svg]
[kiierr.com/wp-content/themes/flatsome-child/assets/images/Weekly.svg]
[kiierr.com/wp-content/themes/flatsome-child/assets/images/Monthly.svg]
[kiierr.com/wp-content/themes/flatsome-child/assets/images/1-male.svg]
[kiierr.com/wp-content/themes/flatsome-child/assets/images/2-male.svg]
[kiierr.com/wp-content/themes/flatsome-child/assets/images/3-male.svg]
[kiierr.com/wp-content/themes/flatsome-child/assets/images/4-male.svg]
[kiierr.com/wp-content/themes/flatsome-child/assets/images/1-Female.svg]
[kiierr.com/wp-content/themes/flatsome-child/assets/images/2-Female.svg]
[kiierr.com/wp-content/themes/flatsome-child/assets/images/3-Female.svg]
[kiierr.com/wp-content/themes/flatsome-child/assets/css/main41fc.css]
[kiierr.com/wp-content/themes/flatsome-child/stylee7a2.css]
[kiierr.com/index4ed8.html]
[kiierr.com/wp-content/themes/flatsome-child/assets/js/slick.min265d.js]
[kiierr.com/wp-content/themes/flatsome-child/assets/css/main0894.css]
[kiierr.com/wp-content/themes/flatsome-child/style7c09.css]
[kiierr.com/wp-content/themes/flatsome-child/assets/js/child-main460b.js]
[kiierr.com/lllt-for-hair-growth/feed/index.html]
[cdn.jsdelivr.net/npm/slick-carousel@1.8.1/slick/slick.min1da2.js]
[kiierr.com/wp-json/wp/v2/posts/24803.json]
[kiierr.com/wp-json/oembed/1.0/embed0493.json]
[kiierr.com/wp-json/oembed/1.0/embed55e1]
[kiierr.com/wp-content/uploads/2020/05/lllt-scientist-scaled-1024x684.jpg]
[kiierr.com/wp-content/uploads/2020/05/kiierr-laser-cap-before-and-after-photo.png]
[kiierr.com/wp-content/uploads/2020/05/woman-wearing-kiierr-hat-300x200.png]
[kiierr.com/wp-content/uploads/2021/01/272-w-box-2-300x300.png]
[kiierr.com/lllt-for-hair-growth/index.html]
[kiierr.com/wp-content/themes/flatsome-child/assets/js/slick.min89c0.js]
[kiierr.com/wp-content/themes/flatsome-child/assets/css/main2379.css]
[kiierr.com/wp-content/themes/flatsome-child/assets/js/child-main4354.js]
[kiierr.com/what-is-laser-hair-growth-and-how-does-it-work/feed/index.html]
[cdn.jsdelivr.net/npm/slick-carousel@1.8.1/slick/slick.mine9bb.js]
[kiierr.com/wp-json/wp/v2/posts/29183.json]
[kiierr.com/wp-json/oembed/1.0/embed853a.json]
[kiierr.com/wp-json/oembed/1.0/embedd0ed]
[kiierr.com/wp-content/uploads/2019/03/840E2547-5272-4796-B91E-B294EE523500.jpg]
[kiierr.com/wp-content/uploads/2020/08/kiierr-laser-caps.png]
[kiierr.com/wp-content/uploads/2020/04/Kiierr-Laser-Cap-Guaranteed-Hair-Growth-Improvement-Within-7-Months-1024x422.png]
[kiierr.com/wp-content/uploads/2020/04/try-kiierr-laser-caps-risk-free-button-300x89.png]
[kiierr.com/what-is-laser-hair-growth-and-how-does-it-work/index.html]
[kiierr.com/wp-content/themes/flatsome-child/assets/js/slick.min4578.js]
[kiierr.com/what-causes-hair-loss-an-overview/index.html]
[kiierr.com/the-best-diet-for-hair-growth/index.html]
[kiierr.com/wp-content/themes/flatsome-child/assets/css/main3e0a.css]
[kiierr.com/does-stress-cause-hair-loss/index.html]
[kiierr.com/hair-regrowth-101-everything-you-need-to-know/index.html]
[kiierr.com/alcohol-and-hair-loss-the-connection/index.html]
[kiierr.com/does-lack-of-sleep-cause-hair-loss/index.html]
[kiierr.com/wp-content/themes/flatsome-child/style7d49.css]
[kiierr.com/wp-content/themes/flatsome-child/assets/js/child-main996d.js]
[kiierr.com/the-essentials-for-healthy-hair/index.html]
[kiierr.com/diy-hair-growth/index.html]
[kiierr.com/the-5-best-natural-oils-to-get-that-hair-growing/index.html]
[kiierr.com/what-is-a-laser-hair-growth-cap/feed/index.html]
[kiierr.com/combating-a-receding-hairline-causes-symptoms-and-treatments/index.html]
[cdn.jsdelivr.net/npm/slick-carousel@1.8.1/slick/slick.min0292.js]
[kiierr.com/wp-json/wp/v2/posts/25838.json]
[kiierr.com/wp-json/oembed/1.0/embed4b17.json]
[kiierr.com/wp-json/oembed/1.0/embedd37b]
[kiierr.com/wp-content/uploads/2020/06/reviews-1.png]
[kiierr.com/wp-content/uploads/2020/06/272cap-300x300.png]
[kiierr.com/wp-content/uploads/2019/05/kiierrcap-withmanandwomanbycomuter-large-300x295.jpg]
[kiierr.com/what-is-a-laser-hair-growth-cap/index.html]
[kiierr.com/wp-content/themes/flatsome-child/assets/js/slick.mina66e.js]
[kiierr.com/wp-content/themes/flatsome-child/assets/css/mainc69b.css]
[kiierr.com/how-does-a-laser-hair-growth-cap-work-your-practical-guide/feed/index.html]
[kiierr.com/tag/what-is-a-laser-hair-growth-cap/index.html]
[kiierr.com/rice-water-for-hair-growth/index.html]
[kiierr.com/wp-content/themes/flatsome-child/style6624.css]
[kiierr.com/wp-content/themes/flatsome-child/assets/js/child-main5c6a.js]
[cdn.jsdelivr.net/npm/slick-carousel@1.8.1/slick/slick.min52b5.js]
[kiierr.com/wp-json/wp/v2/posts/41836.json]
[kiierr.com/wp-json/oembed/1.0/embed6af0.json]
[kiierr.com/wp-json/oembed/1.0/embedaef9]
[kiierr.com/wp-content/uploads/2021/03/Practical-Guide-to-Laser-Caps-2.png]
[kiierr.com/wp-content/uploads/2021/03/Before-and-after-photos-using-the-1-laser-cap.png]
[kiierr.com/wp-content/uploads/2021/03/Causes-of-hair-loss.png]
[kiierr.com/wp-content/uploads/2021/03/practical-guide-to-laser-caps.png]
[kiierr.com/wp-content/uploads/2021/03/The-hair-growth-cycle.png]
[kiierr.com/wp-content/uploads/2021/03/Kiierr-laser-cap-process-timeline.png]
[kiierr.com/wp-content/uploads/2021/03/Difference-in-Kiierr-laser-caps.png]
[kiierr.com/wp-content/uploads/2021/03/The-best-hair-loss-products-featuring-Kiierrs-laser-cap.png]
[kiierr.com/wp-content/uploads/2021/03/Before-and-after-photos-using-Kiierr-laser-cap.png]
[kiierr.com/how-does-a-laser-hair-growth-cap-work-your-practical-guide/index.html]
[kiierr.com/wp-content/themes/flatsome-child/assets/js/slick.min8b44.js]
[kiierr.com/the-best-hair-growth-products/index.html]
[kiierr.com/do-laser-caps-help-hair-regrowth/feed/index.html]
[kiierr.com/tag/hair-laser-cap/index.html]
[kiierr.com/wp-content/themes/flatsome-child/assets/css/main6ae5.css]
[kiierr.com/tag/laser-hair-growth-cap/index.html]
[kiierr.com/wp-content/themes/flatsome-child/stylee2cb.css]
[kiierr.com/wp-content/themes/flatsome-child/assets/js/child-main7dfb.js]
[cdn.jsdelivr.net/npm/slick-carousel@1.8.1/slick/slick.minfd30.js]
[kiierr.com/wp-json/wp/v2/posts/12914.json]
[kiierr.com/wp-json/oembed/1.0/embed81ec.json]
[kiierr.com/wp-json/oembed/1.0/embed56f6]
[kiierr.com/wp-content/uploads/2019/04/Screen-Shot-2019-04-16-at-9.35.13-PM-1024x590.png]
[kiierr.com/wp-content/uploads/2019/05/Kiierr-272-Premier-Laser-Cap-With-Banner.png]
[kiierr.com/wp-content/uploads/2020/02/do-laser-caps-work-1024x683.jpg]
[kiierr.com/wp-content/uploads/2020/03/the-importance-of-kiierr-hair-growth-supplements-1024x683.jpg]
[kiierr.com/wp-content/uploads/2019/05/Copy-of-Kiierr-Laser-Cap-before-and-after-hair-growth-image-1.png]
[kiierr.com/wp-content/uploads/2020/05/IMG-2582-1024x768.jpg]
[kiierr.com/wp-content/uploads/2019/04/Kevin-S.-Kiierr-Laser-Cap-BeforeAfter-Photo.jpg]
[kiierr.com/wp-content/uploads/2019/03/iPiccy-collage.jpg]
[kiierr.com/wp-content/themes/flatsome-child/assets/js/slick.minee9e.js]
[kiierr.com/do-laser-caps-help-hair-regrowth/index.html]
[kiierr.com/is-there-really-a-hat-that-grows-hair/index.html]
[kiierr.com/tag/do-laser-caps-help-hair-regrowth/index.html]
[kiierr.com/tag/does-laser-hair-therapy-work/index.html]
[kiierr.com/wp-content/themes/flatsome-child/assets/css/mainfb4e.css]
[kiierr.com/am-i-a-candidate-for-lllt/feed/index.html]
[kiierr.com/tag/do-lasers-really-regrow-hair/index.html]
[kiierr.com/wp-content/themes/flatsome-child/style25f6.css]
[kiierr.com/wp-content/themes/flatsome-child/assets/js/child-mainfdd1.js]
[cdn.jsdelivr.net/npm/slick-carousel@1.8.1/slick/slick.min42ef.js]
[kiierr.com/wp-json/wp/v2/posts/58326.json]
[kiierr.com/wp-json/oembed/1.0/embedc489.json]
[kiierr.com/wp-json/oembed/1.0/embed1120]
[kiierr.com/wp-content/uploads/2022/02/lllt-article10-1024x724.png]
[kiierr.com/wp-content/uploads/2022/02/lllt-article8-1024x724.png]
[kiierr.com/wp-content/uploads/2022/02/lllt-article7.png]
[kiierr.com/wp-content/uploads/2022/02/lllt-article2-1-1024x724.png]
[kiierr.com/wp-content/uploads/2022/02/THUMBNAIL-YOUTUBE-VIDEOS4.png]
[kiierr.com/wp-content/uploads/2022/02/Brandon-Wise230a.mp4]
[kiierr.com/wp-content/uploads/2022/02/Brandon-Wise.mp4]
[kiierr.com/wp-content/uploads/2022/02/IG-story-1024x1024.png]
[kiierr.com/wp-includes/js/mediaelement/mediaelementplayer-legacy.min1f61.css]
[kiierr.com/wp-includes/js/mediaelement/wp-mediaelement.minbae6.css]
[kiierr.com/wp-content/themes/flatsome-child/assets/js/slick.mine8a1.js]
[kiierr.com/wp-includes/js/mediaelement/mediaelement-and-player.min1f61.js]
[kiierr.com/wp-includes/js/mediaelement/mediaelement-migrate.minbae6.js]
[kiierr.com/wp-includes/js/mediaelement/wp-mediaelement.minbae6.js]
[kiierr.com/am-i-a-candidate-for-lllt/index.html]
[kiierr.com/wp-includes/js/mediaelement/renderers/vimeo.min1f61.js]
[kiierr.com/wp-content/themes/flatsome-child/assets/css/maind7e7.css]
[kiierr.com/do-laser-caps-work/feed/index.html]
[kiierr.com/wp-content/themes/flatsome-child/style446a.css]
[kiierr.com/wp-content/themes/flatsome-child/assets/js/child-main4037.js]
[cdn.jsdelivr.net/npm/slick-carousel@1.8.1/slick/slick.min6b1b.js]
[kiierr.com/wp-json/wp/v2/posts/18073.json]
[kiierr.com/wp-json/oembed/1.0/embedfddc.json]
[kiierr.com/wp-json/oembed/1.0/embedc029]
[kiierr.com/wp-content/uploads/2021/01/Copy-of-3-ways-Kiierr-laser-caps-helps-effectively-regrow-thinning-hair1-1024x536.png]
[kiierr.com/wp-content/uploads/2020/03/do-laser-caps-work-1.png]
[kiierr.com/wp-content/uploads/2021/01/Laser-Caps-Utilize-LLLT-Therapy-Discovered-In-The-1960s.png]
[kiierr.com/wp-content/uploads/2020/03/cold-laser-therapy-benefits-1024x683.jpg]
[kiierr.com/wp-content/uploads/2020/03/fda-cleared-5.02.02-PM-300x300.png]
[kiierr.com/wp-content/uploads/2020/03/ideal-candidate-for-laser-hair-growth-cap-1024x683.jpg]
[kiierr.com/wp-content/uploads/2018/04/Screen-Shot-2018-11-07-at-5.33.13-PM.png]
[kiierr.com/wp-content/uploads/2020/03/laser-cap-reviews-1-1024x483.png]
[kiierr.com/wp-content/uploads/2020/03/kiierr-laser-cap-review-images.png]
[kiierr.com/wp-content/uploads/2020/03/kiierr-laser-cap-for-hair-growth-specs.png]
[kiierr.com/wp-content/uploads/2019/04/Screen-Shot-2019-04-27-at-8.47.35-AM-1024x533.png]
[kiierr.com/do-laser-caps-work/index.html]
[kiierr.com/wp-content/themes/flatsome-child/assets/js/slick.min12cb.js]
[kiierr.com/tag/do-laser-caps-grow-hair/index.html]
[kiierr.com/tag/do-laser-caps-work-for-hair-loss/index.html]
[kiierr.com/wp-content/themes/flatsome-child/assets/css/maine956.css]
[kiierr.com/can-people-with-dark-skin-tones-use-lllt/feed/index.html]
[kiierr.com/tag/lllt/index.html]
[kiierr.com/wp-content/themes/flatsome-child/style32f1.css]
[kiierr.com/diy-masks-for-hair-health-and-growth/index.html]
[kiierr.com/wp-content/themes/flatsome-child/assets/js/child-main0e91.js]
[cdn.jsdelivr.net/npm/slick-carousel@1.8.1/slick/slick.min45bd.js]
[kiierr.com/wp-json/wp/v2/posts/47971.json]
[kiierr.com/wp-json/oembed/1.0/embed834e.json]
[kiierr.com/wp-json/oembed/1.0/embed4a56]
[kiierr.com/wp-content/uploads/2021/07/fitz-300x99.png]
[kiierr.com/wp-content/uploads/2021/08/LLLT-for-Dark-Skin-Tones-1024x724.png]
[kiierr.com/wp-content/uploads/2021/08/Before-and-After-Using-LLLT-1024x724.png]
[kiierr.com/wp-content/uploads/2021/08/Darker-Skin-Tones-1024x724.png]
[kiierr.com/wp-content/uploads/2021/08/Kiierr-Laser-Cap-for-Dark-Skin-Tones-1024x724.png]
[kiierr.com/wp-content/uploads/2022/02/IG-story.png]
[kiierr.com/wp-content/uploads/2021/03/Laser-Cap-Before-and-After-Photos.png]
[kiierr.com/can-people-with-dark-skin-tones-use-lllt/index.html]
[kiierr.com/wp-content/themes/flatsome-child/assets/js/slick.min4d7e.js]
[kiierr.com/wp-content/themes/flatsome-child/assets/css/main0fb1.css]
[kiierr.com/wp-content/themes/flatsome-child/style88e1.css]
[kiierr.com/10-most-faqs-about-hair-loss-and-lllt/feed/index.html]
[kiierr.com/wp-content/themes/flatsome-child/assets/js/child-main943d.js]
[kiierr.com/is-it-possible-to-make-my-hair-grow-faster/index.html]
[cdn.jsdelivr.net/npm/slick-carousel@1.8.1/slick/slick.min8681.js]
[kiierr.com/wp-json/wp/v2/posts/21137.json]
[kiierr.com/wp-json/oembed/1.0/embedae40.json]
[kiierr.com/wp-json/oembed/1.0/embed240e]
[kiierr.com/wp-content/uploads/2020/02/10-most-FAQ-about-hair-loss-and-lllt-scaled-1024x704.jpg]
[kiierr.com/wp-content/uploads/2020/02/stages-of-the-hair-growth-cycle-1024x1002.jpg]
[kiierr.com/wp-content/uploads/2020/02/male-pattern-baldness-is-the-most-common-form-of-hair-loss-in-men-1024x683.jpg]
[kiierr.com/wp-content/uploads/2020/03/kiierr-laser-cap.png]
[kiierr.com/wp-content/uploads/2017/04/Kiierr-272-Premier-Laser-Cap-Complete-Hair-Growth-System.jpg]
[kiierr.com/wp-content/uploads/2020/03/products-that-promote-hair-growth-1024x682.jpg]
[kiierr.com/wp-content/themes/flatsome-child/assets/js/slick.minf833.js]
[kiierr.com/10-most-faqs-about-hair-loss-and-lllt/index.html]
[kiierr.com/types-of-hair-loss-and-their-causes/index.html]
[kiierr.com/tag/faq-about-lllt/index.html]
[kiierr.com/the-hair-growth-cycle-stages-and-what-it-means-for-you/index.html]
[kiierr.com/tag/faq-about-hair-loss/index.html]
[kiierr.com/the-gravity-hair-loss-theory-explained/index.html]
[kiierr.com/5-important-facts-to-know-when-it-comes-to-laser-caps/feed/index.html]
[kiierr.com/wp-content/themes/flatsome-child/assets/css/main0954.css]
[kiierr.com/wp-content/themes/flatsome-child/style812b.css]
[kiierr.com/wp-content/themes/flatsome-child/assets/js/child-maind9e3.js]
[cdn.jsdelivr.net/npm/slick-carousel@1.8.1/slick/slick.min9feb.js]
[kiierr.com/wp-json/wp/v2/posts/13544.json]
[kiierr.com/wp-json/oembed/1.0/embed0349.json]
[kiierr.com/wp-json/oembed/1.0/embed79fe]
[kiierr.com/wp-content/uploads/2019/05/kiierrcap-withmanandwomanbycomuter-large.jpg]
[kiierr.com/wp-content/uploads/2020/03/laser-caps-for-hair-loss-1024x683.jpg]
[kiierr.com/wp-content/uploads/2019/04/46D3B9CD-0DD5-4B74-B424-98587433DADB-1024x683.jpg]
[kiierr.com/wp-content/uploads/2020/04/try-kiierr-laser-caps-risk-free-button.png]
[kiierr.com/wp-content/uploads/2019/04/CEA8FB02-1E8B-4CB0-9F6E-553A494EFC3E-1024x512.jpg]
[kiierr.com/wp-content/uploads/2019/04/02FA42BD-6868-4701-8415-ACE688AB6C12.jpg]
[kiierr.com/5-important-facts-to-know-when-it-comes-to-laser-caps/index.html]
[kiierr.com/wp-content/themes/flatsome-child/assets/js/slick.min3156.js]
[kiierr.com/tag/laser-caps-for-hair-regrowth/index.html]
[kiierr.com/tag/laser-therapy/index.html]
[kiierr.com/wp-content/themes/flatsome-child/assets/css/mainb12a.css]
[kiierr.com/tag/treating-hair-loss/index.html]
[kiierr.com/6-myths-of-laser-hair-caps/feed/index.html]
[kiierr.com/tag/laser-treatment-for-hair-loss-side-effects/index.html]
[kiierr.com/male-hair-loss-101/index.html]
[kiierr.com/wp-content/themes/flatsome-child/style7cc6.css]
[kiierr.com/wp-content/themes/flatsome-child/assets/js/child-main2754.js]
[cdn.jsdelivr.net/npm/slick-carousel@1.8.1/slick/slick.min53ed.js]
[kiierr.com/wp-json/wp/v2/posts/22122.json]
[kiierr.com/wp-json/oembed/1.0/embedc67e.json]
[kiierr.com/wp-json/oembed/1.0/embedfef5]
[kiierr.com/wp-content/uploads/2021/01/Kiierr-Black-Friday-Graphic-Ad_970x250.jpg]
[kiierr.com/wp-content/uploads/2020/11/pasted-image-0.png]
[kiierr.com/wp-content/uploads/2020/11/unnamed.png]
[kiierr.com/wp-content/uploads/2020/11/Treatment-Comparison-Chart-1-1024x768.png]
[kiierr.com/wp-content/uploads/2020/11/Laser-Caps-Infographic-410x1024.png]
[kiierr.com/6-myths-of-laser-hair-caps/index.html]
[kiierr.com/wp-content/themes/flatsome-child/assets/js/slick.minf41a.js]
[kiierr.com/tag/6-myths-of-laser-hair-caps/index.html]
[kiierr.com/tag/laser-cap-myths/index.html]
[kiierr.com/wp-content/themes/flatsome-child/assets/css/main26c5.css]
[kiierr.com/tag/red-light-therapy-cap-for-hair-loss/index.html]
[kiierr.com/tag/red-light-caps-for-hair-loss/index.html]
[kiierr.com/laser-devices-for-hair-growth-how-kiierr-stacks-up/feed/index.html]
[kiierr.com/wp-content/themes/flatsome-child/styleeb68.css]
[kiierr.com/what-is-a-trichologist/index.html]
[kiierr.com/wp-content/themes/flatsome-child/assets/js/child-main001c.js]
[cdn.jsdelivr.net/npm/slick-carousel@1.8.1/slick/slick.minc7f0.js]
[kiierr.com/wp-json/wp/v2/posts/30265.json]
[kiierr.com/wp-json/oembed/1.0/embed37b7.json]
[kiierr.com/wp-json/oembed/1.0/embed2d71]
[kiierr.com/wp-content/uploads/2020/09/laser-devices-for-hair-growth-1024x683.jpg]
[kiierr.com/wp-content/uploads/2020/09/the-best-laser-hair-growth-devices-1024x683.jpg]
[kiierr.com/wp-content/uploads/2020/08/kiierr-laser-caps-2.png]
[kiierr.com/wp-content/uploads/2020/09/laser-cap-1024x682.jpg]
[kiierr.com/wp-content/uploads/2020/09/kiierr-vs-hair-club-for-men-1024x700.jpg]
[kiierr.com/wp-content/uploads/2020/09/kiierr-vs-irestore-1024x682.jpg]
[kiierr.com/wp-content/uploads/2020/09/do-laser-hair-growth-devices-work-1024x684.jpg]
[kiierr.com/wp-content/uploads/2020/09/laser-devices-for-hair-growth-reviews-1024x683.jpg]
[kiierr.com/wp-content/uploads/2020/09/kiierr-vs-theradome-laser-helmet-1024x683.jpg]
[kiierr.com/wp-content/uploads/2020/09/kiierr-laser-cap-for-hair-loss.png]
[kiierr.com/wp-content/uploads/2020/09/kiierr-vs-igrow-1024x686.jpg]
[kiierr.com/wp-content/uploads/2020/09/kiierr-vs-bosley-laser-caps-1024x683.jpg]
[kiierr.com/wp-content/uploads/2020/09/kiierr-vs-illumiflow-1024x684.jpg]
[kiierr.com/wp-content/uploads/2020/09/laser-hair-growth-device-reviews.png]
[kiierr.com/laser-devices-for-hair-growth-how-kiierr-stacks-up/index.html]
[kiierr.com/wp-content/themes/flatsome-child/assets/js/slick.minb9a6.js]
[kiierr.com/tag/best-laser-hair-growth-device-reviews/index.html]
[kiierr.com/tag/laser-devices-for-hair-growth/index.html]
[kiierr.com/tag/best-laser-hair-growth-devices/index.html]
[kiierr.com/tag/do-laser-hair-growth-devices-work/index.html]
[kiierr.com/wp-content/themes/flatsome-child/assets/css/main46ea.css]
[kiierr.com/tag/laser-hair-growth/index.html]
[kiierr.com/tag/medical-grade-laser-hair-growth/index.html]
[kiierr.com/tag/laser-hair-growth-device/index.html]
[kiierr.com/wp-content/themes/flatsome-child/style555f.css]
[kiierr.com/a-complete-guide-to-kiierrs-laser-cap-for-hair-loss/feed/index.html]
[kiierr.com/tag/what-is-the-best-laser-hair-regrowth-system/index.html]
[kiierr.com/the-ins-and-outs-of-hair-loss/index.html]
[kiierr.com/wp-content/themes/flatsome-child/assets/js/child-main8324.js]
[cdn.jsdelivr.net/npm/slick-carousel@1.8.1/slick/slick.min12f9.js]
[kiierr.com/wp-json/wp/v2/posts/22276.json]
[kiierr.com/wp-json/oembed/1.0/embed1993.json]
[kiierr.com/wp-json/oembed/1.0/embed937c]
[kiierr.com/wp-content/uploads/2019/05/Copy-of-Kiierr-Laser-Cap-before-and-after-hair-growth-image.png]
[kiierr.com/wp-content/uploads/2017/05/the-ultimate-treatments-for-hair-loss-scaled.jpg]
[kiierr.com/wp-content/uploads/2020/03/hair-growth-cycle-scaled.jpg]
[kiierr.com/wp-content/uploads/2019/11/low-level-light-therapy-for-hair-regrowth.jpg]
[kiierr.com/wp-content/uploads/2019/11/kiierr-272premier-laser-cap-for-hair-growth.png]
[kiierr.com/wp-content/uploads/2019/12/2-year-extended-warranty_800x.jpg]
[kiierr.com/wp-content/uploads/2020/03/woman-wearing-kiierr-hat-1-1.png]
[kiierr.com/wp-content/uploads/2019/07/1CAD1D46-9F84-4925-8987-3D3332593CD6.jpg]
[kiierr.com/a-complete-guide-to-kiierrs-laser-cap-for-hair-loss/index.html]
[kiierr.com/wp-content/themes/flatsome-child/assets/js/slick.min0ddd.js]
[kiierr.com/tag/a-complete-guide-to-kiierrs-laser-cap-for-hair-loss/index.html]
[kiierr.com/wp-content/themes/flatsome-child/assets/css/main9144.css]
[kiierr.com/who-can-kiierr-help/feed/index.html]
[kiierr.com/the-importance-of-kiierr-hair-growth-supplements/index.html]
[kiierr.com/onion-juice-for-hair-growth/index.html]
[kiierr.com/wp-content/themes/flatsome-child/assets/js/child-mainfc3f.js]
[cdn.jsdelivr.net/npm/slick-carousel@1.8.1/slick/slick.minb021.js]
[kiierr.com/wp-json/wp/v2/posts/11379.json]
[kiierr.com/wp-json/oembed/1.0/embede7fa.json]
[kiierr.com/wp-json/oembed/1.0/embed5111]
[kiierr.com/wp-content/uploads/2018/09/B9CCDEDC-8B4D-42B7-9275-525240C550FB.jpg]
[kiierr.com/wp-content/uploads/2018/09/51430DC0-69B2-44CC-AAAF-E4900C8ACF36-300x207.jpg]
[kiierr.com/wp-content/uploads/2018/09/bigstock-175413265.jpg]
[kiierr.com/who-can-kiierr-help/index.html]
[kiierr.com/wp-content/themes/flatsome-child/assets/js/slick.minf7cc.js]
[kiierr.com/wp-content/themes/flatsome-child/assets/css/main62a0.css]
[kiierr.com/wp-content/themes/flatsome-child/style82b9.css]
[kiierr.com/the-top-4-reasons-to-try-a-kiierr-fda-cleared-laser-cap/feed/index.html]
[kiierr.com/wp-content/themes/flatsome-child/assets/js/child-main7f2f.js]
[kiierr.com/a-link-to-mcdonalds-fries-and-hair-growth/index.html]
[cdn.jsdelivr.net/npm/slick-carousel@1.8.1/slick/slick.minc93b.js]
[kiierr.com/wp-json/wp/v2/posts/53541.json]
[kiierr.com/wp-json/oembed/1.0/embedb3a1.json]
[kiierr.com/wp-json/oembed/1.0/embed4e56]
[d3k81ch9hvuctc.cloudfront.net/company/M4KZHf/images/65a2feeb-5b2b-43c1-a774-a6fa42ccdff0.jpg]
[d3k81ch9hvuctc.cloudfront.net/company/M4KZHf/images/91e97754-6fdf-44ce-9fd7-72aaadf29919.jpg]
[d3k81ch9hvuctc.cloudfront.net/company/M4KZHf/images/e75aaacb-8540-45b9-8d0e-7a65e2491ab7.jpg]
[d3k81ch9hvuctc.cloudfront.net/company/M4KZHf/images/2db44f54-8474-4d93-8eb8-84dc4cf286ab.png]
[d3k81ch9hvuctc.cloudfront.net/company/M4KZHf/images/ebd58fdf-2ed9-4ded-94d5-bd223fbd3424.png]
[d3k81ch9hvuctc.cloudfront.net/company/M4KZHf/images/a26fd752-eeee-430a-b365-a8b819d86c5e.png]
[d3k81ch9hvuctc.cloudfront.net/company/M4KZHf/images/c59f432f-2b0d-4e6a-aece-5e5247b5ae33.png]
[d3k81ch9hvuctc.cloudfront.net/company/M4KZHf/images/a69731de-44b3-447a-94b9-538adf48ae7a.jpg]
[d3k81ch9hvuctc.cloudfront.net/company/M4KZHf/images/c952c7ef-d2f7-4017-bc84-e697b206db6e.png]
[d3k81ch9hvuctc.cloudfront.net/company/M4KZHf/images/d4ab3e22-95d6-41ca-a450-60a92a00a110.jpg]
[d3k81ch9hvuctc.cloudfront.net/company/M4KZHf/images/50b6bbec-3141-4f21-97f4-506ab067bfda.png]
[d3k81ch9hvuctc.cloudfront.net/company/M4KZHf/images/3ba48585-bbc2-4958-81bf-b55c485b098c.png]
[d3k81ch9hvuctc.cloudfront.net/company/M4KZHf/images/43628567-407d-4559-91b8-54b42b09922d.png]
[d3k81ch9hvuctc.cloudfront.net/company/M4KZHf/images/03bf8dfc-4afb-4b54-b20c-b0d93a93a665.png]
[kiierr.com/the-top-4-reasons-to-try-a-kiierr-fda-cleared-laser-cap/index.html]
[kiierr.com/wp-content/themes/flatsome-child/assets/js/slick.minbba5.js]
[kiierr.com/wp-content/themes/flatsome-child/assets/css/main95fd.css]
[kiierr.com/wp-content/themes/flatsome-child/assets/js/child-main6f5d.js]
[kiierr.com/everything-you-need-to-know-about-low-level-light-therapy-lllt/feed/index.html]
[kiierr.com/ways-to-prevent-hair-loss-before-it-starts/index.html]
[cdn.jsdelivr.net/npm/slick-carousel@1.8.1/slick/slick.minb668.js]
[kiierr.com/wp-json/wp/v2/posts/20530.json]
[kiierr.com/wp-json/oembed/1.0/embedef0c.json]
[kiierr.com/wp-json/oembed/1.0/embedc057]
[kiierr.com/wp-content/uploads/2020/01/everything-you-need-to-know-about-low-level-light-therapy-scaled-1024x685.jpg]
[kiierr.com/wp-content/uploads/2020/01/laser-therapy-helps-decrease-inflammation-1024x684.jpg]
[kiierr.com/wp-content/uploads/2020/01/conditions-that-lllt-treats-1024x683.jpg]
[kiierr.com/wp-content/uploads/2020/01/lllt-and-hair-growth-1024x683.jpg]
[kiierr.com/wp-content/uploads/2020/03/hair-growth-cycle-1024x1002.jpg]
[kiierr.com/wp-content/uploads/2020/02/telogen-effluvium-1024x683.jpg]
[kiierr.com/everything-you-need-to-know-about-low-level-light-therapy-lllt/index.html]
[kiierr.com/wp-content/themes/flatsome-child/assets/js/slick.minc324.js]
[kiierr.com/do-lasers-help-regrow-hair/index.html]
[kiierr.com/wp-content/themes/flatsome-child/assets/css/main64dd.css]
[kiierr.com/how-lllt-helps-treat-alzheimers-depression-other-diseases/feed/index.html]
[kiierr.com/tag/everything-you-need-to-know-about-low-level-light-therapy/index.html]
[kiierr.com/wp-content/themes/flatsome-child/assets/js/child-mainacd1.js]
[kiierr.com/laser-hair-growth-treatment-how-and-why-it-works/index.html]
[cdn.jsdelivr.net/npm/slick-carousel@1.8.1/slick/slick.min36e1.js]
[kiierr.com/wp-json/wp/v2/posts/16844.json]
[kiierr.com/wp-json/oembed/1.0/embedf524.json]
[kiierr.com/wp-json/oembed/1.0/embed77bf]
[kiierr.com/wp-content/uploads/2019/10/woman-depressed-1024x680.jpg]
[kiierr.com/wp-content/uploads/2019/10/infrared-light-300x200.jpg]
[beautysmartcare.com/wp-content/uploads/2019/09/lllt-helping-brain.jpg]
[beautysmartcare.com/wp-content/uploads/2019/09/androgenetic-alopecia.jpg]
[kiierr.com/how-lllt-helps-treat-alzheimers-depression-other-diseases/index.html]
[kiierr.com/wp-content/themes/flatsome-child/assets/js/slick.min5fce.js]
[kiierr.com/do-lasers-help-regrow-hair-2/index.html]
[kiierr.com/jojoba-oil-hair-benefits/index.html]
[kiierr.com/wp-content/themes/flatsome-child/assets/css/maind5bc.css]
[kiierr.com/the-best-hair-growth-treatment/feed/index.html]
[kiierr.com/tag/low-level-lasers/index.html]
[kiierr.com/tag/alzheimers/index.html]
[kiierr.com/wp-content/themes/flatsome-child/styleace6.css]
[kiierr.com/wp-content/themes/flatsome-child/assets/js/child-main8ed0.js]
[cdn.jsdelivr.net/npm/slick-carousel@1.8.1/slick/slick.min28c2.js]
[kiierr.com/wp-json/wp/v2/posts/29910.json]
[kiierr.com/wp-json/oembed/1.0/embed14d3.json]
[kiierr.com/wp-json/oembed/1.0/embedffd8]
[kiierr.com/wp-content/uploads/2020/08/hair-growth-treatment-1024x683.jpg]
[kiierr.com/wp-content/uploads/2020/08/about-laser-caps-1024x608.jpg]
[kiierr.com/wp-content/uploads/2020/08/hair-loss-treatment.png]
[kiierr.com/wp-content/uploads/2020/08/kiierr-vs-rogaine-1024x683.jpg]
[kiierr.com/wp-content/uploads/2020/08/kiierr-vs-hairmax-1024x683.jpg]
[kiierr.com/wp-content/uploads/2020/08/best-hair-growth-scalp-treatment-scaled.jpg]
[kiierr.com/wp-content/uploads/2020/08/kiierr-vs-irestore-1024x683.jpg]
[kiierr.com/wp-content/uploads/2020/08/kiierr-vs-hims-1024x683.jpg]
[kiierr.com/wp-content/uploads/2020/08/kiierr-vs-igrow-1024x683.jpg]
[kiierr.com/wp-content/uploads/2020/08/best-hair-regrowth-treatment-1024x683.jpg]
[kiierr.com/the-best-hair-growth-treatment/index.html]
[kiierr.com/laser-cap-lllt-vs-prp-hair-loss/index.html]
[kiierr.com/wp-content/themes/flatsome-child/assets/js/slick.minae78.js]
[kiierr.com/wp-content/themes/flatsome-child/assets/css/main09b5.css]
[kiierr.com/wp-content/themes/flatsome-child/styled0c4.css]
[kiierr.com/laser-cap-vs-minoxidil/feed/index.html]
[kiierr.com/wp-content/themes/flatsome-child/assets/js/child-maina51d.js]
[kiierr.com/tag/best-hair-growth-treatment/index.html]
[cdn.jsdelivr.net/npm/slick-carousel@1.8.1/slick/slick.minda66.js]
[kiierr.com/wp-json/wp/v2/posts/61919.json]
[kiierr.com/wp-json/oembed/1.0/embedad58.json]
[kiierr.com/wp-json/oembed/1.0/embed154e]
[kiierr.com/laser-cap-vs-minoxidil/_wp_link_placeholder]
[kiierr.com/wp-content/uploads/2022/05/What-is-a-Laser-Cap.png]
[kiierr.com/laser-cap-vs-minoxidil/index.html]
[kiierr.com/wp-content/themes/flatsome-child/assets/js/slick.min7b52.js]
[kiierr.com/wp-content/themes/flatsome-child/assets/css/main9156.css]
[kiierr.com/wp-content/themes/flatsome-child/style980f.css]
[kiierr.com/wp-content/themes/flatsome-child/assets/js/child-maine378.js]
[kiierr.com/kiierr-vs-hairmax-reviews/feed/index.html]
[cdn.jsdelivr.net/npm/slick-carousel@1.8.1/slick/slick.min92d1.js]
[kiierr.com/wp-json/wp/v2/posts/27547.json]
[kiierr.com/wp-json/oembed/1.0/embeda5be.json]
[kiierr.com/wp-json/oembed/1.0/embed50f9]
[kiierr.com/wp-content/uploads/2021/01/Hairmax-Reviews-1024x724.png]
[kiierr.com/wp-content/uploads/2021/01/Hairmax-Laserbands-1024x724.png]
[kiierr.com/wp-content/uploads/2021/01/Hairmax-Laser-Cap-1024x724.png]
[kiierr.com/wp-content/uploads/2021/01/Kiierr-Before-and-After-1024x724.png]
[kiierr.com/wp-content/uploads/2021/01/Kiierr-Laser-Cap-for-Hair-Loss-1024x724.png]
[kiierr.com/wp-content/uploads/2021/01/Kiierr-vs.-Hairmax-1-1024x724.png]
[kiierr.com/wp-content/uploads/2021/01/Kiierr-Laser-Caps-1024x724.png]
[kiierr.com/kiierr-vs-hairmax-reviews/index.html]
[kiierr.com/wp-content/themes/flatsome-child/assets/js/slick.min4b08.js]
[kiierr.com/wp-content/themes/flatsome-child/assets/css/main97bf.css]
[kiierr.com/wp-content/themes/flatsome-child/assets/js/child-main19d7.js]
[cdn.jsdelivr.net/npm/slick-carousel@1.8.1/slick/slick.mincdcf.js]
[kiierr.com/wp-json/wp/v2/pages/95202.json]
[kiierr.com/wp-json/oembed/1.0/embed40a1.json]
[kiierr.com/wp-json/oembed/1.0/embed92fb]
[kiierr.com/wp-content/uploads/2025/01/Blog-Banner-for-Website-Content-1.png]
[kiierr.com/wp-content/uploads/2025/01/Kiierr-302-MD-Ultra-Flex-vs-iRestore-Elite-When-it-comes-to-hair-restoration-choosing-the-right-device-can-make-all-the-difference-1.png]
[kiierr.com/wp-content/uploads/2025/01/Untitled-design-16-2.png]
[kiierr.com/wp-content/uploads/2025/01/d-1.png]
[kiierr.com/wp-content/uploads/2025/01/2-73.png]
[kiierr.com/wp-content/uploads/2025/01/1-49.png]
[kiierr.com/wp-content/uploads/2025/01/Screenshot-2024-12-30-at-2.41.08 PM.png]
[kiierr.com/wp-content/uploads/2025/01/Screenshot-2024-12-30-at-2.42.05 PM.png]
[kiierr.com/wp-content/uploads/2025/01/Screenshot-2024-12-30-at-2.39.20 PM.png]
[kiierr.com/wp-content/uploads/2025/01/How-do-Kiierr-laser-caps-work-so-well-3-2.png]
[kiierr.com/wp-content/uploads/2025/01/Untitled-design-16-3.png]
[kiierr.com/kiierr-vs-irestore/index.html]
[kiierr.com/wp-content/themes/flatsome-child/assets/js/slick.min2872.js]
[kiierr.com/wp-content/themes/flatsome-child/assets/css/main7ef8.css]
[kiierr.com/wp-content/themes/flatsome-child/styleafe5.css]
[kiierr.com/kiierr-vs-theradome-laser-helmet-review/feed/index.html]
[kiierr.com/wp-content/themes/flatsome-child/assets/js/child-main5491.js]
[cdn.jsdelivr.net/npm/slick-carousel@1.8.1/slick/slick.mine1c7.js]
[kiierr.com/wp-json/wp/v2/posts/25864.json]
[kiierr.com/wp-json/oembed/1.0/embed29d3.json]
[kiierr.com/wp-json/oembed/1.0/embedf8e3]
[kiierr.com/wp-content/uploads/2021/05/Theradome-Laser-Helmet-1024x724.png]
[kiierr.com/wp-content/uploads/2021/05/Theradome-Laser-Helmet-Reviews-1024x724.png]
[kiierr.com/wp-content/uploads/2021/05/Kiierr-Laser-Cap-Before-After-Photos-1024x724.png]
[kiierr.com/wp-content/uploads/2021/05/Kiierr-Before-After-Photos-1024x724.png]
[kiierr.com/wp-content/uploads/2021/05/Theradome-vs.-Kiierr-1024x724.png]
[kiierr.com/wp-content/uploads/2021/05/Kiierr-LLLT-Cap-1024x724.png]
[kiierr.com/kiierr-vs-theradome-laser-helmet-review/index.html]
[kiierr.com/wp-content/themes/flatsome-child/assets/js/slick.mine6e5.js]
[kiierr.com/wp-content/themes/flatsome-child/assets/css/main6b80.css]
[kiierr.com/wp-content/themes/flatsome-child/styled757.css]
[kiierr.com/laser-caps-vs-hair-transplant-surgery-which-should-you-try-first/feed/index.html]
[kiierr.com/wp-content/themes/flatsome-child/assets/js/child-maine791.js]
[cdn.jsdelivr.net/npm/slick-carousel@1.8.1/slick/slick.minfbd2.js]
[kiierr.com/wp-json/wp/v2/posts/42233.json]
[kiierr.com/wp-json/oembed/1.0/embed8753.json]
[kiierr.com/wp-json/oembed/1.0/embed023e]
[kiierr.com/wp-content/uploads/2021/04/Kiierr-Laser-Caps-for-Hair-Loss-are-Better-Than-Hair-Transplants.png]
[kiierr.com/wp-content/uploads/2021/03/Photos-of-Hair-Transplant-1024x637.png]
[kiierr.com/wp-content/uploads/2021/03/Difference-between-FUT-and-FUE-1024x637.png]
[kiierr.com/wp-content/uploads/2021/03/Kiierr-Laser-Cap-1024x637.png]
[kiierr.com/wp-content/uploads/2021/03/Hair-Transplant-411-1024x637.png]
[kiierr.com/wp-content/uploads/2021/03/Scalp-Scar-1024x637.png]
[kiierr.com/wp-content/uploads/2021/03/Price-of-Kiierr-Laser-Cap-vs.-Hair-Transplant-1024x637.png]
[kiierr.com/wp-content/uploads/2021/03/Laser-Cap-Before-and-After-Photos-1024x637.png]
[kiierr.com/wp-content/uploads/2021/04/Kiierr-laser-caps-vs.-hair-transplants-conclusion.png]
[kiierr.com/wp-content/uploads/2021/03/try-kiierr-today-risk-free.jpg]
[kiierr.com/laser-caps-vs-hair-transplant-surgery-which-should-you-try-first/index.html]
[kiierr.com/wp-content/themes/flatsome-child/assets/js/slick.min9e4a.js]
[kiierr.com/wp-content/themes/flatsome-child/assets/css/main7b7a.css]
[kiierr.com/wp-content/themes/flatsome-child/style566e.css]
[kiierr.com/kiierr-laser-cap-vs-laser-comb-reviews/feed/index.html]
[kiierr.com/wp-content/themes/flatsome-child/assets/js/child-mainae52.js]
[cdn.jsdelivr.net/npm/slick-carousel@1.8.1/slick/slick.minc966.js]
[kiierr.com/wp-json/wp/v2/posts/28299.json]
[kiierr.com/wp-json/oembed/1.0/embede353.json]
[kiierr.com/wp-json/oembed/1.0/embed1a13]
[kiierr.com/wp-content/uploads/2020/07/laser-comb-for-hair-loss-1-1024x683.jpg]
[kiierr.com/wp-content/uploads/2020/07/laser-hair-comb-1024x684.jpg]
[kiierr.com/wp-content/uploads/2020/07/laser-comb-1024x683.jpg]
[kiierr.com/wp-content/uploads/2020/07/kiierr-laser-cap-1024x682.jpg]
[kiierr.com/wp-content/uploads/2020/07/laser-comb-reviews-1024x683.jpg]
[kiierr.com/kiierr-laser-cap-vs-laser-comb-reviews/index.html]
[kiierr.com/wp-content/themes/flatsome-child/assets/js/slick.minbc96.js]
[kiierr.com/wp-content/themes/flatsome-child/assets/css/main9c22.css]
[kiierr.com/hair-transplants-vs-kiierr/feed/index.html]
[kiierr.com/wp-content/themes/flatsome-child/stylecca9.css]
[kiierr.com/top-5-hair-growth-options/index.html]
[kiierr.com/wp-content/themes/flatsome-child/assets/js/child-main9622.js]
[cdn.jsdelivr.net/npm/slick-carousel@1.8.1/slick/slick.min4ea5.js]
[kiierr.com/wp-json/wp/v2/posts/11461.json]
[kiierr.com/wp-json/oembed/1.0/embed6ce0.json]
[kiierr.com/wp-json/oembed/1.0/embed48d2]
[kiierr.com/wp-content/uploads/2018/09/7F6D8820-6831-48EF-8714-67FD8F2DFA55-1024x958.jpg]
[kiierr.com/wp-content/uploads/2018/09/31D8B394-3D9C-4105-B3E5-18FC988D9571-300x169.jpg]
[kiierr.com/wp-content/uploads/2018/09/Screen-Shot-2018-09-24-at-11.58.50-AM-300x197.png]
[kiierr.com/wp-content/uploads/2018/09/C9021944-745F-4586-B10E-E944CB6B4199.jpg]
[kiierr.com/hair-transplants-vs-kiierr/index.html]
[kiierr.com/wp-content/themes/flatsome-child/assets/js/slick.minc774.js]
[kiierr.com/wp-content/themes/flatsome-child/assets/css/main8fe2.css]
[kiierr.com/wp-content/themes/flatsome-child/style9e16.css]
[kiierr.com/kiierr-vs-revian-red-hair-growth-system-review/feed/index.html]
[kiierr.com/wp-content/themes/flatsome-child/assets/js/child-mainc72d.js]
[kiierr.com/tag/hair-recovery/index.html]
[cdn.jsdelivr.net/npm/slick-carousel@1.8.1/slick/slick.min7e8e.js]
[kiierr.com/wp-json/wp/v2/posts/25867.json]
[kiierr.com/wp-json/oembed/1.0/embed9926.json]
[kiierr.com/wp-json/oembed/1.0/embedec22]
[kiierr.com/wp-content/uploads/2021/01/Revian-Red-vs.-Kiierr-1024x724.png]
[kiierr.com/wp-content/uploads/2021/01/Revian-Red-Hair-Growth-1024x724.png]
[kiierr.com/wp-content/uploads/2021/01/Kiierr-Laser-Cap-Photos-1024x724.png]
[kiierr.com/wp-content/uploads/2021/01/Laser-Caps-for-Hair-Loss-1024x724.png]
[kiierr.com/wp-content/uploads/2021/01/Comparing-Revian-Red-to-Kiierr-1024x724.png]
[kiierr.com/wp-content/uploads/2021/01/Revian-Red-v.-Kiierr-1024x724.png]
[kiierr.com/kiierr-vs-revian-red-hair-growth-system-review/index.html]
[kiierr.com/wp-content/themes/flatsome-child/assets/js/slick.min7a89.js]
[kiierr.com/tag/kiierr-vs-revian-laser-cap/index.html]
[kiierr.com/tag/revian-red-reviews/index.html]
[kiierr.com/wp-content/themes/flatsome-child/assets/css/main068b.css]
[kiierr.com/kiierr-vs-illumiflow-reviews/feed/index.html]
[kiierr.com/tag/laser-hair-growth-caps/index.html]
[kiierr.com/tag/revian-red-hair-growth-system/index.html]
[kiierr.com/wp-content/themes/flatsome-child/assets/js/child-main1a3d.js]
[cdn.jsdelivr.net/npm/slick-carousel@1.8.1/slick/slick.min95e0.js]
[kiierr.com/wp-json/wp/v2/posts/11729.json]
[kiierr.com/wp-json/oembed/1.0/embed33b0.json]
[kiierr.com/wp-json/oembed/1.0/embed48d9]
[kiierr.com/wp-content/uploads/2021/01/Illumiflow-reviews-image.jpg]
[kiierr.com/wp-content/uploads/2020/03/ilumiflow-272-laser-cap-1024x683.jpg]
[kiierr.com/wp-content/uploads/2019/05/Kiierr-272-Premier-Laser-Cap-Bundle-White-Logo.png]
[kiierr.com/wp-content/uploads/2021/01/Illimiflow-v.-Kiierr-image-with-all-details.jpg]
[kiierr.com/wp-content/uploads/2020/08/kiierr-laser-cap-before-and-after-photo.png]
[kiierr.com/wp-content/uploads/2021/01/Illumiflow-review-plus-cap.jpg]
[kiierr.com/kiierr-vs-illumiflow-reviews/index.html]
[kiierr.com/wp-content/themes/flatsome-child/assets/js/slick.minbda7.js]
[kiierr.com/wp-content/themes/flatsome-child/assets/css/mainf2b9.css]
[kiierr.com/tag/hair-technology/index.html]
[kiierr.com/tag/illumiflow-laser-caps/index.html]
[kiierr.com/kiierr-vs-grivamax-laser-cap-review/feed/index.html]
[kiierr.com/wp-content/themes/flatsome-child/style6524.css]
[kiierr.com/balding-hairstyles-for-men/index.html]
[kiierr.com/wp-content/themes/flatsome-child/assets/js/child-maine114.js]
[cdn.jsdelivr.net/npm/slick-carousel@1.8.1/slick/slick.min83c5.js]
[kiierr.com/wp-json/wp/v2/posts/25869.json]
[kiierr.com/wp-json/oembed/1.0/embedeecb.json]
[kiierr.com/wp-json/oembed/1.0/embedfdde]
[kiierr.com/wp-content/uploads/2020/06/kiierr-vs-grivamax-laser-cap-review-scaled-1024x576.jpg]
[kiierr.com/wp-content/uploads/2020/06/grivamax-1024x683.jpg]
[kiierr.com/wp-content/uploads/2020/06/grivamax-laser-cap-1024x683.jpg]
[kiierr.com/wp-content/uploads/2020/06/kiierr-vs-grivamax-1024x791.jpg]
[kiierr.com/wp-content/uploads/2020/06/kiierr-laser-cap-reviews-1024x675.jpg]
[kiierr.com/wp-content/uploads/2020/06/laser-hair-cap-review-1024x683.jpg]
[kiierr.com/kiierr-vs-grivamax-laser-cap-review/index.html]
[kiierr.com/wp-content/themes/flatsome-child/assets/js/slick.mind4a3.js]
[kiierr.com/tag/grivamax-272-laser-cap/index.html]
[kiierr.com/tag/grivamax-laser-cap/index.html]
[kiierr.com/wp-content/themes/flatsome-child/assets/css/main8099.css]
[kiierr.com/tag/grivamax-laser-cap-review/index.html]
[kiierr.com/kiierr-vs-bosley-hair-products/feed/index.html]
[kiierr.com/tag/kiierr-vs-grivamax-laser-cap-review/index.html]
[kiierr.com/home-remedies-for-hair-growth/index.html]
[kiierr.com/wp-content/themes/flatsome-child/assets/js/child-main2ddf.js]
[cdn.jsdelivr.net/npm/slick-carousel@1.8.1/slick/slick.min35c1.js]
[kiierr.com/wp-json/wp/v2/posts/29082.json]
[kiierr.com/wp-json/oembed/1.0/embed518b.json]
[kiierr.com/wp-json/oembed/1.0/embed3e15]
[kiierr.com/wp-content/uploads/2020/08/bosley-for-hair.png]
[kiierr.com/wp-content/uploads/2020/03/how-does-bosley-work-1024x599.jpg]
[kiierr.com/wp-content/uploads/2020/08/bosley-reviews-1024x702.jpg]
[kiierr.com/wp-content/uploads/2020/08/kiierr-hair-products.png]
[kiierr.com/wp-content/uploads/2020/08/bosley-cost.png]
[kiierr.com/kiierr-vs-bosley-hair-products/index.html]
[kiierr.com/wp-content/themes/flatsome-child/assets/js/slick.minb1bb.js]
[kiierr.com/wp-content/themes/flatsome-child/assets/css/main9267.css]
[kiierr.com/wp-content/themes/flatsome-child/style31d2.css]
[kiierr.com/wp-content/themes/flatsome-child/assets/js/child-main57cd.js]
[kiierr.com/minoxidil-hair-loss-review-vs-kiierr/feed/index.html]
[cdn.jsdelivr.net/npm/slick-carousel@1.8.1/slick/slick.min44e7.js]
[kiierr.com/wp-json/wp/v2/posts/31266.json]
[kiierr.com/wp-json/oembed/1.0/embed24c6.json]
[kiierr.com/wp-json/oembed/1.0/embedc590]
[kiierr.com/wp-content/uploads/2020/09/minoxidil-hair-loss-1024x672.jpg]
[kiierr.com/wp-content/uploads/2020/09/what-is-minoxidil-for-hair-loss-1024x594.jpg]
[kiierr.com/wp-content/uploads/2020/09/minoxidil-1024x683.jpg]
[kiierr.com/wp-content/uploads/2020/09/minoxidil-foam-vs-liquid-1024x683.jpg]
[kiierr.com/wp-content/uploads/2020/09/minoxidil-pills-1024x684.jpg]
[kiierr.com/wp-content/uploads/2020/09/minoxidil-causing-hair-loss-1024x683.jpg]
[kiierr.com/wp-content/uploads/2020/08/kiierr-laser-caps-1.png]
[kiierr.com/wp-content/uploads/2020/09/minoxidil-hair-growth-review-1024x683.jpg]
[kiierr.com/minoxidil-hair-loss-review-vs-kiierr/index.html]
[kiierr.com/wp-content/themes/flatsome-child/assets/js/slick.min2d08.js]
[kiierr.com/propecia-for-women-and-men-vs-kiierr/feed/index.html]
[kiierr.com/wp-content/themes/flatsome-child/assets/css/main2104.css]
[kiierr.com/trichologist-who-they-are-and-what-they-do/index.html]
[kiierr.com/postpartum-hair-loss-the-ultimate-treatment-guide/index.html]
[kiierr.com/wp-content/themes/flatsome-child/styled366.css]
[kiierr.com/wp-content/themes/flatsome-child/assets/js/child-maincd05.js]
[cdn.jsdelivr.net/npm/slick-carousel@1.8.1/slick/slick.min4313.js]
[kiierr.com/wp-json/wp/v2/posts/30734.json]
[kiierr.com/wp-json/oembed/1.0/embedc72d.json]
[kiierr.com/wp-json/oembed/1.0/embed5066]
[kiierr.com/wp-content/uploads/2020/09/propecia-for-women-and-men-1024x683.jpg]
[kiierr.com/wp-content/uploads/2020/09/propecia-for-hair-loss-1024x683.jpg]
[kiierr.com/wp-content/uploads/2020/09/propecia-for-women-1024x683.jpg]
[kiierr.com/wp-content/uploads/2020/09/propecia-for-men-1024x683.jpg]
[kiierr.com/wp-content/uploads/2020/09/propecia-side-effects-1024x576.jpg]
[kiierr.com/wp-content/uploads/2020/09/propecia-cost-1024x576.jpg]
[kiierr.com/wp-content/uploads/2020/09/propecia-reviews-1024x683.jpg]
[kiierr.com/propecia-for-women-and-men-vs-kiierr/index.html]
[kiierr.com/wp-content/themes/flatsome-child/assets/js/slick.mind676.js]
[kiierr.com/wp-content/themes/flatsome-child/assets/css/maina3a7.css]
[kiierr.com/hairclub-vs-kiierr/feed/index.html]
[kiierr.com/wp-content/themes/flatsome-child/style8539.css]
[kiierr.com/wp-content/themes/flatsome-child/assets/js/child-mainfb96.js]
[kiierr.com/tag/propecia-for-women-and-men-vs-kiierr/index.html]
[cdn.jsdelivr.net/npm/slick-carousel@1.8.1/slick/slick.minb62b.js]
[kiierr.com/wp-json/wp/v2/posts/30112.json]
[kiierr.com/wp-json/oembed/1.0/embedd484.json]
[kiierr.com/wp-json/oembed/1.0/embedd704]
[kiierr.com/wp-content/uploads/2020/08/hairclub-vs-kiierr-1024x682.jpg]
[kiierr.com/wp-content/uploads/2020/08/hairclub-1024x683.jpg]
[kiierr.com/wp-content/uploads/2020/08/hair-club-products-1024x684.jpg]
[kiierr.com/wp-content/uploads/2020/08/hairclub-for-men-1024x683.jpg]
[kiierr.com/wp-content/uploads/2020/08/hair-club-cost-1024x683.jpg]
[kiierr.com/wp-content/uploads/2020/07/how-to-treat-hair-loss.png]
[kiierr.com/wp-content/uploads/2020/08/hairclub-reviews-vs-kiierr-1024x683.jpg]
[kiierr.com/wp-content/uploads/2020/07/kiierr272premier-laser-hair-growth-cap.png]
[kiierr.com/hairclub-vs-kiierr/index.html]
[kiierr.com/wp-content/themes/flatsome-child/assets/js/slick.mined2d.js]
[kiierr.com/tag/hairclub/index.html]
[kiierr.com/wp-content/themes/flatsome-child/assets/css/maina054.css]
[kiierr.com/rogaine-reviews-vs-kiierr/feed/index.html]
[kiierr.com/tag/hairclub-for-men/index.html]
[kiierr.com/wp-content/themes/flatsome-child/styled940.css]
[kiierr.com/tag/hairclub-vs-kiierr/index.html]
[kiierr.com/wp-content/themes/flatsome-child/assets/js/child-main8ed6.js]
[cdn.jsdelivr.net/npm/slick-carousel@1.8.1/slick/slick.min2610.js]
[kiierr.com/wp-json/wp/v2/posts/29848.json]
[kiierr.com/wp-json/oembed/1.0/embedbced.json]
[kiierr.com/wp-json/oembed/1.0/embed3d72]
[kiierr.com/wp-content/uploads/2020/08/rogaine-1024x683.jpg]
[kiierr.com/wp-content/uploads/2020/08/rogaine-for-men-and-women-1024x684.jpg]
[kiierr.com/wp-content/uploads/2020/08/rogaine-side-effects-1024x707.jpg]
[kiierr.com/wp-content/uploads/2020/08/rogaine-vs-kiierr-1024x683.jpg]
[kiierr.com/wp-content/uploads/2020/08/rogaine-before-and-after-1024x500.jpg]
[kiierr.com/rogaine-reviews-vs-kiierr/index.html]
[kiierr.com/wp-content/themes/flatsome-child/assets/js/slick.min7c8d.js]
[kiierr.com/tag/rogaine/index.html]
[kiierr.com/tag/rogaine-before-and-after/index.html]
[kiierr.com/wp-content/themes/flatsome-child/assets/css/main8eb2.css]
[kiierr.com/kiierr-vs-igrow/feed/index.html]
[kiierr.com/how-to-take-care-of-your-hair-the-ultimate-guide/index.html]
[kiierr.com/wp-content/themes/flatsome-child/stylea271.css]
[kiierr.com/tag/rogaine-reviews/index.html]
[kiierr.com/wp-content/themes/flatsome-child/assets/js/child-main58f9.js]
[cdn.jsdelivr.net/npm/slick-carousel@1.8.1/slick/slick.min5f77.js]
[kiierr.com/wp-json/wp/v2/posts/11575.json]
[kiierr.com/wp-json/oembed/1.0/embedbe8d.json]
[kiierr.com/wp-json/oembed/1.0/embed1351]
[kiierr.com/wp-content/uploads/2018/10/igrow-helmet-vs-kiierr-1024x683.jpg]
[kiierr.com/wp-content/uploads/2018/10/igrow-laser-cap-1024x685.jpg]
[kiierr.com/wp-content/uploads/2018/10/igrow-laser-helmet-review-1024x683.jpg]
[kiierr.com/wp-content/uploads/2018/10/igrow-hair-helmet-vs-kiierr-1024x683.jpg]
[kiierr.com/kiierr-vs-igrow/index.html]
[kiierr.com/wp-content/themes/flatsome-child/assets/js/slick.min9873.js]
[kiierr.com/wp-content/themes/flatsome-child/assets/css/maind8be.css]
[kiierr.com/roman-hair-loss-products-vs-kiierr/feed/index.html]
[kiierr.com/tag/igrow-laser-caps/index.html]
[kiierr.com/tag/low-level-light-therapy/index.html]
[kiierr.com/wp-content/themes/flatsome-child/stylebec3.css]
[kiierr.com/wp-content/themes/flatsome-child/assets/js/child-maind2d3.js]
[cdn.jsdelivr.net/npm/slick-carousel@1.8.1/slick/slick.min0d67.js]
[kiierr.com/wp-json/wp/v2/posts/29564.json]
[kiierr.com/wp-json/oembed/1.0/embed8851.json]
[kiierr.com/wp-json/oembed/1.0/embed3ffc]
[kiierr.com/wp-content/uploads/2020/08/roman-haircut-1024x682.jpg]
[kiierr.com/wp-content/uploads/2020/08/reasons-for-hair-loss-1024x720.jpg]
[kiierr.com/wp-content/uploads/2020/08/roman-hair-1024x683.jpg]
[kiierr.com/wp-content/uploads/2020/08/roman-hair-loss-products-1024x683.jpg]
[kiierr.com/wp-content/uploads/2020/08/roman-hair-growth-review-1024x683.jpg]
[kiierr.com/roman-hair-loss-products-vs-kiierr/index.html]
[kiierr.com/wp-content/themes/flatsome-child/assets/js/slick.min7a79.js]
[kiierr.com/tag/roman-hair-loss/index.html]
[kiierr.com/tag/roman-hair/index.html]
[kiierr.com/tag/roman-hair-products/index.html]
[kiierr.com/tag/roman-hair-loss-products/index.html]
[kiierr.com/tag/roman-vs-kiierr/index.html]
[kiierr.com/wp-content/themes/flatsome-child/assets/css/mainfefe.css]
[kiierr.com/hair-loss-in-men-vs-women/index.html]
[kiierr.com/wp-content/themes/flatsome-child/styled30d.css]
[kiierr.com/finasteride-for-hair-loss-vs-kiierr/feed/index.html]
[kiierr.com/achieving-hair-growth-with-ginger/index.html]
[kiierr.com/wp-content/themes/flatsome-child/assets/js/child-maine8e7.js]
[cdn.jsdelivr.net/npm/slick-carousel@1.8.1/slick/slick.mine78b.js]
[kiierr.com/wp-json/wp/v2/posts/30207.json]
[kiierr.com/wp-json/oembed/1.0/embed6751.json]
[kiierr.com/wp-json/oembed/1.0/embed36be]
[kiierr.com/wp-content/uploads/2020/09/finasteride-for-hair-loss-vs-kiierr-1024x682.jpg]
[kiierr.com/wp-content/uploads/2020/09/finasteride-1024x682.jpg]
[kiierr.com/wp-content/uploads/2020/09/finasteride-for-hair-loss-1024x671.jpg]
[kiierr.com/wp-content/uploads/2020/09/finasteride-for-hair-growth-1024x683.jpg]
[kiierr.com/wp-content/uploads/2020/09/finasteride-dosage-for-hair-loss-1024x661.jpg]
[kiierr.com/wp-content/uploads/2020/09/finasteride-side-effects-1024x651.jpg]
[kiierr.com/wp-content/uploads/2020/09/finasteride-warnings-1024x723.jpg]
[kiierr.com/wp-content/uploads/2020/09/finasteride-alternative-options.png]
[kiierr.com/wp-content/uploads/2020/09/finasteride-review-1024x683.jpg]
[kiierr.com/finasteride-for-hair-loss-vs-kiierr/index.html]
[kiierr.com/wp-content/themes/flatsome-child/assets/js/slick.min1a70.js]
[kiierr.com/hims-hair-products-vs-kiierr/feed/index.html]
[kiierr.com/wp-content/themes/flatsome-child/assets/css/mainba32.css]
[kiierr.com/tag/finasteride/index.html]
[kiierr.com/wp-content/themes/flatsome-child/style5a44.css]
[kiierr.com/tag/finasteride-for-hair-loss/index.html]
[kiierr.com/wp-content/themes/flatsome-child/assets/js/child-maine7a1.js]
[cdn.jsdelivr.net/npm/slick-carousel@1.8.1/slick/slick.min88f1.js]
[kiierr.com/wp-json/wp/v2/posts/29419.json]
[kiierr.com/wp-json/oembed/1.0/embed33df.json]
[kiierr.com/wp-json/oembed/1.0/embed59da]
[kiierr.com/wp-content/uploads/2020/08/hims-hair-1024x683.jpg]
[kiierr.com/wp-content/uploads/2020/08/hims-hair-loss-1024x683.jpg]
[kiierr.com/wp-content/uploads/2020/08/hims-hair-products-1024x671.jpg]
[kiierr.com/wp-content/uploads/2020/08/hims-hair-review-1024x576.jpg]
[kiierr.com/wp-content/uploads/2020/08/hims-hair-review.png]
[kiierr.com/hims-hair-products-vs-kiierr/index.html]
[kiierr.com/wp-content/themes/flatsome-child/assets/js/slick.min7362.js]
[kiierr.com/tag/hims-hair/index.html]
[kiierr.com/tag/hims-hair-products/index.html]
[kiierr.com/wp-content/themes/flatsome-child/assets/css/main65e1.css]
[kiierr.com/tag/hims-hair-review/index.html]
[kiierr.com/kiierr-vs-keranique-reviews/feed/index.html]
[kiierr.com/wp-content/themes/flatsome-child/style9421.css]
[kiierr.com/indulge-your-hair-with-essential-oils/index.html]
[kiierr.com/wp-content/themes/flatsome-child/assets/js/child-maine479.js]
[cdn.jsdelivr.net/npm/slick-carousel@1.8.1/slick/slick.min81ba.js]
[kiierr.com/wp-json/wp/v2/posts/29244.json]
[kiierr.com/wp-json/oembed/1.0/embed394b.json]
[kiierr.com/wp-json/oembed/1.0/embede2fe]
[kiierr.com/wp-content/uploads/2020/08/keranique-reviews-1024x710.jpg]
[kiierr.com/wp-content/uploads/2020/08/hair-growth-cycle-1024x709.jpg]
[kiierr.com/wp-content/uploads/2020/08/keranique-for-hair-1024x683.jpg]
[kiierr.com/wp-content/uploads/2020/08/kiierr-vs-keranique-hair-products-1024x683.jpg]
[kiierr.com/wp-content/uploads/2020/08/kiierr-272-laser-cap-300x300.png]
[kiierr.com/wp-content/uploads/2020/08/kiierr-vs-keranique-products.png]
[kiierr.com/wp-content/uploads/2020/09/kiierr-laser-cap-testimonial-beforeafter-treatment-image-older-woman.png]
[kiierr.com/wp-content/uploads/2020/09/kiierr-laser-cap-testimonial-beforeafter-treatment-image-older-woman-after-treatment-image.png]
[kiierr.com/kiierr-vs-keranique-reviews/index.html]
[kiierr.com/wp-content/themes/flatsome-child/assets/js/slick.min0652.js]
[kiierr.com/tag/keranique-hair-growth-treatment/index.html]
[kiierr.com/wp-content/themes/flatsome-child/assets/css/main3d88.css]
[kiierr.com/tag/reviews-of-keranique/index.html]
[kiierr.com/tag/keranique-hair-regrowth-reviews/index.html]
[kiierr.com/indexaf94.html]
[kiierr.com/wp-content/themes/flatsome-child/assets/css/main902a.css]
[kiierr.com/wp-content/themes/flatsome-child/stylec0f1.css]
[kiierr.com/index2cce.html]
[kiierr.com/wp-content/themes/flatsome-child/assets/css/mainc7aa.css]
[kiierr.com/wp-content/themes/flatsome-child/styledd99.css]
[kiierr.com/index17d9.html]
[kiierr.com/tag/keranique-reviews/index.html]
[kiierr.com/how-ingredients-in-your-shampoo-might-be-harming-your-locks/index.html]
[kiierr.com/eating-your-way-to-thicker-stronger-hair/index.html]
[kiierr.com/wp-content/themes/flatsome-child/assets/css/main59f0.css]
[kiierr.com/wp-content/themes/flatsome-child/styleff5f.css]
[kiierr.com/wp-content/themes/flatsome-child/assets/js/child-maind3fd.js]
[cdn.jsdelivr.net/npm/slick-carousel@1.8.1/slick/slick.minf270.js]
[kiierr.com/blog/page/images/shdow.png]
[kiierr.com/blog/page/2/index.html]
[kiierr.com/wp-content/themes/flatsome-child/assets/css/maina7e9.css]
[kiierr.com/wp-content/themes/flatsome-child/style9460.css]
[kiierr.com/wp-content/themes/flatsome-child/assets/js/slick.minb8ef.js]
[kiierr.com/wp-content/themes/flatsome-child/assets/css/main7e90.css]
[kiierr.com/wp-content/themes/flatsome-child/style03cd.css]
[kiierr.com/soothing-scalp-massage-for-hair-growth-a-step-by-step-guide/feed/index.html]
[kiierr.com/wp-content/themes/flatsome-child/assets/js/child-main8ad3.js]
[kiierr.com/blog/page/5/index.html]
[cdn.jsdelivr.net/npm/slick-carousel@1.8.1/slick/slick.min484a.js]
[kiierr.com/wp-json/wp/v2/posts/94573.json]
[kiierr.com/wp-json/oembed/1.0/embed02db.json]
[kiierr.com/wp-json/oembed/1.0/embedb64c]
[kiierr.com/wp-content/uploads/2024/12/4-1024x576.png]
[kiierr.com/wp-content/uploads/2024/12/2-1024x576.png]
[kiierr.com/wp-content/uploads/2024/12/3-1024x576.png]
[kiierr.com/wp-content/uploads/2023/02/Jolene-Anderson-Author-Co-Founder-Kiierr.com_-150x150-1.png]
[kiierr.com/soothing-scalp-massage-for-hair-growth-a-step-by-step-guide/index.html]
[kiierr.com/wp-content/themes/flatsome-child/assets/js/slick.mindcd8.js]
[kiierr.com/wp-content/themes/flatsome-child/assets/css/mainf107.css]
[kiierr.com/wp-content/themes/flatsome-child/style87ce.css]
[kiierr.com/author/service/feed/index.html]
[kiierr.com/wp-content/themes/flatsome-child/assets/js/child-maind6ca.js]
[cdn.jsdelivr.net/npm/slick-carousel@1.8.1/slick/slick.min9eda.js]
[kiierr.com/wp-json/wp/v2/users/126]
[kiierr.com/author/images/shdow.png]
[kiierr.com/author/service/index.html]
[kiierr.com/wp-content/themes/flatsome-child/assets/js/slick.mina67e.js]
[kiierr.com/wp-content/themes/flatsome-child/assets/css/main1bc2.css]
[kiierr.com/wp-content/themes/flatsome-child/style8dd1.css]
[kiierr.com/wp-content/themes/flatsome-child/assets/js/child-maind8c3.js]
[kiierr.com/unveiling-the-culprits-causes-of-hair-loss-and-effective-solutions/feed/index.html]
[cdn.jsdelivr.net/npm/slick-carousel@1.8.1/slick/slick.min4344.js]
[kiierr.com/wp-json/wp/v2/posts/92020.json]
[kiierr.com/wp-json/oembed/1.0/embede661.json]
[kiierr.com/wp-json/oembed/1.0/embeda107]
[kiierr.com/wp-content/uploads/2024/11/4-1024x576.png]
[kiierr.com/wp-content/uploads/2024/11/3-1024x576.png]
[kiierr.com/wp-content/uploads/2024/11/6-1024x576.png]
[kiierr.com/wp-content/uploads/2024/11/1-1-1024x576.png]
[kiierr.com/wp-content/uploads/2024/11/5-1024x576.png]
[kiierr.com/unveiling-the-culprits-causes-of-hair-loss-and-effective-solutions/index.html]
[kiierr.com/wp-content/themes/flatsome-child/assets/js/slick.min1509.js]
[kiierr.com/5-most-common-triggers-to-hair-loss/index.html]
[kiierr.com/wp-content/themes/flatsome-child/assets/css/mainc1e5.css]
[kiierr.com/why-you-should-choose-a-kiierr-laser-cap-before-considering-hair-transplant-surgery/feed/index.html]
[kiierr.com/wp-content/themes/flatsome-child/stylee3ff.css]
[kiierr.com/wp-content/themes/flatsome-child/assets/js/child-maind8a7.js]
[cdn.jsdelivr.net/npm/slick-carousel@1.8.1/slick/slick.min27dc.js]
[kiierr.com/wp-json/wp/v2/posts/91104.json]
[kiierr.com/wp-json/oembed/1.0/embed31ce.json]
[kiierr.com/wp-json/oembed/1.0/embed3473]
[kiierr.com/wp-content/uploads/2024/10/2-7.png]
[kiierr.com/wp-content/uploads/2024/10/3-7.png]
[kiierr.com/wp-content/uploads/2024/10/4-5.png]
[player.vimeo.com/api/player.js]
[kiierr.com/wp-content/uploads/2024/10/1-12.png]
[kiierr.com/wp-content/uploads/2024/10/6-5.png]
[kiierr.com/wp-content/uploads/2024/10/7-4.png]
[kiierr.com/why-you-should-choose-a-kiierr-laser-cap-before-considering-hair-transplant-surgery/index.html]
[kiierr.com/wp-content/themes/flatsome-child/assets/js/slick.min2b28.js]
[kiierr.com/wp-content/themes/flatsome-child/assets/css/main0fd1.css]
[kiierr.com/author/kiierr_admin/feed/index.html]
[kiierr.com/wp-content/themes/flatsome-child/assets/js/child-mainc3ef.js]
[cdn.jsdelivr.net/npm/slick-carousel@1.8.1/slick/slick.min1441.js]
[kiierr.com/wp-json/wp/v2/users/93]
[kiierr.com/author/kiierr_admin/page/3/index.html]
[kiierr.com/author/kiierr_admin/page/2/index.html]
[kiierr.com/author/kiierr_admin/page/4/index.html]
[kiierr.com/author/kiierr_admin/page/18/index.html]
[kiierr.com/author/kiierr_admin/index.html]
[kiierr.com/wp-content/themes/flatsome-child/assets/js/slick.min6aca.js]
[kiierr.com/wp-content/themes/flatsome-child/assets/css/mainf088.css]
[kiierr.com/wp-content/themes/flatsome-child/stylef29a.css]
[kiierr.com/wp-content/themes/flatsome-child/assets/js/child-main41f6.js]
[kiierr.com/the-revolutionary-new-hair-regrowth-technology-that-could-make-all-other-treatments-obsolete/feed/index.html]
[cdn.jsdelivr.net/npm/slick-carousel@1.8.1/slick/slick.minfd3e.js]
[kiierr.com/wp-json/wp/v2/posts/91089.json]
[kiierr.com/wp-json/oembed/1.0/embed61d5.json]
[kiierr.com/wp-json/oembed/1.0/embed4037]
[kiierr.com/wp-content/uploads/2024/10/2-6.png]
[kiierr.com/wp-content/uploads/2024/10/3-6.png]
[kiierr.com/wp-content/uploads/2024/10/2-9.png]
[kiierr.com/wp-content/uploads/2024/10/5-5.png]
[kiierr.com/wp-content/uploads/2024/10/6-4.png]
[kiierr.com/wp-content/uploads/2024/10/7-3.png]
[kiierr.com/wp-content/uploads/2024/10/8-1.png]
[kiierr.com/the-revolutionary-new-hair-regrowth-technology-that-could-make-all-other-treatments-obsolete/index.html]
[kiierr.com/wp-content/themes/flatsome-child/assets/js/slick.min5a36.js]
[kiierr.com/wp-content/themes/flatsome-child/assets/css/mainde42.css]
[kiierr.com/wp-content/themes/flatsome-child/stylea03c.css]
[kiierr.com/wp-content/themes/flatsome-child/assets/js/child-mainde62.js]
[kiierr.com/the-best-hair-loss-treatment-why-the-kiierr-laser-cap-is-your-best-bet-for-natural-regrowth/feed/index.html]
[cdn.jsdelivr.net/npm/slick-carousel@1.8.1/slick/slick.min37c3.js]
[kiierr.com/wp-json/wp/v2/posts/91079.json]
[kiierr.com/wp-json/oembed/1.0/embed8697.json]
[kiierr.com/wp-json/oembed/1.0/embed1f26]
[kiierr.com/wp-content/uploads/2024/10/2-8.png]
[kiierr.com/wp-content/uploads/2024/10/3-8.png]
[kiierr.com/wp-content/uploads/2024/10/5-7.png]
[kiierr.com/wp-content/uploads/2024/10/6-6.png]
[kiierr.com/the-best-hair-loss-treatment-why-the-kiierr-laser-cap-is-your-best-bet-for-natural-regrowth/index.html]
[kiierr.com/wp-content/themes/flatsome-child/assets/js/slick.min4127.js]
[kiierr.com/wp-content/themes/flatsome-child/assets/css/main7aa9.css]
[kiierr.com/wp-content/themes/flatsome-child/assets/js/child-main84a8-2.js]
[kiierr.com/the-ultimate-solution-for-hair-loss-kiierr-laser-caps/feed/index.html]
[cdn.jsdelivr.net/npm/slick-carousel@1.8.1/slick/slick.min27bb.js]
[kiierr.com/wp-json/wp/v2/posts/91025.json]
[kiierr.com/wp-json/oembed/1.0/embed25c2.json]
[kiierr.com/wp-json/oembed/1.0/embed09ea]
[kiierr.com/wp-content/uploads/2024/10/1-7.png]
[kiierr.com/wp-content/uploads/2024/10/2-4.png]
[kiierr.com/wp-content/uploads/2024/10/redblack-kiierr-image.png]
[kiierr.com/wp-content/uploads/2024/10/3-4.png]
[kiierr.com/wp-content/uploads/2024/10/5-3.png]
[kiierr.com/wp-content/uploads/2024/10/6-3.png]
[kiierr.com/the-ultimate-solution-for-hair-loss-kiierr-laser-caps/index.html]
[kiierr.com/wp-content/themes/flatsome-child/assets/js/slick.min85af.js]
[kiierr.com/wp-content/themes/flatsome-child/assets/css/maincf48.css]
[kiierr.com/wp-content/themes/flatsome-child/style6426.css]
[kiierr.com/from-husbands-love-to-life-changing-innovation-the-story-behind-kiierrs-mission-to-solve-hair-loss/feed/index.html]
[kiierr.com/wp-content/themes/flatsome-child/assets/js/child-main2714.js]
[cdn.jsdelivr.net/npm/slick-carousel@1.8.1/slick/slick.min427a.js]
[kiierr.com/wp-json/wp/v2/posts/90450.json]
[kiierr.com/wp-json/oembed/1.0/embed0874.json]
[kiierr.com/wp-json/oembed/1.0/embedf857]
[kiierr.com/wp-content/uploads/2024/10/6-768x471-1.png]
[kiierr.com/wp-content/uploads/2024/10/5-768x471-1.png]
[kiierr.com/wp-content/uploads/2024/10/8-768x471-1.png]
[kiierr.com/wp-content/uploads/2024/10/2-3-768x471-1.png]
[kiierr.com/wp-content/uploads/2024/10/2-2-768x471-1.png]
[kiierr.com/wp-content/uploads/2024/10/asd-768x432-1.png]
[kiierr.com/from-husbands-love-to-life-changing-innovation-the-story-behind-kiierrs-mission-to-solve-hair-loss/index.html]
[kiierr.com/wp-content/themes/flatsome-child/assets/js/slick.min215d.js]
[kiierr.com/wp-content/themes/flatsome-child/assets/css/mainb0d4.css]
[kiierr.com/wp-content/themes/flatsome-child/stylee343.css]
[kiierr.com/wp-content/themes/flatsome-child/assets/js/child-main7335.js]
[kiierr.com/unveiling-the-damage-signs-of-hair-that-needs-tlc/feed/index.html]
[kiierr.com/landing-page/index.html]
[cdn.jsdelivr.net/npm/slick-carousel@1.8.1/slick/slick.min4bcf.js]
[kiierr.com/wp-json/wp/v2/posts/90044.json]
[kiierr.com/wp-json/oembed/1.0/embed7978.json]
[kiierr.com/wp-json/oembed/1.0/embed0671]
[kiierr.com/wp-content/uploads/2024/09/2-1-1024x576.png]
[kiierr.com/wp-content/uploads/2024/09/3-1024x576.png]
[kiierr.com/wp-content/uploads/2024/09/4-1024x576.png]
[kiierr.com/wp-content/uploads/2024/09/5-1024x576.png]
[kiierr.com/unveiling-the-damage-signs-of-hair-that-needs-tlc/index.html]
[kiierr.com/wp-content/themes/flatsome-child/assets/js/slick.min74b5.js]
[kiierr.com/wp-content/themes/flatsome-child/assets/css/main1645.css]
[kiierr.com/wp-content/themes/flatsome-child/style4259.css]
[kiierr.com/hair-loss-at-the-crown-causes-treatments-and-taking-back-control/feed/index.html]
[kiierr.com/product/kiierr-dermal-restorative-hair-growth-cream/index.html]
[kiierr.com/wp-content/themes/flatsome-child/assets/js/child-maine7c3.js]
[kiierr.com/product/kiierr-laser-hair-growth-products/indexdd25.html]
[cdn.jsdelivr.net/npm/slick-carousel@1.8.1/slick/slick.minb7b3.js]
[kiierr.com/wp-json/wp/v2/posts/88977.json]
[kiierr.com/wp-json/oembed/1.0/embed82d3.json]
[kiierr.com/wp-json/oembed/1.0/embed7e5d]
[kiierr.com/wp-content/uploads/2024/08/5-1024x576.png]
[kiierr.com/wp-content/uploads/2024/08/2-2-1024x576.png]
[kiierr.com/wp-content/uploads/2024/08/4-1-1024x576.png]
[kiierr.com/wp-content/uploads/2024/08/3-2-1024x576.png]
[kiierr.com/wp-content/uploads/2024/08/1-2-1024x576.png]
[kiierr.com/hair-loss-at-the-crown-causes-treatments-and-taking-back-control/index.html]
[kiierr.com/wp-content/themes/flatsome-child/assets/js/slick.mincea7.js]
[kiierr.com/wp-content/themes/flatsome-child/assets/css/mainb1b4.css]
[kiierr.com/wp-content/themes/flatsome-child/style981f.css]
[kiierr.com/why-am-i-losing-my-hair-2/index.html]
[kiierr.com/the-laser-advantage-why-lasers-outperform-leds-for-effective-hair-growth/feed/index.html]
[kiierr.com/wp-content/themes/flatsome-child/assets/js/child-mainbeb9.js]
[cdn.jsdelivr.net/npm/slick-carousel@1.8.1/slick/slick.mind2b5.js]
[kiierr.com/wp-json/wp/v2/posts/88651.json]
[kiierr.com/wp-json/oembed/1.0/embed1098.json]
[kiierr.com/wp-json/oembed/1.0/embed567c]
[kiierr.com/wp-content/uploads/2024/08/2-1-1024x576.png]
[kiierr.com/wp-content/uploads/2024/08/CAN-HAIR-GROW-BACK-AFTER-BALDING-1-1024x576.png]
[kiierr.com/the-laser-advantage-why-lasers-outperform-leds-for-effective-hair-growth/index.html]
[kiierr.com/wp-content/themes/flatsome-child/assets/js/slick.mine73d.js]
[kiierr.com/wp-content/themes/flatsome-child/assets/css/mainb9c7.css]
[kiierr.com/wp-content/themes/flatsome-child/styled966.css]
[kiierr.com/wp-content/themes/flatsome-child/assets/js/child-main301c.js]
[cdn.jsdelivr.net/npm/slick-carousel@1.8.1/slick/slick.min677e.js]
[kiierr.com/product/kiierr-laser-hair-growth-products/indexc3b0.html]
[kiierr.com/blog/page/3/index.html]
[kiierr.com/wp-content/themes/flatsome-child/assets/js/slick.min6533.js]
[kiierr.com/wp-content/themes/flatsome-child/assets/css/main8035.css]
[kiierr.com/wp-content/themes/flatsome-child/styled5c0.css]
[kiierr.com/wp-content/themes/flatsome-child/assets/js/child-maina939.js]
[kiierr.com/blog/page/6/index.html]
[cdn.jsdelivr.net/npm/slick-carousel@1.8.1/slick/slick.mindb5d.js]
[kiierr.com/wp-content/uploads/2023/07/9-1-1024x576.png]
[kiierr.com/blog/page/4/index.html]
[kiierr.com/wp-content/themes/flatsome-child/assets/js/slick.mincc0a.js]
[kiierr.com/wp-content/themes/flatsome-child/assets/css/mainee85.css]
[kiierr.com/the-ultimate-guide-to-laser-caps-answering-your-top-faqs/index.html]
[kiierr.com/blog/page/7/index.html]
[kiierr.com/wp-content/themes/flatsome-child/stylea33f.css]
[kiierr.com/blog/page/19/index.html]
[kiierr.com/wp-content/themes/flatsome-child/assets/js/child-mainbf86.js]
[cdn.jsdelivr.net/npm/slick-carousel@1.8.1/slick/slick.min1855.js]
[kiierr.com/wp-content/uploads/2018/11/3C72FA02-E6AC-4BA6-9F6A-892667988D69.jpg]
[kiierr.com/wp-content/uploads/2018/10/F628B6CC-7F66-4A2A-8C31-08D41685837D-1024x576.png]
[kiierr.com/wp-content/uploads/2018/10/2E9BB330-9D22-4C17-B37C-62A0AE783BDF-1024x684.jpg]
[kiierr.com/wp-content/uploads/2018/09/84B4C5EF-F7EF-4C1A-85F4-541EE476ED1C.jpg]
[kiierr.com/wp-content/uploads/2018/04/bigstock-Beautiful-young-woman-with-hai-173000921.jpg]
[kiierr.com/wp-content/uploads/2018/04/11826052763_3ba8cd6994_z.jpg]
[kiierr.com/wp-content/uploads/2018/04/bigstock-164822735.jpg]
[kiierr.com/wp-content/uploads/2017/05/bigstock-unfiltered-raw-apple-cider-vi-149653943.jpg]
[kiierr.com/wp-content/uploads/2017/04/bigstock-Parents-giving-piggyback-ride-130589903.jpg]
[kiierr.com/fall-foods-great-for-hair-health/index.html]
[kiierr.com/tag/healthy-food/index.html]
[kiierr.com/wp-content/themes/flatsome-child/assets/js/slick.minee6b.js]
[kiierr.com/blog/page/20/index.html]
[kiierr.com/three-methods-to-treat-hair-loss/index.html]
[kiierr.com/tag/hair-nutrition/index.html]
[kiierr.com/a-hopeful-cure-for-male-pattern-baldness/index.html]
[kiierr.com/stress-and-your-tresses/index.html]
[kiierr.com/tag/hair-health/index.html]
[kiierr.com/tag/stress/index.html]
[kiierr.com/wp-content/themes/flatsome-child/assets/css/mainbf81.css]
[kiierr.com/how-to-deal-with-postpartum-hair-loss/index.html]
[kiierr.com/tag/how-to-cope-with-hair-loss/index.html]
[kiierr.com/wp-content/themes/flatsome-child/style8a97.css]
[kiierr.com/tag/hair-loss-info/index.html]
[kiierr.com/why-am-i-losing-my-hair/index.html]
[kiierr.com/tag/how-to-grow-my-hair/index.html]
[kiierr.com/do-it-yourself-hair-care/index.html]
[kiierr.com/wp-content/themes/flatsome-child/assets/js/child-main3e46.js]
[kiierr.com/tag/natural-hair-care/index.html]
[kiierr.com/tag/grow-hair-back-naturally/index.html]
[kiierr.com/tag/home-remedies-to-care-for-your-hair/index.html]
[kiierr.com/tag/naturally-stop-hair-loss/index.html]
[kiierr.com/fabulous-at-50/index.html]
[cdn.jsdelivr.net/npm/slick-carousel@1.8.1/slick/slick.min8fc9.js]
[kiierr.com/tag/fabulous-over-50/index.html]
[kiierr.com/tag/keep-your-hair-after-50/index.html]
[kiierr.com/wp-json/wp/v2/pages/28010.json]
[kiierr.com/tag/laser-hair-cap/index.html]
[kiierr.com/tag/stay-healthy-at-50/index.html]
[kiierr.com/wp-json/oembed/1.0/embed68f0.json]
[kiierr.com/tag/look-great-at-50/index.html]
[kiierr.com/blog/page/17/index.html]
[kiierr.com/wp-json/oembed/1.0/embeda963]
[kiierr.com/blog/page/18/index.html]
[kiierr.com/hair-quiz/index.html]
[kiierr.com/wp-content/themes/flatsome-child/assets/css/mainf920.css]
[kiierr.com/wp-content/themes/flatsome-child/style8032.css]
[kiierr.com/index504a.html]
[kiierr.com/wp-content/themes/flatsome-child/assets/css/mainf09e.css]
[kiierr.com/wp-content/themes/flatsome-child/style4f54.css]
[kiierr.com/indexcbb6.html]
[kiierr.com/contact-us/service@kiierr.html]
[kiierr.com/wp-content/plugins/woocommerce/assets/css/select20f87.css]
[kiierr.com/wp-content/plugins/woocommerce-subscriptions/vendor/woocommerce/subscriptions-core/assets/css/checkout0f87.css]
[kiierr.com/wp-content/themes/flatsome-child/assets/css/mainc8b2.css]
[kiierr.com/wp-content/themes/flatsome-child/style816f.css]
[kiierr.com/wp-content/plugins/woocommerce-auto-added-coupons-pro/assets/wjecf7433.css]
[kiierr.com/indexe60f.html]
[kiierr.com/wp-content/themes/flatsome-child/assets/js/slick.mine8b5.js]
[kiierr.com/wp-content/plugins/afterpay-gateway-for-woocommerce/css/afterpayab17.css]
[kiierr.com/wp-content/themes/flatsome-child/assets/css/main6385.css]
[kiierr.com/wp-content/themes/flatsome-child/style06e6.css]
[kiierr.com/wp-content/plugins/woo-checkout-field-editor-pro/public/assets/css/thwcfd-public.min4c71.css]
[kiierr.com/wp-content/plugins/woocommerce/assets/js/frontend/checkout.min0f87.js]
[kiierr.com/wp-content/themes/flatsome-child/assets/js/child-maincbed.js]
[cdn.jsdelivr.net/npm/slick-carousel@1.8.1/slick/slick.min6b8e.js]
[kiierr.com/wp-json/wp/v2/pages/6277.json]
[kiierr.com/wp-json/oembed/1.0/embed337a.json]
[kiierr.com/wp-json/oembed/1.0/embedee59]
[kiierr.com/wp-content/plugins/woocommerce-paypal-payments/modules/ppcp-wc-gateway/assets/images/paypal.svg]
[kiierr.com/wp-content/uploads/2023/09/272tt-1-100x100.png]
[kiierr.com/wp-content/uploads/2025/03/1-1-100x100.png]
[kiierr.com/wp-content/uploads/2024/10/hugeicons_delivery-truck-02.png]
[kiierr.com/wp-content/uploads/2024/10/Group.png]
[kiierr.com/wp-content/uploads/2024/10/Group-1.png]
[kiierr.com/wp-content/uploads/2024/07/ic1.jpg]
[kiierr.com/wp-content/uploads/2024/07/ic2.jpg]
[kiierr.com/wp-content/uploads/2024/07/ic3.jpg]
[kiierr.com/wp-content/uploads/2024/07/ic4.jpg]
[kiierr.com/wp-content/plugins/woocommerce-gateway-affirm/assets/css/affirm-checkout5b75.css]
[js.squarecdn.com/square-marketplace.js]
[kiierr.com/wp-content/plugins/afterpay-gateway-for-woocommerce/build/afterpay-page-checkout/indexab17.js]
[kiierr.com/wp-content/themes/flatsome-child/assets/js/slick.minb53c.js]
[kiierr.com/wp-content/plugins/klaviyo/includes/js/wck-started-checkout3b71.js]
[kiierr.com/wp-content/plugins/woo-checkout-field-editor-pro/public/assets/js/thwcfd-public.min4c71.js]
[kiierr.com/wp-content/plugins/woocommerce-gateway-affirm/assets/js/affirm-checkout-button5b75.js]
[kiierr.com/checkout/index.html]
[kiierr.com/wp-content/plugins/woocommerce-gateway-affirm/assets/js/affirm-inline-checkout5b75.js]
[kiierr.com/wp-content/themes/flatsome-child/assets/css/main9143.css]
[kiierr.com/wp-content/themes/flatsome-child/style9d93.css]
[kiierr.com/wp-content/themes/flatsome-child/assets/js/child-mainb599.js]
[cdn.jsdelivr.net/npm/slick-carousel@1.8.1/slick/slick.min5efd.js]
[kiierr.com/product/kiierr-laser-cap-hair-growth-system-2new/index.html]
[kiierr.com/wp-content/themes/flatsome-child/assets/css/main980c.css]
[kiierr.com/wp-content/themes/flatsome-child/style0ffc.css]
[kiierr.com/indexa46f.html]
[kiierr.com/cart/indexfd7f.html]
[kiierr.com/wp-content/themes/flatsome-child/assets/css/maine51f.css]
[kiierr.com/wp-content/themes/flatsome-child/style2c44.css]
[kiierr.com/index1f09.html]
[kiierr.com/wp-content/themes/flatsome-child/assets/js/slick.min2fc9.js]
[kiierr.com/wp-content/themes/flatsome-child/assets/css/main68f7.css]
[kiierr.com/wp-content/themes/flatsome-child/style2d7b.css]
[kiierr.com/wp-content/themes/flatsome-child/assets/js/child-maina7b9.js]
[cdn.jsdelivr.net/npm/slick-carousel@1.8.1/slick/slick.minfd5a.js]
[kiierr.com/wp-json/wp/v2/product/19048.json]
[kiierr.com/wp-json/oembed/1.0/embed6cd0.json]
[kiierr.com/wp-json/oembed/1.0/embedb1f9]
[kiierr.com/wp-content/uploads/2019/12/3years-100x100.png]
[kiierr.com/product/extendedwarranty3years/index7ab7.html]
[kiierr.com/product/extendedwarranty3years/index.html]
[kiierr.com/wp-content/themes/flatsome-child/assets/js/slick.min1cbc.js]
[kiierr.com/product/extendedwarranty3years/indexf9c2.html]
[kiierr.com/product/extendedwarranty3years/index537c.html]
[kiierr.com/wp-content/themes/flatsome-child/assets/css/mainf0aa.css]
[kiierr.com/wp-content/themes/flatsome-child/assets/js/child-main1e90.js]
[cdn.jsdelivr.net/npm/slick-carousel@1.8.1/slick/slick.min4581.js]
[kiierr.com/product/kiierr272premier-md/indexbf4b.html]
[kiierr.com/wp-content/themes/flatsome-child/assets/js/slick.min286c.js]
[kiierr.com/wp-content/themes/flatsome-child/assets/css/main32e4.css]
[kiierr.com/wp-content/themes/flatsome-child/assets/js/child-mainde53.js]
[cdn.jsdelivr.net/npm/slick-carousel@1.8.1/slick/slick.minabdd.js]
[kiierr.com/product/kiierr272premier-md/indexba6e.html]
[kiierr.com/product/kiierr272premier-md/index6b25.html]
[kiierr.com/wp-content/themes/flatsome-child/assets/css/mainb941.css]
[kiierr.com/index69a1.html]
[kiierr.com/wp-content/themes/flatsome-child/assets/js/slick.min33e9.js]
[kiierr.com/wp-content/themes/flatsome-child/assets/css/mainea68.css]
[kiierr.com/wp-content/themes/flatsome-child/stylef01c.css]
[kiierr.com/wp-content/themes/flatsome-child/assets/js/child-mainf6e5.js]
[cdn.jsdelivr.net/npm/slick-carousel@1.8.1/slick/slick.mind8f0.js]
[kiierr.com/wp-json/wp/v2/product/60584.json]
[kiierr.com/wp-json/oembed/1.0/embedd478.json]
[kiierr.com/wp-json/oembed/1.0/embedf08f]
[kiierr.com/product/kiierr-hair-growth-products-ultimate-supplements-bundle-subscription/index.html]
[kiierr.com/wp-content/themes/flatsome-child/assets/css/main7b10.css]
[kiierr.com/wp-content/themes/flatsome-child/style5145.css]
[kiierr.com/indexe71f.html]
[kiierr.com/wp-content/themes/flatsome-child/assets/js/slick.minaec9.js]
[kiierr.com/wp-content/themes/flatsome-child/assets/css/main7d8d.css]
[kiierr.com/wp-content/themes/flatsome-child/style84bc.css]
[kiierr.com/wp-content/themes/flatsome-child/assets/js/child-main71b2.js]
[cdn.jsdelivr.net/npm/slick-carousel@1.8.1/slick/slick.min9310.js]
[kiierr.com/wp-json/wp/v2/product/76641.json]
[kiierr.com/wp-json/oembed/1.0/embed638a.json]
[kiierr.com/wp-json/oembed/1.0/embed999e]
[kiierr.com/product/kiierr-hair-growth-products-ultimate-supplements-bundle-subscription/indexcadb.html]
[kiierr.com/wp-content/uploads/2023/09/vip_member_444ea171-8247-4e51-8db6-2acfcd992120_380x.png]
[kiierr.com/wp-content/uploads/2025/01/d1.jpg]
[kiierr.com/wp-content/uploads/2025/03/Untitled-design-20-800x800.png]
[kiierr.com/wp-content/uploads/2024/10/bundleimage-800x800.png]
[kiierr.com/wp-content/uploads/2024/10/cap-product-800x799.png]
[kiierr.com/wp-content/uploads/2023/09/vip_member_444ea171-8247-4e51-8db6-2acfcd992120_380x-100x100.png]
[kiierr.com/product/vip-membership/index.html]
[kiierr.com/wp-content/themes/flatsome-child/assets/js/slick.min9b3c.js]
[kiierr.com/product/272combupgrade/index.html]
[kiierr.com/wp-content/themes/flatsome-child/assets/css/maind281.css]
[kiierr.com/product/vip-membership/indexc90a.html]
[kiierr.com/product-category/uncategorized/index.html]
[kiierr.com/wp-content/themes/flatsome-child/stylea2c4.css]
[kiierr.com/product/thank-you-bundle-hair-growth-essentials-100-gift-card/index.html]
[kiierr.com/product/vip-membership/indexc87b.html]
[kiierr.com/indexafe3.html]
[kiierr.com/product/exclusive-5-product-upsell-bundle/index.html]
[kiierr.com/wp-content/themes/flatsome-child/assets/css/main96b4.css]
[kiierr.com/wp-content/themes/flatsome-child/style3756.css]
[kiierr.com/index13d8.html]
[kiierr.com/wp-content/themes/flatsome-child/assets/css/main6eed.css]
[kiierr.com/index07f4.html]
[kiierr.com/wp-content/themes/flatsome-child/assets/css/main89fa.css]
[kiierr.com/index4fb4.html]
[kiierr.com/wp-content/themes/flatsome-child/assets/css/main57eb.css]
[kiierr.com/wp-content/themes/flatsome-child/style3497.css]
[kiierr.com/indexb926.html]
[kiierr.com/wp-content/themes/flatsome-child/assets/css/main8b31.css]
[kiierr.com/wp-content/plugins/gravityforms/legacy/css/formreset.min1dd2.css]
[kiierr.com/product/vip-membership/indexbc37.html]
[kiierr.com/product/kiierr-laser-cap-kit/index.html]
[kiierr.com/product/vip-membership/indexf44f.html]
[kiierr.com/wp-content/plugins/gravityforms/legacy/images/datepicker/arrow.png]
[kiierr.com/wp-content/plugins/gravityforms/legacy/css/datepicker.min1dd2.css]
[kiierr.com/wp-content/plugins/gravityforms/images/gf-creditcards.svg]
[kiierr.com/wp-content/plugins/gravityforms/images/gf-creditcards-check.svg]
[kiierr.com/wp-content/plugins/gravityforms/legacy/css/chosen-sprite.png]
[kiierr.com/wp-content/plugins/gravityforms/legacy/css/chosen-sprite@2x.png]
[kiierr.com/wp-content/plugins/gravityforms/legacy/css/formsmain.min1dd2.css]
[kiierr.com/wp-content/plugins/gravityforms/legacy/css/readyclass.min1dd2.css]
[kiierr.com/wp-content/plugins/gravityforms/legacy/css/browsers.min1dd2.css]
[kiierr.com/index5471.html]
[kiierr.com/wp-content/plugins/gravityforms/images/datepicker/datepicker.svg]
[kiierr.com/wp-content/themes/flatsome-child/assets/css/maindeac.css]
[kiierr.com/wp-content/themes/flatsome-child/styledb02.css]
[kiierr.com/wp-content/themes/flatsome-child/assets/js/child-maincf4f.js]
[cdn.jsdelivr.net/npm/slick-carousel@1.8.1/slick/slick.min41cd.js]
[kiierr.com/wp-json/wp/v2/product/24110.json]
[kiierr.com/wp-json/oembed/1.0/embed5601.json]
[kiierr.com/wp-json/oembed/1.0/embeddb7e]
[kiierr.com/wp-content/uploads/2023/09/2-3-800x800.png]
[kiierr.com/wp-content/uploads/2020/10/Thumbnail-1-800x800.jpg]
[kiierr.com/wp-content/uploads/2025/04/Mask_18-1.png]
[kiierr.com/wp-content/uploads/2025/04/Image-1-800x800.png]
[kiierr.com/wp-content/uploads/2024/12/GIFTCARD.png.webp]
[kiierr.com/wp-content/themes/flatsome-child/assets/js/slick.min2842.js]
[kiierr.com/product/3-year-extended-warranty/index.html]
[kiierr.com/product/mask-cap-bundle/index.html]
[kiierr.com/wp-content/plugins/gravityforms/images/spinner.svg]
[kiierr.com/wp-content/themes/flatsome-child/assets/css/maine13d.css]
[kiierr.com/wp-content/themes/flatsome-child/style8f06.css]
[kiierr.com/indexf58b.html]
[kiierr.com/wp-content/themes/flatsome-child/assets/css/main7833.css]
[kiierr.com/index1cb9.html]
[kiierr.com/product/gift-card/index.html]
[kiierr.com/product/3-year-extended-warranty/indexb5e1.html]
[kiierr.com/wp-content/themes/flatsome-child/assets/css/main8221.css]
[kiierr.com/wp-content/themes/flatsome-child/stylece7b.css]
[kiierr.com/product/3-year-extended-warranty/indexbc37.html]
[kiierr.com/wp-content/themes/flatsome-child/assets/js/child-main08b8.js]
[cdn.jsdelivr.net/npm/slick-carousel@1.8.1/slick/slick.min78f4.js]
[kiierr.com/product/illuminate-7-in-1-light-therapy-mask-for-skincare/index8c02.html]
[kiierr.com/wp-content/themes/flatsome-child/assets/js/slick.min11a1.js]
[kiierr.com/wp-content/themes/flatsome-child/assets/css/mainf4c5.css]
[kiierr.com/wp-content/themes/flatsome-child/style0b62.css]
[kiierr.com/wp-content/themes/flatsome-child/assets/js/child-maind1ed.js]
[cdn.jsdelivr.net/npm/slick-carousel@1.8.1/slick/slick.minb2a8.js]
[kiierr.com/product/illuminate-7-in-1-light-therapy-mask-for-skincare/index4c4f.html]
[kiierr.com/product/illuminate-7-in-1-light-therapy-mask-for-skincare/index3c75.html]
[kiierr.com/wp-content/themes/flatsome-child/assets/js/slick.minb2c1.js]
[kiierr.com/wp-content/themes/flatsome-child/assets/css/main7e1f.css]
[kiierr.com/wp-content/themes/flatsome-child/assets/js/child-main06b6.js]
[cdn.jsdelivr.net/npm/slick-carousel@1.8.1/slick/slick.minbd6a.js]
[kiierr.com/product/illuminate-7-in-1-light-therapy-mask-for-skincare/indexe113.html]
[kiierr.com/product/illuminate-7-in-1-light-therapy-mask-for-skincare/index66dd.html]
[kiierr.com/product/illuminate-7-in-1-light-therapy-mask-for-skincare/indexb0a1.html]
[kiierr.com/wp-content/themes/flatsome-child/assets/css/main3a42.css]
[kiierr.com/wp-content/themes/flatsome-child/style210b.css]
[kiierr.com/index067b.html]
[kiierr.com/wp-content/themes/flatsome-child/assets/js/slick.mina1c8.js]
[kiierr.com/wp-content/themes/flatsome-child/assets/css/mainfed5.css]
[kiierr.com/wp-content/themes/flatsome-child/style81d1.css]
[kiierr.com/wp-content/themes/flatsome-child/assets/js/child-maina5c4.js]
[cdn.jsdelivr.net/npm/slick-carousel@1.8.1/slick/slick.mindb74.js]
[kiierr.com/product/illuminate-7-in-1-light-therapy-mask-for-skincare/index988c.html]
[kiierr.com/product/skiin-radiate-facial-wand/index4c4f.html]
[kiierr.com/wp-content/themes/flatsome-child/assets/js/slick.minac59.js]
[kiierr.com/wp-content/themes/flatsome-child/assets/css/mainf5b6.css]
[kiierr.com/wp-content/themes/flatsome-child/assets/js/child-maind006.js]
[cdn.jsdelivr.net/npm/slick-carousel@1.8.1/slick/slick.min9721.js]
[kiierr.com/product/skiin-radiate-facial-wand/index40f0.html]
[kiierr.com/product/skiin-radiate-facial-wand/index8c02.html]
[kiierr.com/product/skiin-radiate-facial-wand/indexb0a1.html]
[kiierr.com/wp-content/themes/flatsome-child/assets/js/slick.min2a51.js]
[kiierr.com/wp-content/themes/flatsome-child/assets/css/mainbbd3.css]
[kiierr.com/wp-content/themes/flatsome-child/assets/js/child-main4f42.js]
[cdn.jsdelivr.net/npm/slick-carousel@1.8.1/slick/slick.min6176.js]
[kiierr.com/product/skiin-radiate-facial-wand/index3c75.html]
[kiierr.com/product/skiin-radiate-facial-wand/index66dd.html]
[kiierr.com/wp-content/themes/flatsome-child/assets/css/main5d20.css]
[kiierr.com/wp-content/themes/flatsome-child/style4d5a.css]
[kiierr.com/index7e47.html]
[kiierr.com/wp-content/themes/flatsome-child/assets/js/slick.min6dcb.js]
[kiierr.com/wp-content/themes/flatsome-child/assets/css/maina5fd.css]
[kiierr.com/wp-content/themes/flatsome-child/style48b6.css]
[kiierr.com/wp-content/themes/flatsome-child/assets/js/child-mainf1da.js]
[kiierr.com/product/skiin-radiate-facial-wand/index600a.html]
[cdn.jsdelivr.net/npm/slick-carousel@1.8.1/slick/slick.mine0b9.js]
[kiierr.com/product/skiin-radiate-facial-wand/index988c.html]
[kiierr.com/product/radiant-renewal-skin-serum/index988c.html]
[kiierr.com/wp-content/themes/flatsome-child/assets/js/slick.min6e4b.js]
[kiierr.com/wp-content/themes/flatsome-child/assets/css/maine67b.css]
[kiierr.com/wp-content/themes/flatsome-child/styleffc1.css]
[kiierr.com/wp-content/themes/flatsome-child/assets/js/child-main2f41.js]
[kiierr.com/product/radiant-renewal-skin-serum/index66dd.html]
[kiierr.com/product/radiant-renewal-skin-serum/index4c4f.html]
[kiierr.com/product/radiant-renewal-skin-serum/index8c02.html]
[cdn.jsdelivr.net/npm/slick-carousel@1.8.1/slick/slick.mine950.js]
[kiierr.com/product/radiant-renewal-skin-serum/index600a.html]
[kiierr.com/wp-content/themes/flatsome-child/assets/css/main279d.css]
[kiierr.com/wp-content/themes/flatsome-child/styled334.css]
[kiierr.com/indexb71d.html]
[kiierr.com/fda-cleared-laser-cap-to-regrow-hair-after-hair-loss/index.html]
[kiierr.com/wp-content/themes/flatsome-child/assets/css/mainf3f6.css]
[kiierr.com/wp-content/themes/flatsome-child/style4c0f.css]
[kiierr.com/index157d.html]
[kiierr.com/wp-content/themes/flatsome-child/assets/css/mainf9e5.css]
[kiierr.com/indexb798.html]
[kiierr.com/wp-content/themes/flatsome-child/assets/css/maina0bf.css]
[kiierr.com/wp-content/themes/flatsome-child/styleba4f.css]
[kiierr.com/index7ad4.html]
[kiierr.com/wp-content/themes/flatsome-child/assets/css/main87fa.css]
[kiierr.com/wp-content/themes/flatsome-child/assets/js/slick.min3431.js]
[kiierr.com/wp-content/themes/flatsome-child/assets/css/mainca6d.css]
[kiierr.com/wp-content/themes/flatsome-child/style4605.css]
[kiierr.com/wp-content/themes/flatsome-child/assets/js/child-mainabb4.js]
[cdn.jsdelivr.net/npm/slick-carousel@1.8.1/slick/slick.mina328.js]
[kiierr.com/product/radiant-renewal-skin-serum/index651a.html]
[kiierr.com/my-account/index.html]
[kiierr.com/wp-content/plugins/woocommerce-subscriptions/vendor/woocommerce/subscriptions-core/assets/css/view-subscription2922.css]
[kiierr.com/wp-content/themes/flatsome-child/assets/css/maind440.css]
[kiierr.com/wp-content/themes/flatsome-child/style5134.css]
[kiierr.com/indexbeed.html]
[kiierr.com/my-account/images/shdow.html]
[kiierr.com/wp-content/plugins/woocommerce/assets/css/photoswipe/default-skin/default-skin.svg]
[kiierr.com/wp-content/plugins/woocommerce-gateway-stripe/assets/images/credit-card.svg]
[kiierr.com/wp-content/plugins/woocommerce-gateway-stripe/assets/images/visa.svg]
[kiierr.com/wp-content/plugins/woocommerce-gateway-stripe/assets/images/amex.svg]
[kiierr.com/wp-content/plugins/woocommerce-gateway-stripe/assets/images/diners.svg]
[kiierr.com/wp-content/plugins/woocommerce-gateway-stripe/assets/images/discover.svg]
[kiierr.com/wp-content/plugins/woocommerce-gateway-stripe/assets/images/jcb.svg]
[kiierr.com/wp-content/plugins/woocommerce-gateway-stripe/assets/images/maestro.svg]
[kiierr.com/wp-content/plugins/woocommerce-gateway-stripe/assets/images/mastercard.svg]
[kiierr.com/wp-content/themes/flatsome-child/assets/css/mainae19.css]
[kiierr.com/wp-content/themes/flatsome-child/style6e1a.css]
[kiierr.com/wp-content/themes/flatsome-child/assets/js/slick.min8a4b.js]
[kiierr.com/wp-content/themes/flatsome-child/assets/css/main3cc2.css]
[kiierr.com/wp-content/themes/flatsome-child/style8722.css]
[kiierr.com/wp-content/themes/flatsome-child/assets/js/child-main6f79.js]
[kiierr.com/product/312-md-dualwave-laser-cap/feed/index.html]
[cdn.jsdelivr.net/npm/slick-carousel@1.8.1/slick/slick.min41f8.js]
[kiierr.com/wp-json/wp/v2/product/101800.json]
[kiierr.com/wp-json/oembed/1.0/embedf897.json]
[kiierr.com/wp-json/oembed/1.0/embedf161]
[kiierr.com/wp-content/uploads/2025/04/Kiierr_XL_Light_02-1-1.png]
[kiierr.com/wp-content/uploads/2025/04/6.png]
[kiierr.com/wp-content/uploads/2025/04/7.png]
[kiierr.com/wp-content/uploads/2025/04/7-800x800.png]
[kiierr.com/wp-content/uploads/2025/04/8.png]
[kiierr.com/wp-content/uploads/2025/04/8-800x800.png]
[kiierr.com/wp-content/uploads/2025/04/Product-Image-10.png]
[kiierr.com/wp-content/uploads/2025/04/Product-Image-10-800x800.png]
[kiierr.com/wp-content/uploads/2025/04/Frame.png]
[kiierr.com/wp-content/uploads/2025/04/Frame-800x800.png]
[kiierr.com/wp-content/uploads/2025/04/Product-Image-9.png]
[kiierr.com/wp-content/uploads/2025/04/Product-Image-9-800x800.png]
[kiierr.com/wp-content/uploads/2025/04/Product-Image-12.png]
[kiierr.com/wp-content/uploads/2025/04/Product-Image-12-800x800.png]
[kiierr.com/wp-content/uploads/2025/04/Technology-container.png]
[kiierr.com/wp-content/uploads/2025/03/image-5-1.png]
[kiierr.com/wp-content/uploads/2025/04/3-3.png]
[kiierr.com/wp-content/uploads/2025/04/ll.png]
[kiierr.com/wp-content/uploads/2025/03/image.png]
[kiierr.com/wp-content/uploads/2025/04/l1.jpg]
[kiierr.com/wp-content/uploads/2025/04/l2.jpg]
[kiierr.com/wp-content/uploads/2025/04/l3.jpg]
[kiierr.com/wp-content/uploads/2025/04/k4.jpg]
[kiierr.com/wp-content/uploads/2025/04/l5.jpg]
[kiierr.com/wp-content/uploads/2025/04/2-26.png]
[kiierr.com/wp-content/uploads/2025/03/Group-20.png]
[kiierr.com/wp-content/uploads/2025/04/image-8-1.png]
[kiierr.com/wp-content/uploads/2025/04/image-9-1.png]
[kiierr.com/wp-content/uploads/2025/04/image-16-1.png]
[kiierr.com/wp-content/uploads/2025/04/image-5-1.png]
[kiierr.com/wp-content/uploads/2025/04/image-6-1.png]
[kiierr.com/wp-content/uploads/2025/04/image-7-1.png]
[kiierr.com/wp-content/uploads/2025/04/Group-21.png]
[kiierr.com/wp-content/uploads/2025/04/Group-23.png]
[kiierr.com/wp-content/uploads/2025/04/Group-544.png]
[kiierr.com/wp-content/uploads/2025/04/Kiierr_Light_Max_03-1.png]
[kiierr.com/wp-content/uploads/2025/04/Group-18-1.png]
[kiierr.com/wp-content/uploads/2025/04/image-52.png]
[kiierr.com/wp-content/uploads/2025/04/Kiierr_Dark_Max_03-1.png]
[kiierr.com/wp-content/uploads/2025/04/image-2.png]
[kiierr.com/wp-content/uploads/2025/04/c.jpg]
[kiierr.com/wp-content/uploads/2025/04/Untitled-design-21-1.png]
[kiierr.com/wp-content/uploads/2025/04/Kiierr_XL_Light_02-1-1-100x100.png]
[kiierr.com/product/312-md-dualwave-laser-cap/index.html]
[kiierr.com/wp-content/themes/flatsome-child/assets/js/slick.min36ed.js]
[kiierr.com/wp-content/themes/flatsome-child/assets/css/mainf199.css]
[kiierr.com/wp-content/themes/flatsome-child/stylea004.css]
[kiierr.com/wp-content/themes/flatsome-child/assets/js/child-main6d46.js]
[cdn.jsdelivr.net/npm/slick-carousel@1.8.1/slick/slick.minfe6a.js]
[kiierr.com/wp-content/uploads/2024/12/7-800x800.png]
[kiierr.com/wp-content/uploads/2024/12/Kiierr_Mask_01-2-copy.psd-800x800.png]
[kiierr.com/product-category/laser-cap/indexd963.html]
[kiierr.com/wp-content/themes/flatsome-child/assets/js/slick.min8b45.js]
[kiierr.com/wp-content/themes/flatsome-child/assets/css/mainc430.css]
[kiierr.com/wp-content/themes/flatsome-child/assets/js/child-main5e55-2.js]
[cdn.jsdelivr.net/npm/slick-carousel@1.8.1/slick/slick.min506e.js]
[kiierr.com/product/hair-growth-products-bundle/index89a4.html]
[kiierr.com/wp-json/wp/v2/product/30842.json]
[kiierr.com/wp-json/oembed/1.0/embed07c3.json]
[kiierr.com/wp-json/oembed/1.0/embed9cfe]
[kiierr.com/wp-content/uploads/2020/09/Untitled-design-7.png]
[kiierr.com/wp-content/uploads/2020/09/Untitled-design-7-100x100.png]
[kiierr.com/product/kiierr272premier-md-laser-hair-cap-ultimate-max-growth-bundle/index.html]
[kiierr.com/wp-content/themes/flatsome-child/assets/js/slick.min6269.js]
[kiierr.com/wp-content/themes/flatsome-child/assets/css/mainc48d.css]
[kiierr.com/wp-content/themes/flatsome-child/style782f.css]
[kiierr.com/wp-content/themes/flatsome-child/assets/js/child-main101c.js]
[cdn.jsdelivr.net/npm/slick-carousel@1.8.1/slick/slick.min0678.js]
[kiierr.com/wp-json/wp/v2/product/17729.json]
[kiierr.com/product-category/md/index.html]
[kiierr.com/wp-json/oembed/1.0/embed8837.json]
[kiierr.com/wp-json/oembed/1.0/embeddffc]
[kiierr.com/wp-content/uploads/2023/09/las.png]
[kiierr.com/wp-content/uploads/2023/09/las-100x100.png]
[kiierr.com/product/kiierr272premier-md-available-limited-time-only-cap-only/index.html]
[kiierr.com/wp-content/themes/flatsome-child/assets/js/slick.min5485.js]
[kiierr.com/wp-content/themes/flatsome-child/assets/css/main529d.css]
[kiierr.com/wp-content/themes/flatsome-child/stylea3b1.css]
[kiierr.com/wp-content/themes/flatsome-child/assets/js/child-main6f1a.js]
[cdn.jsdelivr.net/npm/slick-carousel@1.8.1/slick/slick.minc94e.js]
[kiierr.com/wp-json/wp/v2/product/30887.json]
[kiierr.com/wp-json/oembed/1.0/embedc4eb.json]
[kiierr.com/wp-json/oembed/1.0/embed1614]
[kiierr.com/wp-content/uploads/2020/09/Untitled-design-6.png]
[kiierr.com/wp-content/uploads/2021/01/Kiierr-7-Month-Growth-Guarantee-Before-Afters.png]
[kiierr.com/wp-content/uploads/2021/01/Medical-Grade-Laser-Diodes-qualities.png]
[kiierr.com/wp-content/uploads/2021/01/Medical-Grade-Laser-Diodes-qualities-800x800.png]
[kiierr.com/wp-content/uploads/2021/01/How-Laser-Caps-Work.png]
[kiierr.com/wp-content/uploads/2021/01/How-Laser-Caps-Work-800x800.png]
[kiierr.com/wp-content/uploads/2020/09/Untitled-design-6-100x100.png]
[kiierr.com/product/kiierr272premier-laser-hair-cap-ultimate-max-growth-bundle-2-months-supply/index.html]
[kiierr.com/wp-content/themes/flatsome-child/assets/js/slick.minef4a.js]
[kiierr.com/wp-content/themes/flatsome-child/assets/css/main3309.css]
[kiierr.com/wp-content/themes/flatsome-child/style4689.css]
[kiierr.com/wp-content/themes/flatsome-child/assets/js/child-main38c6.js]
[cdn.jsdelivr.net/npm/slick-carousel@1.8.1/slick/slick.min1f7d.js]
[kiierr.com/wp-json/wp/v2/product/30881.json]
[kiierr.com/wp-json/oembed/1.0/embedb4d8.json]
[kiierr.com/wp-json/oembed/1.0/embedb86e]
[kiierr.com/product/kiierr272premier-laser-hair-cap-ultimate-max-growth-bundle/index.html]
[kiierr.com/wp-content/themes/flatsome-child/assets/js/slick.min5a1e.js]
[kiierr.com/wp-content/themes/flatsome-child/assets/css/main10ca.css]
[kiierr.com/wp-content/themes/flatsome-child/styleca33.css]
[kiierr.com/wp-content/themes/flatsome-child/assets/js/child-main13cb.js]
[cdn.jsdelivr.net/npm/slick-carousel@1.8.1/slick/slick.min0eed.js]
[kiierr.com/product-category/laser-cap/index7446.html]
[kiierr.com/wp-content/themes/flatsome-child/assets/js/slick.min02b1.js]
[kiierr.com/wp-content/themes/flatsome-child/assets/css/main955b.css]
[kiierr.com/wp-content/themes/flatsome-child/style860c.css]
[kiierr.com/wp-content/themes/flatsome-child/assets/js/child-main0b64.js]
[cdn.jsdelivr.net/npm/slick-carousel@1.8.1/slick/slick.min2108.js]
[kiierr.com/wp-json/wp/v2/product/71877.json]
[kiierr.com/wp-json/oembed/1.0/embedeb67.json]
[kiierr.com/wp-json/oembed/1.0/embed7cd1]
[kiierr.com/wp-content/uploads/2023/09/prc.jpg]
[kiierr.com/wp-content/uploads/2023/09/prc-100x100.jpg]
[kiierr.com/product/fda-cleared-kiierr-148-pro-complete-system-free-2-day-shipping/index.html]
[kiierr.com/wp-content/themes/flatsome-child/assets/js/slick.min1524.js]
[kiierr.com/wp-content/themes/flatsome-child/assets/css/main685d.css]
[kiierr.com/wp-content/themes/flatsome-child/style3fcc.css]
[kiierr.com/wp-content/themes/flatsome-child/assets/js/child-mainac89.js]
[cdn.jsdelivr.net/npm/slick-carousel@1.8.1/slick/slick.min8b20.js]
[kiierr.com/product-category/laser-cap/indexa5b1.html]
[kiierr.com/wp-content/themes/flatsome-child/assets/js/slick.min0aed.js]
[kiierr.com/wp-content/themes/flatsome-child/assets/css/main51dc.css]
[kiierr.com/wp-content/themes/flatsome-child/stylef1f2.css]
[kiierr.com/wp-content/themes/flatsome-child/assets/js/child-main65b1.js]
[cdn.jsdelivr.net/npm/slick-carousel@1.8.1/slick/slick.minc854.js]
[kiierr.com/wp-json/wp/v2/product/71876.json]
[kiierr.com/wp-json/oembed/1.0/embedf5d4.json]
[kiierr.com/wp-json/oembed/1.0/embed6beb]
[kiierr.com/wp-content/uploads/2023/09/pr.jpg]
[kiierr.com/wp-content/uploads/2023/09/pr-100x100.jpg]
[kiierr.com/product/fda-cleared-kiierr-148-pro-laser-cap-free-2-day-shipping/index.html]
[kiierr.com/wp-content/themes/flatsome-child/assets/js/slick.mind4d7.js]
[kiierr.com/wp-content/themes/flatsome-child/assets/css/main9ce4.css]
[kiierr.com/wp-content/themes/flatsome-child/style80d9.css]
[kiierr.com/wp-content/themes/flatsome-child/assets/js/child-main76cd.js]
[cdn.jsdelivr.net/npm/slick-carousel@1.8.1/slick/slick.min0527.js]
[kiierr.com/product-category/laser-cap/index2ee7.html]
[kiierr.com/wp-content/themes/flatsome-child/assets/js/slick.min5c29.js]
[kiierr.com/wp-content/themes/flatsome-child/assets/css/mainb58d.css]
[kiierr.com/wp-content/themes/flatsome-child/assets/js/child-maindb37.js]
[cdn.jsdelivr.net/npm/slick-carousel@1.8.1/slick/slick.mincdef.js]
[kiierr.com/wp-json/wp/v2/product/71867.json]
[kiierr.com/wp-json/oembed/1.0/embed0e0f.json]
[kiierr.com/wp-json/oembed/1.0/embed53fb]
[kiierr.com/wp-content/uploads/2023/09/pre.png]
[kiierr.com/wp-content/uploads/2023/09/pre-100x100.png]
[kiierr.com/product/fda-cleared-kiierr-272-premier-complete-system/index.html]
[kiierr.com/wp-content/themes/flatsome-child/assets/js/slick.min97d4.js]
[kiierr.com/wp-content/themes/flatsome-child/assets/css/maina46c.css]
[kiierr.com/wp-content/themes/flatsome-child/stylecf95.css]
[kiierr.com/wp-content/themes/flatsome-child/assets/js/child-mainfdbb.js]
[cdn.jsdelivr.net/npm/slick-carousel@1.8.1/slick/slick.mind172.js]
[kiierr.com/product-category/laser-cap/indexfc82.html]
[kiierr.com/wp-content/themes/flatsome-child/assets/js/slick.mine86a.js]
[kiierr.com/wp-content/themes/flatsome-child/assets/css/mainc5ac.css]
[kiierr.com/wp-content/themes/flatsome-child/assets/js/child-main20d9.js]
[cdn.jsdelivr.net/npm/slick-carousel@1.8.1/slick/slick.min49a1.js]
[kiierr.com/wp-json/wp/v2/product/74030.json]
[kiierr.com/wp-json/oembed/1.0/embed38a2.json]
[kiierr.com/wp-json/oembed/1.0/embed3b6e]
[kiierr.com/wp-content/uploads/2024/03/Kiierr-MD-Ultra-Laser-Cap-For-Hair-Growth-top-view.png]
[kiierr.com/wp-content/uploads/2023/09/oaprofessionals_info_V4_2.jpg]
[kiierr.com/wp-content/uploads/2023/09/oaprofessionals_info_V4_3.jpg]
[kiierr.com/wp-content/uploads/2023/09/oaprofessionals_info_V4_3-800x800.jpg]
[kiierr.com/wp-content/uploads/2023/09/oaprofessionals_info_V4_1.jpg]
[kiierr.com/wp-content/uploads/2023/09/oaprofessionals_info_V4_1-800x800.jpg]
[kiierr.com/wp-content/uploads/2023/09/oaprofessionals_info_V4_4.jpg]
[kiierr.com/wp-content/uploads/2023/09/oaprofessionals_info_V4_4-800x800.jpg]
[kiierr.com/wp-content/uploads/2023/08/Kiierr-lifestyle-photos-man-wearing-Kiierr-laser-cap.png]
[kiierr.com/wp-content/uploads/2023/08/Kiierr-lifestyle-photos-man-wearing-Kiierr-laser-cap-800x800.png]
[kiierr.com/wp-content/uploads/2023/08/Kiierr-lifestyle-photos-woman-with-daughter-using-laser-cap.png]
[kiierr.com/wp-content/uploads/2023/08/Kiierr-lifestyle-photos-woman-with-daughter-using-laser-cap-800x800.png]
[kiierr.com/wp-content/uploads/2024/03/Kiierr-MD-Ultra-Laser-Cap-For-Hair-Growth-top-view-100x100.png]
[kiierr.com/product/fda-cleared-kiierr-laser-cap-for-women/index.html]
[kiierr.com/wp-content/themes/flatsome-child/assets/js/slick.min717f.js]
[kiierr.com/wp-content/themes/flatsome-child/assets/css/mainefd4.css]
[kiierr.com/wp-content/themes/flatsome-child/style2d34.css]
[kiierr.com/wp-content/themes/flatsome-child/assets/js/child-maincf02.js]
[cdn.jsdelivr.net/npm/slick-carousel@1.8.1/slick/slick.min14ec.js]
[kiierr.com/product/fda-cleared-kiierr-laser-cap-for-women/indexfc82.html]
[kiierr.com/product/fda-cleared-kiierr-laser-cap-for-women/index2ee7.html]
[kiierr.com/product-category/laser-cap/index50a2.html]
[kiierr.com/wp-content/themes/flatsome-child/assets/js/slick.min8f08.js]
[kiierr.com/wp-content/themes/flatsome-child/assets/css/main0d85.css]
[kiierr.com/wp-content/themes/flatsome-child/style1af8.css]
[kiierr.com/product/fda-cleared-kiierr-272-premier-laseer-cap-free-2-day-shipping/feed/index.html]
[kiierr.com/wp-content/themes/flatsome-child/assets/js/child-main9f95.js]
[cdn.jsdelivr.net/npm/slick-carousel@1.8.1/slick/slick.min8123.js]
[kiierr.com/wp-json/wp/v2/product/71875.json]
[kiierr.com/wp-json/oembed/1.0/embede78e.json]
[kiierr.com/wp-json/oembed/1.0/embed9252]
[kiierr.com/wp-content/uploads/2025/04/272t.webp]
[kiierr.com/wp-content/uploads/2023/09/2-5-1.png]
[kiierr.com/wp-content/uploads/2024/07/7.png]
[kiierr.com/wp-content/uploads/2024/04/2-5-1.jpg]
[kiierr.com/wp-content/uploads/2024/07/1-5.png]
[kiierr.com/wp-content/uploads/2024/07/resd.jpg]
[kiierr.com/wp-content/uploads/2025/04/272t-100x100.webp]
[kiierr.com/product/fda-cleared-kiierr-272-premier-laseer-cap-free-2-day-shipping/index.html]
[kiierr.com/wp-content/themes/flatsome-child/assets/js/slick.min392a.js]
[kiierr.com/wp-content/themes/flatsome-child/assets/css/main9649.css]
[kiierr.com/wp-content/themes/flatsome-child/styleb823.css]
[kiierr.com/wp-content/themes/flatsome-child/assets/js/child-main67cf.js]
[cdn.jsdelivr.net/npm/slick-carousel@1.8.1/slick/slick.minb326.js]
[kiierr.com/product/fda-cleared-kiierr-272-premier-laseer-cap-free-2-day-shipping/indexbf4b.html]
[kiierr.com/product-category/laser-cap/index0c80.html]
[kiierr.com/wp-content/themes/flatsome-child/assets/css/maine0da.css]
[kiierr.com/wp-content/themes/flatsome-child/style3d4a.css]
[kiierr.com/category/images/shdow.html]
[kiierr.com/wp-content/themes/flatsome-child/assets/js/slick.minb159.js]
[kiierr.com/wp-content/themes/flatsome-child/assets/css/mainc611.css]
[kiierr.com/wp-content/themes/flatsome-child/stylede53.css]
[kiierr.com/wp-content/themes/flatsome-child/assets/js/child-mainca5d.js]
[cdn.jsdelivr.net/npm/slick-carousel@1.8.1/slick/slick.minee22.js]
[kiierr.com/category/balding-tips/page/images/shdow.png]
[kiierr.com/wp-content/uploads/2023/05/Blue-White-and-Black-Photographic-Environment-Charity-Non-Profit-Website-copy-3-1024x576.png]
[kiierr.com/wp-content/uploads/2023/05/Blue-White-and-Black-Photographic-Environment-Charity-Non-Profit-Website-copy-6-1024x576.png]
[kiierr.com/wp-content/uploads/2023/04/Cream-and-Brown-Photographic-Beauty-Site-Launch-Website-1024x576.png]
[kiierr.com/category/balding-tips/page/2/index.html]
[kiierr.com/wp-content/themes/flatsome-child/assets/js/slick.minc40c.js]
[kiierr.com/wp-content/themes/flatsome-child/assets/css/mainbb6d.css]
[kiierr.com/embrace-the-summer-sun-with-the-kiierr-laser-cap-your-ultimate-hair-growth-companion/index.html]
[kiierr.com/wp-content/themes/flatsome-child/assets/css/main705b.css]
[kiierr.com/unveiling-the-marvel-of-kiierr-hair-fibers-a-comprehensive-guide-to-thicker-fuller-hair/feed/index.html]
[kiierr.com/covid-hair-loss-in-men-and-what-to-do/index.html]
[kiierr.com/wp-content/themes/flatsome-child/style642a.css]
[kiierr.com/covid-hair-loss-and-how-to-fix-it/index.html]
[kiierr.com/wp-content/themes/flatsome-child/assets/js/child-maine5cd.js]
[cdn.jsdelivr.net/npm/slick-carousel@1.8.1/slick/slick.minb009.js]
[kiierr.com/wp-json/wp/v2/posts/81889.json]
[kiierr.com/wp-json/oembed/1.0/embed0bc1.json]
[kiierr.com/wp-json/oembed/1.0/embed0ebb]
[kiierr.com/wp-content/uploads/2024/03/Home-4.png]
[kiierr.com/wp-content/uploads/2024/03/Home-3.png]
[kiierr.com/wp-content/uploads/2024/03/Home-2.png]
[kiierr.com/wp-content/uploads/2023/02/Jolene-Anderson-Author-Co-Founder-Kiierr.com_-150x150-1-150x150.png]
[kiierr.com/unveiling-the-marvel-of-kiierr-hair-fibers-a-comprehensive-guide-to-thicker-fuller-hair/index.html]
[kiierr.com/wp-content/themes/flatsome-child/assets/js/slick.minf210.js]
[kiierr.com/wp-content/themes/flatsome-child/assets/css/main8524.css]
[kiierr.com/wp-content/themes/flatsome-child/assets/js/child-main5713.js]
[kiierr.com/transforming-hair-health-a-customers-journey-with-kiierrs-272-premier-laser-cap/feed/index.html]
[cdn.jsdelivr.net/npm/slick-carousel@1.8.1/slick/slick.minbeee.js]
[kiierr.com/wp-json/wp/v2/posts/80500.json]
[kiierr.com/kiierr-pioneering-hair-growth-solutions-through-innovative-light-therapy/index.html]
[kiierr.com/wp-json/oembed/1.0/embedd6e6.json]
[kiierr.com/wp-json/oembed/1.0/embed7db2]
[kiierr.com/wp-content/uploads/2024/01/IMG-1031-768x1024.jpg]
[kiierr.com/wp-content/uploads/2024/01/3-1-1024x576.png]
[kiierr.com/wp-content/uploads/2024/01/Home-2-2-1024x576.png]
[kiierr.com/wp-content/uploads/2024/01/Clinically-Proven-Technology-2.jpg]
[kiierr.com/transforming-hair-health-a-customers-journey-with-kiierrs-272-premier-laser-cap/index.html]
[kiierr.com/wp-content/themes/flatsome-child/assets/js/slick.min458f.js]
[kiierr.com/wp-content/themes/flatsome-child/assets/css/main94f0.css]
[kiierr.com/wp-content/themes/flatsome-child/assets/js/child-main469a.js]
[kiierr.com/benefits-of-rosemary-oil-for-hair-growth/feed/index.html]
[cdn.jsdelivr.net/npm/slick-carousel@1.8.1/slick/slick.minf004.js]
[kiierr.com/red-light-therapy-for-hair-loss/index.html]
[kiierr.com/wp-json/wp/v2/posts/80260.json]
[kiierr.com/wp-json/oembed/1.0/embed500f.json]
[kiierr.com/wp-json/oembed/1.0/embedbaa3]
[kiierr.com/wp-content/uploads/2024/01/Home-2-1-1024x576.png]
[kiierr.com/wp-content/uploads/2024/01/Home-3-1-1024x576.png]
[kiierr.com/wp-content/uploads/2024/01/Home-4-1024x576.png]
[kiierr.com/benefits-of-rosemary-oil-for-hair-growth/index.html]
[kiierr.com/wp-content/themes/flatsome-child/assets/js/slick.min5d6b.js]
[kiierr.com/wp-content/themes/flatsome-child/assets/css/main9fca.css]
[kiierr.com/wp-content/themes/flatsome-child/style3309.css]
[kiierr.com/wp-content/themes/flatsome-child/assets/js/child-mainb4cf.js]
[kiierr.com/benefits-of-rice-water-for-hair-growth/feed/index.html]
[cdn.jsdelivr.net/npm/slick-carousel@1.8.1/slick/slick.min5f36.js]
[kiierr.com/wp-json/wp/v2/posts/79849.json]
[kiierr.com/wp-json/oembed/1.0/embed727d.json]
[kiierr.com/wp-json/oembed/1.0/embeda053]
[kiierr.com/wp-content/uploads/2024/01/Home-2-1024x576.png]
[kiierr.com/wp-content/uploads/2024/01/Home-3-1024x576.png]
[kiierr.com/benefits-of-rice-water-for-hair-growth/index.html]
[kiierr.com/wp-content/themes/flatsome-child/assets/js/slick.mincd83.js]
[kiierr.com/wp-content/themes/flatsome-child/assets/css/main9d2b.css]
[kiierr.com/wp-content/themes/flatsome-child/style4102.css]
[kiierr.com/kiierr-laser-caps-redefining-lifestyle-and-confidence/feed/index.html]
[kiierr.com/wp-content/themes/flatsome-child/assets/js/child-main7634.js]
[cdn.jsdelivr.net/npm/slick-carousel@1.8.1/slick/slick.min6f8c.js]
[kiierr.com/wp-json/wp/v2/posts/79255.json]
[kiierr.com/wp-json/oembed/1.0/embed4826.json]
[kiierr.com/wp-json/oembed/1.0/embed72db]
[kiierr.com/wp-content/uploads/2023/12/Home-2-1024x576.png]
[kiierr.com/wp-content/uploads/2023/12/Home-3-1024x576.png]
[kiierr.com/wp-content/uploads/2023/12/Home-1-1024x576.png]
[kiierr.com/kiierr-laser-caps-redefining-lifestyle-and-confidence/index.html]
[kiierr.com/wp-content/themes/flatsome-child/assets/js/slick.min4ac8.js]
[kiierr.com/wp-content/themes/flatsome-child/assets/css/main896f.css]
[kiierr.com/wp-content/themes/flatsome-child/style8242.css]
[kiierr.com/unlocking-luscious-locks-kiierrs-new-collagen-powder/feed/index.html]
[kiierr.com/wp-content/themes/flatsome-child/assets/js/child-main8dfc.js]
[cdn.jsdelivr.net/npm/slick-carousel@1.8.1/slick/slick.min6f74.js]
[kiierr.com/wp-json/wp/v2/posts/79020.json]
[kiierr.com/wp-json/oembed/1.0/embed613a.json]
[kiierr.com/wp-json/oembed/1.0/embed66dd]
[kiierr.com/wp-content/uploads/2023/12/44-1024x576.png]
[kiierr.com/wp-content/uploads/2023/12/37-1024x576.png]
[kiierr.com/unlocking-luscious-locks-kiierrs-new-collagen-powder/index.html]
[kiierr.com/wp-content/themes/flatsome-child/assets/js/slick.min1889.js]
[kiierr.com/best-saw-palmetto-for-hair-loss-kiierrs-saw-palmetto-is-1/feed/index.html]
[kiierr.com/wp-content/themes/flatsome-child/assets/css/maind523.css]
[kiierr.com/wp-content/themes/flatsome-child/style9b28.css]
[kiierr.com/wp-content/themes/flatsome-child/assets/js/child-main3b97.js]
[cdn.jsdelivr.net/npm/slick-carousel@1.8.1/slick/slick.min1db1.js]
[kiierr.com/wp-json/wp/v2/posts/77599.json]
[kiierr.com/wp-json/oembed/1.0/embed487c.json]
[kiierr.com/wp-json/oembed/1.0/embeddba7]
[kiierr.com/wp-content/uploads/2023/10/Home-1-1024x576.png]
[kiierr.com/wp-content/uploads/2023/10/Linkedin-Averill.2-1024x535.png]
[kiierr.com/wp-content/uploads/2021/09/Jolene-Anderson-Author-Co-Founder-Kiierr.com_.png]
[kiierr.com/best-saw-palmetto-for-hair-loss-kiierrs-saw-palmetto-is-1/index.html]
[kiierr.com/wp-content/themes/flatsome-child/assets/js/slick.min04b3.js]
[kiierr.com/wp-content/themes/flatsome-child/assets/css/mainf617.css]
[kiierr.com/wp-content/themes/flatsome-child/stylededd.css]
[kiierr.com/the-5-things-you-dont-know-about-hair-loss/feed/index.html]
[kiierr.com/wp-content/themes/flatsome-child/assets/js/child-main0d08.js]
[cdn.jsdelivr.net/npm/slick-carousel@1.8.1/slick/slick.min261e.js]
[kiierr.com/wp-json/wp/v2/posts/77155.json]
[kiierr.com/wp-json/oembed/1.0/embed3b95.json]
[kiierr.com/wp-json/oembed/1.0/embed6425]
[kiierr.com/wp-content/uploads/2023/10/3-1024x576.png]
[kiierr.com/wp-content/uploads/2023/10/5-1024x576.png]
[kiierr.com/wp-content/uploads/2023/10/4-1024x576.png]
[kiierr.com/the-5-things-you-dont-know-about-hair-loss/index.html]
[kiierr.com/wp-content/themes/flatsome-child/assets/js/slick.min54b9.js]
[kiierr.com/wp-content/themes/flatsome-child/assets/css/maine684.css]
[kiierr.com/wp-content/themes/flatsome-child/styleb2e4.css]
[kiierr.com/wp-content/themes/flatsome-child/assets/js/child-main45f5.js]
[cdn.jsdelivr.net/npm/slick-carousel@1.8.1/slick/slick.minf010.js]
[kiierr.com/wp-content/uploads/2023/04/CAN-HAIR-GROW-BACK-AFTER-BALDING-copy-1024x576.png]
[kiierr.com/wp-content/uploads/2023/04/CAN-HAIR-GROW-BACK-AFTER-BALDING-copy-2-1024x576.png]
[kiierr.com/wp-content/uploads/2023/03/Seven-Tips-For-Preventing-Hair-Loss-Kiierr-Laser-Caps-1024x620.png]
[kiierr.com/seven-tips-for-preventing-hair-loss/index.html]
[kiierr.com/wp-content/uploads/2023/03/How-to-stop-hair-loss-kiierr-laser-caps-1024x576.png]
[kiierr.com/hair-loss-in-men-why-it-happens-and-what-you-can-do-about-it/index.html]
[kiierr.com/what-is-alopecia-areata-and-can-it-be-treated/index.html]
[kiierr.com/category/balding-tips/page/3/index.html]
[kiierr.com/wp-content/themes/flatsome-child/assets/css/main65e8.css]
[kiierr.com/wp-content/themes/flatsome-child/stylec3b0.css]
[kiierr.com/wp-content/themes/flatsome-child/assets/js/slick.min4b6c.js]
[kiierr.com/how-to-stop-hair-loss-and-regrow-hair-naturally/index.html]
[kiierr.com/wp-content/themes/flatsome-child/assets/css/main6571.css]
[kiierr.com/wp-content/themes/flatsome-child/style3170.css]
[kiierr.com/wp-content/themes/flatsome-child/assets/js/child-mainb288.js]
[kiierr.com/tag/bosley-hair-growth-review/feed/index.html]
[cdn.jsdelivr.net/npm/slick-carousel@1.8.1/slick/slick.min2971.js]
[kiierr.com/wp-json/wp/v2/tags/345.json]
[kiierr.com/tag/images/shdow.png]
[kiierr.com/tag/bosley-hair-growth-review/index.html]
[kiierr.com/wp-content/themes/flatsome-child/assets/js/slick.mind404.js]
[kiierr.com/wp-content/themes/flatsome-child/assets/css/main166a.css]
[kiierr.com/wp-content/themes/flatsome-child/stylecf8a.css]
[kiierr.com/tag/bosley-hair-product-reviews/feed/index.html]
[kiierr.com/wp-content/themes/flatsome-child/assets/js/child-main0f84.js]
[cdn.jsdelivr.net/npm/slick-carousel@1.8.1/slick/slick.min10a5.js]
[kiierr.com/wp-json/wp/v2/tags/347.json]
[kiierr.com/tag/bosley-hair-product-reviews/index.html]
[kiierr.com/wp-content/themes/flatsome-child/assets/js/slick.min6488.js]
[kiierr.com/wp-content/themes/flatsome-child/assets/css/mainb472.css]
[kiierr.com/tag/bosley-hair-products-review/feed/index.html]
[kiierr.com/wp-content/themes/flatsome-child/assets/js/child-main639b.js]
[cdn.jsdelivr.net/npm/slick-carousel@1.8.1/slick/slick.minf7c9.js]
[kiierr.com/wp-json/wp/v2/tags/394.json]
[kiierr.com/tag/bosley-hair-products-review/index.html]
[kiierr.com/wp-content/themes/flatsome-child/assets/js/slick.min5df5.js]
[kiierr.com/wp-content/themes/flatsome-child/assets/css/main7764.css]
[kiierr.com/wp-content/themes/flatsome-child/assets/js/child-main1170.js]
[kiierr.com/tag/bosley-laser-cap-review/feed/index.html]
[cdn.jsdelivr.net/npm/slick-carousel@1.8.1/slick/slick.min7bba.js]
[kiierr.com/wp-json/wp/v2/tags/346.json]
[kiierr.com/tag/bosley-laser-cap-review/index.html]
[kiierr.com/wp-content/themes/flatsome-child/assets/js/slick.min84d1.js]
[kiierr.com/wp-content/themes/flatsome-child/assets/css/maine09d.css]
[kiierr.com/wp-content/themes/flatsome-child/style5322.css]
[kiierr.com/tag/bosley-revitalizer-review/feed/index.html]
[kiierr.com/wp-content/themes/flatsome-child/assets/js/child-mainc022.js]
[cdn.jsdelivr.net/npm/slick-carousel@1.8.1/slick/slick.min8d18.js]
[kiierr.com/wp-json/wp/v2/tags/348.json]
[kiierr.com/tag/bosley-revitalizer-review/index.html]
[kiierr.com/wp-content/themes/flatsome-child/assets/js/slick.minb2c1-2.js]
[kiierr.com/wp-content/themes/flatsome-child/assets/css/main6c37.css]
[kiierr.com/wp-content/themes/flatsome-child/style1b8e.css]
[kiierr.com/wp-content/themes/flatsome-child/assets/js/child-main3d72.js]
[kiierr.com/tag/kiierr-vs-bosley-hair-products/feed/index.html]
[cdn.jsdelivr.net/npm/slick-carousel@1.8.1/slick/slick.min707e.js]
[kiierr.com/wp-json/wp/v2/tags/261.json]
[kiierr.com/tag/kiierr-vs-bosley-hair-products/index.html]
[kiierr.com/wp-content/themes/flatsome-child/assets/css/main18ba.css]
[kiierr.com/wp-content/themes/flatsome-child/styled6c9.css]
[kiierr.com/wp-content/themes/flatsome-child/assets/js/slick.mina751.js]
[kiierr.com/wp-content/themes/flatsome-child/assets/css/main6e4d.css]
[kiierr.com/wp-content/themes/flatsome-child/stylea6ea.css]
[kiierr.com/go-pink-for-october/feed/index.html]
[kiierr.com/wp-content/themes/flatsome-child/assets/js/child-mainaff1.js]
[cdn.jsdelivr.net/npm/slick-carousel@1.8.1/slick/slick.min311e.js]
[kiierr.com/wp-json/wp/v2/posts/16998.json]
[kiierr.com/wp-json/oembed/1.0/embedd260.json]
[kiierr.com/wp-json/oembed/1.0/embed14a4]
[kiierr.com/wp-content/uploads/2019/10/bigstock-Breast-cancer-cell-6997563-300x300.jpg]
[kiierr.com/wp-content/uploads/2019/10/bigstock-October-Breast-Cancer-Awarenes-317581351-300x200.jpg]
[kiierr.com/go-pink-for-october/index.html]
[kiierr.com/wp-content/themes/flatsome-child/assets/js/slick.min57a2.js]
[kiierr.com/wp-content/themes/flatsome-child/assets/css/main7c3b.css]
[kiierr.com/tag/breast-cancer/feed/index.html]
[kiierr.com/wp-content/themes/flatsome-child/assets/js/child-maine017.js]
[kiierr.com/a-guide-to-thicker-stronger-healthier-hair/index.html]
[kiierr.com/the-perfect-holiday-gift-for-hair-loss/index.html]
[cdn.jsdelivr.net/npm/slick-carousel@1.8.1/slick/slick.mine4fb.js]
[kiierr.com/wp-json/wp/v2/tags/148.json]
[kiierr.com/tag/breast-cancer/index.html]
[kiierr.com/wp-content/themes/flatsome-child/assets/js/slick.mina21e.js]
[kiierr.com/wp-content/themes/flatsome-child/assets/css/main229e.css]
[kiierr.com/wp-content/themes/flatsome-child/assets/js/child-mainbfbc.js]
[kiierr.com/tag/kab/feed/index.html]
[cdn.jsdelivr.net/npm/slick-carousel@1.8.1/slick/slick.mind5fb.js]
[kiierr.com/wp-json/wp/v2/tags/150.json]
[kiierr.com/tag/kab/index.html]
[kiierr.com/wp-content/themes/flatsome-child/assets/js/slick.mind34f.js]
[kiierr.com/wp-content/themes/flatsome-child/assets/css/main812e.css]
[kiierr.com/wp-content/themes/flatsome-child/style3416.css]
[kiierr.com/wp-content/themes/flatsome-child/assets/js/child-mainbb2c.js]
[kiierr.com/tag/kiierr/feed/index.html]
[cdn.jsdelivr.net/npm/slick-carousel@1.8.1/slick/slick.mine7b2.js]
[kiierr.com/wp-json/wp/v2/tags/132.json]
[kiierr.com/wp-content/uploads/2021/08/How-to-Make-Your-Hair-Grow-Faster-and-Longer-1024x724.png]
[kiierr.com/wp-content/uploads/2019/02/5F5F3533-063F-45B1-9FB0-C52202D9A2F7.jpg]
[kiierr.com/tag/kiierr/index.html]
[kiierr.com/wp-content/themes/flatsome-child/assets/js/slick.min0e3e.js]
[kiierr.com/wp-content/themes/flatsome-child/assets/css/maindeca.css]
[kiierr.com/wp-content/themes/flatsome-child/style9358.css]
[kiierr.com/tag/prevention/feed/index.html]
[kiierr.com/wp-content/themes/flatsome-child/assets/js/child-mainbdc6.js]
[cdn.jsdelivr.net/npm/slick-carousel@1.8.1/slick/slick.min3928.js]
[kiierr.com/wp-json/wp/v2/tags/149.json]
[kiierr.com/tag/strong-hair/index.html]
[kiierr.com/tag/prevention/index.html]
[kiierr.com/wp-content/themes/flatsome-child/assets/css/mainac1b.css]
[kiierr.com/wp-content/themes/flatsome-child/assets/js/slick.minebd9.js]
[kiierr.com/wp-content/themes/flatsome-child/assets/css/main2134.css]
[kiierr.com/wp-content/themes/flatsome-child/style6da1.css]
[kiierr.com/cayenne-pepper-for-hair-growth/feed/index.html]
[kiierr.com/wp-content/themes/flatsome-child/assets/js/child-main6273.js]
[cdn.jsdelivr.net/npm/slick-carousel@1.8.1/slick/slick.min26f0.js]
[kiierr.com/wp-json/wp/v2/posts/55083.json]
[kiierr.com/wp-json/oembed/1.0/embedf8f4.json]
[kiierr.com/wp-json/oembed/1.0/embed9b35]
[kiierr.com/cayenne-pepper-for-hair-growth/index.html]
[kiierr.com/wp-content/themes/flatsome-child/assets/js/slick.min4046.js]
[kiierr.com/wp-content/themes/flatsome-child/assets/css/mainb913.css]
[kiierr.com/wp-content/themes/flatsome-child/assets/js/child-main1a40.js]
[kiierr.com/tag/cayenne-pepper-for-hair-growth/feed/index.html]
[cdn.jsdelivr.net/npm/slick-carousel@1.8.1/slick/slick.min8667.js]
[kiierr.com/wp-json/wp/v2/tags/578.json]
[kiierr.com/tag/cayenne-pepper-for-hair-growth/index.html]
[kiierr.com/wp-content/themes/flatsome-child/assets/css/maincbe4.css]
[kiierr.com/wp-content/themes/flatsome-child/assets/js/slick.min9f17.js]
[kiierr.com/wp-content/themes/flatsome-child/assets/css/main0474.css]
[kiierr.com/wp-content/themes/flatsome-child/stylecd00.css]
[kiierr.com/is-it-a-cowlick-or-am-i-going-bald/feed/index.html]
[kiierr.com/wp-content/themes/flatsome-child/assets/js/child-maindaf5.js]
[cdn.jsdelivr.net/npm/slick-carousel@1.8.1/slick/slick.min08b1.js]
[kiierr.com/wp-json/wp/v2/posts/50405.json]
[kiierr.com/wp-json/oembed/1.0/embed8f2d.json]
[kiierr.com/wp-json/oembed/1.0/embed05e8]
[kiierr.com/wp-content/uploads/2021/09/What-is-a-Cowlick.png]
[kiierr.com/wp-content/uploads/2021/09/Babies-and-Cowlicks.png]
[kiierr.com/wp-content/uploads/2021/09/Difference-Between-a-Cowlick-and-Balding.png]
[kiierr.com/wp-content/uploads/2021/09/Hair-Loss-Cycle.png]
[kiierr.com/wp-content/uploads/2021/09/Hairstyles-and-Tricks-for-Slowing-Down-Balding.png]
[kiierr.com/wp-content/uploads/2021/09/Hairstyles-For-A-Cowlick-Grow-out-your-hair.jpg]
[kiierr.com/wp-content/uploads/2021/09/Hairstyles-For-A-Cowlick-Switch-your-part.jpg]
[kiierr.com/wp-content/uploads/2021/09/Top-For-Cowlick-Proper-hair-care.jpg]
[kiierr.com/wp-content/uploads/2021/09/DHT-blockers.png]
[kiierr.com/wp-content/uploads/2021/09/Kind-Hair-Styling.png]
[kiierr.com/wp-content/uploads/2021/09/Try-the-Kiierr-Laser-Cap-Risk-Free-1.png]
[kiierr.com/is-it-a-cowlick-or-am-i-going-bald/index.html]
[kiierr.com/wp-content/themes/flatsome-child/assets/js/slick.min7c0a.js]
[kiierr.com/wp-content/themes/flatsome-child/assets/css/main30c3.css]
[kiierr.com/wp-content/themes/flatsome-child/assets/js/child-main517e.js]
[kiierr.com/tag/balding-styling-tips/feed/index.html]
[cdn.jsdelivr.net/npm/slick-carousel@1.8.1/slick/slick.mine70c.js]
[kiierr.com/wp-json/wp/v2/tags/566.json]
[kiierr.com/should-you-use-nioxin-shampoo-for-hair-loss/index.html]
[kiierr.com/tag/balding-styling-tips/index.html]
[kiierr.com/wp-content/themes/flatsome-child/assets/js/slick.mind0db.js]
[kiierr.com/wp-content/themes/flatsome-child/assets/css/mainb688.css]
[kiierr.com/wp-content/themes/flatsome-child/assets/js/child-main8b19.js]
[kiierr.com/tag/balding-tips/feed/index.html]
[cdn.jsdelivr.net/npm/slick-carousel@1.8.1/slick/slick.min71a8.js]
[kiierr.com/wp-json/wp/v2/tags/564.json]
[kiierr.com/tag/balding-tips/index.html]
[kiierr.com/wp-content/themes/flatsome-child/assets/js/slick.minca4f.js]
[kiierr.com/wp-content/themes/flatsome-child/assets/css/main291d.css]
[kiierr.com/wp-content/themes/flatsome-child/styled10b.css]
[kiierr.com/tag/cowlick/feed/index.html]
[kiierr.com/wp-content/themes/flatsome-child/assets/js/child-main3c00.js]
[cdn.jsdelivr.net/npm/slick-carousel@1.8.1/slick/slick.min3ce4.js]
[kiierr.com/wp-json/wp/v2/tags/565.json]
[kiierr.com/tag/cowlick/index.html]
[kiierr.com/wp-content/themes/flatsome-child/assets/css/main7e65.css]
[kiierr.com/wp-content/themes/flatsome-child/style23c5.css]
[kiierr.com/wp-content/themes/flatsome-child/assets/js/slick.minb715.js]
[kiierr.com/wp-content/themes/flatsome-child/assets/css/main179f.css]
[kiierr.com/wp-content/themes/flatsome-child/style3e9c.css]
[kiierr.com/exploring-hair-loss-treatments-oral-vs-topical-options/feed/index.html]
[kiierr.com/wp-content/themes/flatsome-child/assets/js/child-main6364.js]
[cdn.jsdelivr.net/npm/slick-carousel@1.8.1/slick/slick.min23de.js]
[kiierr.com/wp-json/wp/v2/posts/74961.json]
[kiierr.com/wp-json/oembed/1.0/embed3dee.json]
[kiierr.com/wp-json/oembed/1.0/embed6fbd]
[kiierr.com/wp-content/uploads/2023/07/9-1024x576.png]
[kiierr.com/wp-content/uploads/2023/07/10-1024x576.png]
[kiierr.com/wp-content/uploads/2023/07/11-1-1024x576.png]
[kiierr.com/wp-content/uploads/2023/07/12-1024x576.png]
[kiierr.com/exploring-hair-loss-treatments-oral-vs-topical-options/index.html]
[kiierr.com/wp-content/themes/flatsome-child/assets/js/slick.min6d0c.js]
[kiierr.com/wp-content/themes/flatsome-child/assets/css/maine4d2.css]
[kiierr.com/wp-content/themes/flatsome-child/assets/js/child-main2962.js]
[kiierr.com/dermaroller-for-hair-loss-does-it-work/feed/index.html]
[cdn.jsdelivr.net/npm/slick-carousel@1.8.1/slick/slick.min8f59.js]
[kiierr.com/wp-json/wp/v2/posts/23076.json]
[kiierr.com/wp-json/oembed/1.0/embed51d4.json]
[kiierr.com/wp-json/oembed/1.0/embed6f0a]
[kiierr.com/wp-content/uploads/2020/04/does-dermarolling-work-for-hair-loss-1024x683.jpg]
[kiierr.com/wp-content/uploads/2020/04/do-derma-rollers-work-for-hair-loss.png]
[kiierr.com/wp-content/uploads/2020/04/side-effects-of-dermaroller-for-hair-loss-1024x683.jpg]
[kiierr.com/wp-content/uploads/2020/04/does-dermaroller-work-for-hair-loss-300x201.png]
[kiierr.com/wp-content/uploads/2021/01/Kiierr-Dermaroller-MAX-Growth-Bundle-1024x725.png]
[kiierr.com/dermaroller-for-hair-loss-does-it-work/index.html]
[kiierr.com/wp-content/themes/flatsome-child/assets/js/slick.min8c5a.js]
[kiierr.com/types-of-hair-loss-and-their-causes/embed/index.html]
[kiierr.com/laser-devices-for-hair-growth-how-kiierr-stacks-up/embed/index.html]
[kiierr.com/wp-content/themes/flatsome-child/assets/css/mainbf0c.css]
[kiierr.com/product/kiierr-dermaroller-max-hair-growth-bundle/index.html]
[kiierr.com/kiierr-dermal-restorative-hair-growth-serum/index.html]
[kiierr.com/tag/derma-roller/feed/index.html]
[kiierr.com/wp-content/themes/flatsome-child/style94fa.css]
[kiierr.com/hair-loss-in-women/index.html]
[kiierr.com/wp-content/themes/flatsome-child/assets/js/child-main03e0.js]
[cdn.jsdelivr.net/npm/slick-carousel@1.8.1/slick/slick.min5e40.js]
[kiierr.com/wp-json/wp/v2/tags/316.json]
[kiierr.com/tag/derma-roller/index.html]
[kiierr.com/wp-content/themes/flatsome-child/assets/js/slick.min6afe.js]
[kiierr.com/wp-content/themes/flatsome-child/assets/css/maind099.css]
[kiierr.com/wp-content/themes/flatsome-child/assets/js/child-maincdf3.js]
[kiierr.com/tag/derma-roller-for-hair-loss/feed/index.html]
[cdn.jsdelivr.net/npm/slick-carousel@1.8.1/slick/slick.min5826.js]
[kiierr.com/wp-json/wp/v2/tags/317.json]
[kiierr.com/tag/derma-roller-for-hair-loss/index.html]
[kiierr.com/wp-content/themes/flatsome-child/assets/js/slick.mina3a8.js]
[kiierr.com/wp-content/themes/flatsome-child/assets/css/main56ca.css]
[kiierr.com/wp-content/themes/flatsome-child/style279f.css]
[kiierr.com/tag/derma-roller-for-hair-loss-review/feed/index.html]
[kiierr.com/wp-content/themes/flatsome-child/assets/js/child-maine8c6.js]
[cdn.jsdelivr.net/npm/slick-carousel@1.8.1/slick/slick.mince02.js]
[kiierr.com/wp-json/wp/v2/tags/354.json]
[kiierr.com/tag/derma-roller-for-hair-loss-review/index.html]
[kiierr.com/wp-content/themes/flatsome-child/assets/js/slick.minc260.js]
[kiierr.com/wp-content/themes/flatsome-child/assets/css/main6c68.css]
[kiierr.com/wp-content/themes/flatsome-child/styleb46e.css]
[kiierr.com/wp-content/themes/flatsome-child/assets/js/child-main0955.js]
[kiierr.com/tag/dermaroller/feed/index.html]
[cdn.jsdelivr.net/npm/slick-carousel@1.8.1/slick/slick.min3d5d.js]
[kiierr.com/wp-json/wp/v2/tags/318.json]
[kiierr.com/tag/dermaroller/index.html]
[kiierr.com/wp-content/themes/flatsome-child/assets/js/slick.mincfe4.js]
[kiierr.com/wp-content/themes/flatsome-child/assets/css/main88a4.css]
[kiierr.com/wp-content/themes/flatsome-child/style72ef.css]
[kiierr.com/wp-content/themes/flatsome-child/assets/js/child-mainafa8.js]
[kiierr.com/tag/dermaroller-for-hair-loss/feed/index.html]
[cdn.jsdelivr.net/npm/slick-carousel@1.8.1/slick/slick.minc5ea.js]
[kiierr.com/wp-json/wp/v2/tags/186.json]
[kiierr.com/tag/dermaroller-for-hair-loss/index.html]
[kiierr.com/wp-content/themes/flatsome-child/assets/js/slick.min559c.js]
[kiierr.com/wp-content/themes/flatsome-child/assets/css/main1d99.css]
[kiierr.com/wp-content/themes/flatsome-child/stylec8a5.css]
[kiierr.com/wp-content/themes/flatsome-child/assets/js/child-mainfefa.js]
[kiierr.com/tag/hair-growth/feed/index.html]
[cdn.jsdelivr.net/npm/slick-carousel@1.8.1/slick/slick.min7cab.js]
[kiierr.com/wp-json/wp/v2/tags/134.json]
[kiierr.com/tag/hair-growth/page/2/index.html]
[kiierr.com/wp-content/uploads/2023/02/What-is-a-Laser-Cap-1024x724.png]
[kiierr.com/wp-content/uploads/2021/10/Preventing-Hair-Loss-Before-it-Starts-1024x724.png]
[kiierr.com/wp-content/uploads/2021/10/Nioxin-for-Hair-Loss-1024x724.png]
[kiierr.com/tag/hair-growth/index.html]
[kiierr.com/wp-content/themes/flatsome-child/assets/js/slick.min84d5.js]
[kiierr.com/what-is-a-laser-cap/index.html]
[kiierr.com/tag/hair-loss-shampoo/index.html]
[kiierr.com/wp-content/themes/flatsome-child/assets/css/mainf09f.css]
[kiierr.com/tag/nioxin/index.html]
[kiierr.com/tag/nioxin-for-hair-loss/index.html]
[kiierr.com/wp-content/themes/flatsome-child/stylea427.css]
[kiierr.com/tag/hair-loss/feed/index.html]
[kiierr.com/tag/hair-loss/page/2/index.html]
[kiierr.com/wp-content/themes/flatsome-child/assets/js/child-maindf26.js]
[cdn.jsdelivr.net/npm/slick-carousel@1.8.1/slick/slick.min8197.js]
[kiierr.com/wp-json/wp/v2/tags/101.json]
[kiierr.com/wp-content/uploads/2021/08/Hair-Loss-Can-Lead-to-Extreme-Mental-Stress—Heres-What-You-Can-Do-to-Overcome-It-1-1024x724.png]
[kiierr.com/tag/hair-loss/index.html]
[kiierr.com/wp-content/themes/flatsome-child/assets/js/slick.minbe81.js]
[kiierr.com/tag/hair-loss-solution/feed/index.html]
[kiierr.com/wp-content/themes/flatsome-child/assets/css/maine955.css]
[kiierr.com/tag/mental-health/index.html]
[kiierr.com/wp-content/themes/flatsome-child/styleac4f.css]
[kiierr.com/hair-loss-can-lead-to-extreme-mental-stress-heres-what-you-can-do-to-overcome-it/index.html]
[kiierr.com/wp-content/themes/flatsome-child/assets/js/child-mainad37.js]
[kiierr.com/tag/hair-loss/page/3/index.html]
[cdn.jsdelivr.net/npm/slick-carousel@1.8.1/slick/slick.min5c28.js]
[kiierr.com/wp-json/wp/v2/tags/319.json]
[kiierr.com/tag/hair-loss-solution/index.html]
[kiierr.com/wp-content/themes/flatsome-child/assets/js/slick.min863f.js]
[kiierr.com/wp-content/themes/flatsome-child/assets/css/main9729.css]
[kiierr.com/wp-content/themes/flatsome-child/style29c2.css]
[kiierr.com/wp-content/themes/flatsome-child/assets/js/child-main0cd9.js]
[kiierr.com/tag/hair-treatment/feed/index.html]
[cdn.jsdelivr.net/npm/slick-carousel@1.8.1/slick/slick.min25dd.js]
[kiierr.com/wp-json/wp/v2/tags/314.json]
[kiierr.com/tag/hair-treatment/index.html]
[kiierr.com/wp-content/themes/flatsome-child/assets/js/slick.min488d.js]
[kiierr.com/wp-content/themes/flatsome-child/assets/css/main0122.css]
[kiierr.com/wp-content/themes/flatsome-child/stylea66c.css]
[kiierr.com/wp-content/themes/flatsome-child/assets/js/child-main806c.js]
[kiierr.com/tag/kiierr-hair-derma-roller/feed/index.html]
[cdn.jsdelivr.net/npm/slick-carousel@1.8.1/slick/slick.minc495.js]
[kiierr.com/wp-json/wp/v2/tags/315.json]
[kiierr.com/tag/kiierr-hair-derma-roller/index.html]
[kiierr.com/wp-content/themes/flatsome-child/assets/css/mainf1e1.css]
[kiierr.com/wp-content/themes/flatsome-child/assets/js/slick.min2b5d.js]
[kiierr.com/wp-content/themes/flatsome-child/assets/css/main6c8f.css]
[kiierr.com/wp-content/themes/flatsome-child/style9021.css]
[kiierr.com/how-elon-musk-restored-his-hair/feed/index.html]
[kiierr.com/wp-content/themes/flatsome-child/assets/js/child-main3706.js]
[cdn.jsdelivr.net/npm/slick-carousel@1.8.1/slick/slick.mina24a.js]
[kiierr.com/wp-json/wp/v2/posts/64623.json]
[kiierr.com/wp-json/oembed/1.0/embed1525.json]
[kiierr.com/wp-json/oembed/1.0/embed467c]
[kiierr.com/wp-content/uploads/2022/07/Elon-Musk-Hair-Transformation-1.png]
[kiierr.com/wp-content/uploads/2022/07/Norwood-Male-Pattern-Baldness-Scale-1.png]
[kiierr.com/wp-content/uploads/2022/07/Elon-Musks-New-Hair-1.png]
[kiierr.com/wp-content/uploads/2022/07/Hair-Transplant-Methods-1.png]
[kiierr.com/wp-content/uploads/2022/07/Elon-Musks-FUT-Scars.png]
[kiierr.com/wp-content/uploads/2022/07/Elon-Musk-Amber-Heard-1.png]
[kiierr.com/wp-content/uploads/2021/09/Jolene-Anderson-Author-Co-Founder-Kiierr.com_-150x150.png]
[kiierr.com/how-elon-musk-restored-his-hair/index.html]
[kiierr.com/wp-content/themes/flatsome-child/assets/css/mainfab2.css]
[kiierr.com/wp-content/themes/flatsome-child/style85fa.css]
[kiierr.com/wp-content/themes/flatsome-child/assets/css/main589a.css]
[kiierr.com/wp-content/themes/flatsome-child/assets/js/slick.minbb23.js]
[kiierr.com/wp-content/themes/flatsome-child/assets/css/main7b0f.css]
[kiierr.com/wp-content/themes/flatsome-child/style04a0.css]
[kiierr.com/fenugreek-powder-for-hair-growth/feed/index.html]
[kiierr.com/wp-content/themes/flatsome-child/assets/js/child-main9bf0.js]
[cdn.jsdelivr.net/npm/slick-carousel@1.8.1/slick/slick.min5b47.js]
[kiierr.com/wp-json/wp/v2/posts/56560.json]
[kiierr.com/wp-json/oembed/1.0/embeda434.json]
[kiierr.com/wp-json/oembed/1.0/embedc71a]
[kiierr.com/fenugreek-powder-for-hair-growth/index.html]
[kiierr.com/wp-content/themes/flatsome-child/assets/js/slick.min78ea.js]
[kiierr.com/wp-content/themes/flatsome-child/assets/css/main29f6.css]
[kiierr.com/wp-content/themes/flatsome-child/assets/js/child-mainc073.js]
[kiierr.com/tag/fenugreek-powder-for-hair-growth/feed/index.html]
[cdn.jsdelivr.net/npm/slick-carousel@1.8.1/slick/slick.min04b6.js]
[kiierr.com/wp-json/wp/v2/tags/581.json]
[kiierr.com/tag/fenugreek-powder-for-hair-growth/index.html]
[kiierr.com/wp-content/themes/flatsome-child/assets/js/slick.min73ae.js]
[kiierr.com/wp-content/themes/flatsome-child/assets/css/mainc261.css]
[kiierr.com/wp-content/themes/flatsome-child/style3b6a.css]
[kiierr.com/wp-content/themes/flatsome-child/assets/js/child-mainaa28.js]
[cdn.jsdelivr.net/npm/slick-carousel@1.8.1/slick/slick.min41b5.js]
[kiierr.com/category/fun-facts-about-hair/page/images/shdow.png]
[kiierr.com/category/fun-facts-about-hair/page/2/index.html]
[kiierr.com/wp-content/themes/flatsome-child/assets/css/main3a50.css]
[kiierr.com/wp-content/themes/flatsome-child/style0953.css]
[kiierr.com/wp-content/themes/flatsome-child/assets/js/slick.min4c43.js]
[kiierr.com/wp-content/themes/flatsome-child/assets/css/main1fb3.css]
[kiierr.com/wp-content/themes/flatsome-child/style5b32.css]
[kiierr.com/red-light-therapy-shedding-light-on-hair-regrowth/feed/index.html]
[kiierr.com/wp-content/themes/flatsome-child/assets/js/child-maineff4.js]
[cdn.jsdelivr.net/npm/slick-carousel@1.8.1/slick/slick.min5a3a.js]
[kiierr.com/wp-json/wp/v2/posts/75788.json]
[kiierr.com/wp-json/oembed/1.0/embed0504.json]
[kiierr.com/wp-json/oembed/1.0/embed13e0]
[kiierr.com/wp-content/uploads/2023/08/3-1-1024x576.png]
[kiierr.com/wp-content/uploads/2023/08/3-1024x576.png]
[kiierr.com/wp-content/uploads/2023/08/4-2-1024x576.png]
[kiierr.com/red-light-therapy-shedding-light-on-hair-regrowth/index.html]
[kiierr.com/wp-content/themes/flatsome-child/assets/js/slick.min0a12.js]
[kiierr.com/wp-content/themes/flatsome-child/assets/css/main62cb.css]
[kiierr.com/wp-content/themes/flatsome-child/style9ba9.css]
[kiierr.com/wp-content/themes/flatsome-child/assets/js/child-main5617.js]
[kiierr.com/unveiling-the-wonders-of-kiierr-laser-caps/feed/index.html]
[cdn.jsdelivr.net/npm/slick-carousel@1.8.1/slick/slick.min7fe2.js]
[kiierr.com/wp-json/wp/v2/posts/75782.json]
[kiierr.com/wp-json/oembed/1.0/embed523b.json]
[kiierr.com/wp-json/oembed/1.0/embede3d3]
[kiierr.com/wp-content/uploads/2023/08/2-1024x576.png]
[kiierr.com/wp-content/uploads/2023/08/4-1-1024x576.png]
[kiierr.com/unveiling-the-wonders-of-kiierr-laser-caps/index.html]
[kiierr.com/wp-content/themes/flatsome-child/assets/js/slick.minf24d.js]
[kiierr.com/wp-content/themes/flatsome-child/assets/css/main51b3.css]
[kiierr.com/wp-content/themes/flatsome-child/style7971.css]
[kiierr.com/do-dht-blocking-shampoos-and-supplements-work/feed/index.html]
[kiierr.com/wp-content/themes/flatsome-child/assets/js/child-main4e3a.js]
[cdn.jsdelivr.net/npm/slick-carousel@1.8.1/slick/slick.minf02e.js]
[kiierr.com/wp-json/wp/v2/posts/74945.json]
[kiierr.com/wp-json/oembed/1.0/embed7011.json]
[kiierr.com/wp-json/oembed/1.0/embed5dcd]
[kiierr.com/wp-content/uploads/2023/07/Blue-White-and-Black-Photographic-Environment-Charity-Non-Profit-Website-copy-1024x576.png]
[kiierr.com/wp-content/uploads/2023/07/Blue-White-and-Black-Photographic-Environment-Charity-Non-Profit-Website-copy-2-1024x576.png]
[kiierr.com/wp-content/uploads/2023/07/13-1024x576.png]
[kiierr.com/wp-content/uploads/2023/07/14-1024x576.png]
[kiierr.com/do-dht-blocking-shampoos-and-supplements-work/index.html]
[kiierr.com/wp-content/themes/flatsome-child/assets/js/slick.min43f6.js]
[kiierr.com/wp-content/themes/flatsome-child/assets/css/main3af9.css]
[kiierr.com/wp-content/themes/flatsome-child/assets/js/child-main18b3.js]
[cdn.jsdelivr.net/npm/slick-carousel@1.8.1/slick/slick.minf402.js]
[kiierr.com/wp-content/uploads/2021/03/1-1.png]
[kiierr.com/wp-content/uploads/2020/03/grey-hair-causes-and-treatment-scaled-1024x692.jpg]
[kiierr.com/wp-content/uploads/2020/04/balding-hairstyles-for-men-scaled-1024x684.jpg]
[kiierr.com/tag/hair-loss-doctor/index.html]
[kiierr.com/tag/trichologist/index.html]
[kiierr.com/wp-content/themes/flatsome-child/assets/js/slick.mine055.js]
[kiierr.com/category/fun-facts-about-hair/page/3/index.html]
[kiierr.com/tag/what-is-trichology/index.html]
[kiierr.com/tag/hair-specialist/index.html]
[kiierr.com/wp-content/themes/flatsome-child/assets/css/maine391.css]
[kiierr.com/tag/does-stress-cause-grey-hair/index.html]
[kiierr.com/tag/grey-hair-causes/index.html]
[kiierr.com/wp-content/themes/flatsome-child/style37f3.css]
[kiierr.com/tag/grey-hair-causes-and-treatment/index.html]
[kiierr.com/wp-content/themes/flatsome-child/assets/js/child-mainedbf.js]
[kiierr.com/tag/grey-hair-regrowth/index.html]
[kiierr.com/tag/grey-hair-treatment/index.html]
[kiierr.com/tag/red-light-therapy-for-grey-hair/index.html]
[cdn.jsdelivr.net/npm/slick-carousel@1.8.1/slick/slick.minb8bd.js]
[kiierr.com/tag/red-light-therapy-grey-hair/index.html]
[kiierr.com/tag/balding-hairstyles-for-men/index.html]
[kiierr.com/grey-hair-causes-and-treatment/index.html]
[kiierr.com/wp-content/uploads/2020/06/male-hair-loss-scaled-1024x683.jpg]
[kiierr.com/wp-content/uploads/2020/06/rice-water-for-hair-growth-scaled-1024x678.jpg]
[kiierr.com/wp-content/uploads/2020/06/men-and-women-hair-loss-1024x682.png]
[kiierr.com/wp-content/uploads/2020/04/onion-juice-for-hair-growth-scaled-1024x683.jpg]
[kiierr.com/tag/hair-loss-in-men/index.html]
[kiierr.com/tag/causes-of-hair-loss-in-men/index.html]
[kiierr.com/wp-content/uploads/2019/08/9AE99126-098D-49DE-B0F1-436F3EC23F7A.jpg]
[kiierr.com/causes-of-hair-loss-in-men/index.html]
[kiierr.com/tag/male-pattern-baldness/index.html]
[kiierr.com/wp-content/uploads/2018/11/EC9F857E-93D1-4E61-BD54-7F35F1FABB78.jpg]
[kiierr.com/top-4-foods-to-stay-away-from-when-it-comes-to-hair-health/index.html]
[kiierr.com/tag/aspartame-and-hair-loss/index.html]
[kiierr.com/tag/aspartame-hair-loss/index.html]
[kiierr.com/tag/diet-soda-hair-loss/index.html]
[kiierr.com/wp-content/themes/flatsome-child/assets/js/slick.minf388.js]
[kiierr.com/category/fun-facts-about-hair/page/4/index.html]
[kiierr.com/tag/does-aspartame-cause-hair-loss/index.html]
[kiierr.com/tag/does-diet-soda-cause-hair-loss/index.html]
[kiierr.com/wp-content/themes/flatsome-child/assets/css/maina67c.css]
[kiierr.com/tag/top-4-foods-to-stay-away-from-when-it-comes-to-hair-health/index.html]
[kiierr.com/tag/rice-water-for-hair-growth/index.html]
[kiierr.com/tag/onion-juice-for-hair-growth/index.html]
[kiierr.com/tag/hair-loss-in-men-vs-women/index.html]
[kiierr.com/wp-content/themes/flatsome-child/assets/css/main01c3.css]
[kiierr.com/tag/grow-hair-follicles/index.html]
[kiierr.com/tag/hair-follice-regeneration/index.html]
[kiierr.com/wp-content/themes/flatsome-child/style955b.css]
[kiierr.com/three-factors-to-hair-loss/index.html]
[kiierr.com/garlic-for-hair-growth-does-it-work/feed/index.html]
[kiierr.com/tag/age/index.html]
[kiierr.com/wp-content/themes/flatsome-child/assets/js/child-maina850.js]
[kiierr.com/tag/genetics/index.html]
[cdn.jsdelivr.net/npm/slick-carousel@1.8.1/slick/slick.min79f7.js]
[kiierr.com/wp-json/wp/v2/posts/23204.json]
[kiierr.com/wp-json/oembed/1.0/embed78b3.json]
[kiierr.com/wp-json/oembed/1.0/embed5fec]
[kiierr.com/wp-content/uploads/2020/04/is-garlic-good-for-hair-growth-1024x682.jpg]
[kiierr.com/wp-content/uploads/2020/04/scalp-strengthening-300x200.jpg]
[kiierr.com/wp-content/uploads/2020/04/blood-flow-circulation-300x225.jpg]
[kiierr.com/wp-content/uploads/2020/04/increased-collagen-production-300x200.jpg]
[kiierr.com/wp-content/uploads/2020/04/dandruff-300x225.jpg]
[kiierr.com/wp-content/uploads/2020/04/dirty-hair-300x199.jpg]
[kiierr.com/wp-content/uploads/2020/04/garlic-and-coconut-oil-for-hair-growth-300x225.jpg]
[kiierr.com/wp-content/uploads/2020/04/garlic-with-rosemary-300x200.jpg]
[kiierr.com/wp-content/uploads/2020/04/garlic-with-honey-300x200.jpg]
[kiierr.com/wp-content/uploads/2020/04/garlic-juice-for-hair-growth-300x200.jpg]
[kiierr.com/wp-content/uploads/2020/04/balding-man-1024x683.jpg]
[kiierr.com/garlic-for-hair-growth-does-it-work/index.html]
[kiierr.com/wp-content/themes/flatsome-child/assets/js/slick.minb0f1.js]
[kiierr.com/wp-content/themes/flatsome-child/assets/css/maind422.css]
[kiierr.com/wp-content/themes/flatsome-child/assets/js/child-maind3a5.js]
[kiierr.com/tag/benefits-of-garlic-for-hair-growth/feed/index.html]
[cdn.jsdelivr.net/npm/slick-carousel@1.8.1/slick/slick.min2d31.js]
[kiierr.com/wp-json/wp/v2/tags/365.json]
[kiierr.com/hair-loss-prevention-treatments/index.html]
[kiierr.com/tag/benefits-of-garlic-for-hair-growth/index.html]
[kiierr.com/wp-content/themes/flatsome-child/assets/js/slick.min292d.js]
[kiierr.com/wp-content/themes/flatsome-child/assets/css/mainbe48.css]
[kiierr.com/wp-content/themes/flatsome-child/style17aa.css]
[kiierr.com/tag/garlic-for-hair-growth/feed/index.html]
[kiierr.com/wp-content/themes/flatsome-child/assets/js/child-main7632.js]
[cdn.jsdelivr.net/npm/slick-carousel@1.8.1/slick/slick.minf611.js]
[kiierr.com/wp-json/wp/v2/tags/188.json]
[kiierr.com/tag/garlic-for-hair-growth/index.html]
[kiierr.com/wp-content/themes/flatsome-child/assets/js/slick.min2369.js]
[kiierr.com/wp-content/themes/flatsome-child/assets/css/main33c2.css]
[kiierr.com/wp-content/themes/flatsome-child/stylebd2e.css]
[kiierr.com/tag/garlic-for-hair-growth-does-it-work/feed/index.html]
[kiierr.com/wp-content/themes/flatsome-child/assets/js/child-maind108.js]
[cdn.jsdelivr.net/npm/slick-carousel@1.8.1/slick/slick.min723e.js]
[kiierr.com/wp-json/wp/v2/tags/189.json]
[kiierr.com/tag/garlic-for-hair-growth-does-it-work/index.html]
[kiierr.com/wp-content/themes/flatsome-child/assets/js/slick.mind92d.js]
[kiierr.com/wp-content/themes/flatsome-child/assets/css/main4276.css]
[kiierr.com/wp-content/themes/flatsome-child/styleb37c.css]
[kiierr.com/wp-content/themes/flatsome-child/assets/js/child-main684b.js]
[kiierr.com/tag/garlic-for-hair-growth-review/feed/index.html]
[cdn.jsdelivr.net/npm/slick-carousel@1.8.1/slick/slick.min690d.js]
[kiierr.com/wp-json/wp/v2/tags/363.json]
[kiierr.com/tag/garlic-for-hair-growth-review/index.html]
[kiierr.com/wp-content/themes/flatsome-child/assets/js/slick.mincba7.js]
[kiierr.com/wp-content/themes/flatsome-child/assets/css/main9464.css]
[kiierr.com/wp-content/themes/flatsome-child/stylef511.css]
[kiierr.com/wp-content/themes/flatsome-child/assets/js/child-main354a.js]
[kiierr.com/tag/garlic-hair-growth-before-and-after/feed/index.html]
[cdn.jsdelivr.net/npm/slick-carousel@1.8.1/slick/slick.minea48.js]
[kiierr.com/wp-json/wp/v2/tags/364.json]
[kiierr.com/tag/garlic-hair-growth-before-and-after/index.html]
[kiierr.com/wp-content/themes/flatsome-child/assets/js/slick.min4fb8.js]
[kiierr.com/wp-content/themes/flatsome-child/assets/css/main1341.css]
[kiierr.com/wp-content/themes/flatsome-child/style705e.css]
[kiierr.com/wp-content/themes/flatsome-child/assets/js/child-main91ca.js]
[kiierr.com/tag/is-garlic-good-for-hair-growth/feed/index.html]
[cdn.jsdelivr.net/npm/slick-carousel@1.8.1/slick/slick.min9323.js]
[kiierr.com/wp-json/wp/v2/tags/190.json]
[kiierr.com/tag/is-garlic-good-for-hair-growth/index.html]
[kiierr.com/wp-content/themes/flatsome-child/assets/css/maindf0e.css]
[kiierr.com/wp-content/themes/flatsome-child/styled50b.css]
[kiierr.com/wp-content/themes/flatsome-child/assets/js/slick.min3209.js]
[kiierr.com/wp-content/themes/flatsome-child/assets/css/maina13e.css]
[kiierr.com/wp-content/themes/flatsome-child/style9634.css]
[kiierr.com/green-tea-for-hair-growth/feed/index.html]
[kiierr.com/wp-content/themes/flatsome-child/assets/js/child-main72ca.js]
[cdn.jsdelivr.net/npm/slick-carousel@1.8.1/slick/slick.min17de.js]
[kiierr.com/wp-json/wp/v2/posts/62306.json]
[kiierr.com/wp-json/oembed/1.0/embed1d38.json]
[kiierr.com/wp-json/oembed/1.0/embedd506]
[kiierr.com/wp-content/uploads/2022/05/What-is-Green-Tea_-2.png]
[kiierr.com/wp-content/uploads/2022/05/What-are-the-Health-Benefits-of-Green-Tea-1024x724.png]
[kiierr.com/wp-content/uploads/2022/05/Can-Green-Tea-Help-with-Hair-Loss_--1024x724.png]
[kiierr.com/wp-content/uploads/2022/05/What-does-science-say2.png]
[kiierr.com/wp-content/uploads/2022/05/How-to-Use-Green-Tea-as-a-Hair-Loss-Treatment_-1024x724.png]
[kiierr.com/wp-content/uploads/2022/05/Applying-Green-Tea-Topically--1024x724.png]
[kiierr.com/wp-content/uploads/2022/05/Oral-Consumption--1024x724.png]
[kiierr.com/wp-content/uploads/2022/05/Making-Green-Tea--1024x724.png]
[kiierr.com/wp-content/uploads/2022/05/What-About-Side-Effects_-Green-Tea--1024x724.png]
[kiierr.com/wp-content/uploads/2022/05/Green-Tea-for-Hair-Loss-Conclusion--1024x724.png]
[kiierr.com/green-tea-for-hair-growth/index.html]
[kiierr.com/wp-content/themes/flatsome-child/assets/js/slick.min95b9.js]
[kiierr.com/wp-content/themes/flatsome-child/assets/css/mainc066.css]
[kiierr.com/wp-content/themes/flatsome-child/style9779.css]
[kiierr.com/tag/green-tea/feed/index.html]
[kiierr.com/wp-content/themes/flatsome-child/assets/js/child-main5750.js]
[cdn.jsdelivr.net/npm/slick-carousel@1.8.1/slick/slick.min7916.js]
[kiierr.com/wp-json/wp/v2/tags/601.json]
[kiierr.com/tag/green-tea/index.html]
[kiierr.com/wp-content/themes/flatsome-child/assets/js/slick.mincf1c.js]
[kiierr.com/wp-content/themes/flatsome-child/assets/css/main0fdd.css]
[kiierr.com/wp-content/themes/flatsome-child/assets/js/child-main591f.js]
[kiierr.com/tag/green-tea-for-hair-growth/feed/index.html]
[cdn.jsdelivr.net/npm/slick-carousel@1.8.1/slick/slick.min5685.js]
[kiierr.com/wp-json/wp/v2/tags/602.json]
[kiierr.com/tag/green-tea-for-hair-growth/index.html]
[kiierr.com/wp-content/themes/flatsome-child/assets/js/slick.min9822.js]
[kiierr.com/wp-content/themes/flatsome-child/assets/css/main4e01.css]
[kiierr.com/wp-content/themes/flatsome-child/style96f0.css]
[kiierr.com/wp-content/themes/flatsome-child/assets/js/child-maine8f5.js]
[cdn.jsdelivr.net/npm/slick-carousel@1.8.1/slick/slick.minbc3c.js]
[kiierr.com/category/hair-growth-tips/page/images/shdow.127d.delayed]
[kiierr.com/category/hair-growth-tips/page/2/index.html]
[kiierr.com/wp-content/themes/flatsome-child/assets/css/main0085.css]
[kiierr.com/wp-content/themes/flatsome-child/style7a86.css]
[kiierr.com/wp-content/themes/flatsome-child/assets/js/slick.min3bee.js]
[kiierr.com/wp-content/themes/flatsome-child/assets/css/mainb3a6.css]
[kiierr.com/wp-content/themes/flatsome-child/style244e.css]
[kiierr.com/unlock-your-hairs-potential-a-comprehensive-guide-to-kiierr-hair-growth-supplements/feed/index.html]
[kiierr.com/wp-content/themes/flatsome-child/assets/js/child-main03e3.js]
[cdn.jsdelivr.net/npm/slick-carousel@1.8.1/slick/slick.min8037.js]
[kiierr.com/wp-json/wp/v2/posts/83379.json]
[kiierr.com/wp-json/oembed/1.0/embedd3a3.json]
[kiierr.com/category/hair-growth-tips/page/5/index.html]
[kiierr.com/wp-json/oembed/1.0/embed31c4]
[kiierr.com/wp-content/uploads/2024/04/Home-3-1024x576.png]
[kiierr.com/wp-content/uploads/2024/04/Home-2-1024x576.png]
[kiierr.com/wp-content/uploads/2024/04/Home-1024x576.png]
[kiierr.com/wp-content/uploads/2024/04/Home-5-1024x576.png]
[kiierr.com/unlock-your-hairs-potential-a-comprehensive-guide-to-kiierr-hair-growth-supplements/index.html]
[kiierr.com/wp-content/themes/flatsome-child/assets/js/slick.min28c8.js]
[kiierr.com/wp-content/themes/flatsome-child/assets/css/maine5ce.css]
[kiierr.com/wp-content/themes/flatsome-child/styleb8a1.css]
[kiierr.com/wp-content/themes/flatsome-child/assets/js/child-main623e.js]
[kiierr.com/author/jolene962/feed/index.html]
[cdn.jsdelivr.net/npm/slick-carousel@1.8.1/slick/slick.min872f.js]
[kiierr.com/wp-json/wp/v2/users/121]
[kiierr.com/author/jolene962/index.html]
[kiierr.com/wp-content/themes/flatsome-child/assets/js/slick.minc999.js]
[kiierr.com/wp-content/themes/flatsome-child/assets/css/main853f.css]
[kiierr.com/wp-content/themes/flatsome-child/styleccbf.css]
[kiierr.com/nurturing-your-scalp-the-key-to-radiant-healthy-hair/feed/index.html]
[kiierr.com/wp-content/themes/flatsome-child/assets/js/child-main9426.js]
[cdn.jsdelivr.net/npm/slick-carousel@1.8.1/slick/slick.min99b2.js]
[kiierr.com/wp-json/wp/v2/posts/81645.json]
[kiierr.com/wp-json/oembed/1.0/embedabfa.json]
[kiierr.com/wp-json/oembed/1.0/embed8d02]
[kiierr.com/wp-content/uploads/2024/02/Home-1024x576.png]
[kiierr.com/wp-content/uploads/2024/02/Home-4-1024x576.png]
[kiierr.com/wp-content/uploads/2024/02/Home-5-1024x576.png]
[kiierr.com/wp-content/uploads/2024/02/Home-3-1024x576.png]
[kiierr.com/nurturing-your-scalp-the-key-to-radiant-healthy-hair/index.html]
[kiierr.com/wp-content/themes/flatsome-child/assets/js/slick.minb65a.js]
[kiierr.com/wp-content/themes/flatsome-child/assets/css/main2e7c.css]
[kiierr.com/wp-content/themes/flatsome-child/styleebb0.css]
[kiierr.com/unlocking-the-secrets-to-lush-locks-the-harmony-of-laser-combs-and-scalp-massage/feed/index.html]
[kiierr.com/wp-content/themes/flatsome-child/assets/js/child-mainad24.js]
[cdn.jsdelivr.net/npm/slick-carousel@1.8.1/slick/slick.min011e.js]
[kiierr.com/wp-json/wp/v2/posts/80588.json]
[kiierr.com/wp-json/oembed/1.0/embedf692.json]
[kiierr.com/wp-json/oembed/1.0/embed3294]
[kiierr.com/wp-content/uploads/2024/01/Home-2-6-1024x576.png]
[kiierr.com/wp-content/uploads/2024/01/Home-3-3-1024x576.png]
[kiierr.com/unlocking-the-secrets-to-lush-locks-the-harmony-of-laser-combs-and-scalp-massage/index.html]
[kiierr.com/wp-content/themes/flatsome-child/assets/js/slick.mina8c5.js]
[kiierr.com/wp-content/themes/flatsome-child/assets/css/main5ca5.css]
[kiierr.com/wp-content/themes/flatsome-child/styleed6d.css]
[kiierr.com/wp-content/themes/flatsome-child/assets/js/child-main60e7.js]
[cdn.jsdelivr.net/npm/slick-carousel@1.8.1/slick/slick.min80c2.js]
[kiierr.com/wp-content/uploads/2023/03/RED-LIGHT-THERAPY-KIIERR-LASER-CAPS-1024x620.png]
[kiierr.com/wp-content/themes/flatsome-child/assets/js/slick.min43a1.js]
[kiierr.com/category/hair-growth-tips/page/3/index.html]
[kiierr.com/wp-content/themes/flatsome-child/assets/css/mainb4f2.css]
[kiierr.com/hair-loss-in-women-how-to-get-your-hair-back/index.html]
[kiierr.com/wp-content/themes/flatsome-child/style59ad.css]
[kiierr.com/tag/causes-of-hair-loss-in-women/index.html]
[kiierr.com/category/hair-growth-tips/page/6/index.html]
[kiierr.com/wp-content/themes/flatsome-child/assets/js/child-main6e29.js]
[cdn.jsdelivr.net/npm/slick-carousel@1.8.1/slick/slick.min9a28.js]
[kiierr.com/category/hair-growth-tips/page/4/index.html]
[kiierr.com/wp-content/themes/flatsome-child/assets/js/slick.min1300.js]
[kiierr.com/wp-content/themes/flatsome-child/assets/css/main4c23.css]
[kiierr.com/wp-content/themes/flatsome-child/stylecd61.css]
[kiierr.com/wp-content/themes/flatsome-child/assets/js/child-main288b.js]
[cdn.jsdelivr.net/npm/slick-carousel@1.8.1/slick/slick.mina74f.js]
[kiierr.com/category/hair-growth-tips/page/7/index.html]
[kiierr.com/category/hair-growth-tips/page/9/index.html]
[kiierr.com/wp-content/uploads/2018/11/56A9072E-CD8C-4938-8E04-E30A5D065FBF.jpg]
[kiierr.com/category/hair-growth-tips/page/10/index.html]
[kiierr.com/wp-content/themes/flatsome-child/assets/js/slick.min1c62.js]
[kiierr.com/tag/hair-killer/index.html]
[kiierr.com/wp-content/themes/flatsome-child/assets/css/main3489.css]
[kiierr.com/wp-content/themes/flatsome-child/style66e2.css]
[kiierr.com/dht-the-hair-killer/index.html]
[kiierr.com/category/hair-growth-tips/page/8/index.html]
[kiierr.com/tag/promote-hair-growth/index.html]
[kiierr.com/wp-content/themes/flatsome-child/assets/css/main8109.css]
[kiierr.com/wp-content/themes/flatsome-child/stylec7a7.css]
[kiierr.com/kiierr-a-commitment-to-continuous-improvement-and-innovation/feed/index.html]
[kiierr.com/wp-content/themes/flatsome-child/assets/js/child-main9d33.js]
[cdn.jsdelivr.net/npm/slick-carousel@1.8.1/slick/slick.min7b89.js]
[kiierr.com/wp-json/wp/v2/posts/73251.json]
[kiierr.com/wp-json/oembed/1.0/embede4b7.json]
[kiierr.com/wp-json/oembed/1.0/embedc10b]
[kiierr.com/wp-content/uploads/2023/06/Blue-Snorkeling-Photo-Blog-Banner-1-1024x576.png]
[kiierr.com/wp-content/uploads/2023/06/22-1024x576.png]
[kiierr.com/wp-content/uploads/2023/06/23-1024x576.png]
[kiierr.com/wp-content/uploads/2023/06/18-1-1024x576.png]
[kiierr.com/kiierr-a-commitment-to-continuous-improvement-and-innovation/index.html]
[kiierr.com/wp-content/themes/flatsome-child/assets/js/slick.min82a5.js]
[kiierr.com/wp-content/themes/flatsome-child/assets/css/main21e4.css]
[kiierr.com/wp-content/themes/flatsome-child/style5430.css]
[kiierr.com/wp-content/themes/flatsome-child/assets/js/child-mainab60.js]
[kiierr.com/my-dad-is-bald-will-i-go-bald-too/feed/index.html]
[cdn.jsdelivr.net/npm/slick-carousel@1.8.1/slick/slick.min5fbb.js]
[kiierr.com/wp-json/wp/v2/posts/48369.json]
[kiierr.com/wp-json/oembed/1.0/embed0615.json]
[kiierr.com/wp-json/oembed/1.0/embed39ad]
[kiierr.com/wp-content/uploads/2021/07/Balding-and-Genetics-1024x724.png]
[kiierr.com/wp-content/uploads/2021/07/Factors-for-Hair-Loss-1024x724.png]
[kiierr.com/wp-content/uploads/2021/07/Reverse-Hair-Loss-1024x724.png]
[kiierr.com/wp-content/uploads/2021/07/Balding-Blog-1024x724.png]
[kiierr.com/my-dad-is-bald-will-i-go-bald-too/index.html]
[kiierr.com/wp-content/themes/flatsome-child/assets/js/slick.min528b.js]
[kiierr.com/wp-content/themes/flatsome-child/assets/css/maina86b.css]
[kiierr.com/wp-content/themes/flatsome-child/assets/js/child-maindd6b.js]
[kiierr.com/tag/2021-hair-loss/feed/index.html]
[cdn.jsdelivr.net/npm/slick-carousel@1.8.1/slick/slick.mindb54.js]
[kiierr.com/wp-json/wp/v2/tags/400.json]
[kiierr.com/wp-content/uploads/2020/07/hair-loss-treatment-for-female-1024x683.jpg]
[kiierr.com/tag/2021-hair-loss/index.html]
[kiierr.com/wp-content/themes/flatsome-child/assets/js/slick.min5f20.js]
[kiierr.com/wp-content/themes/flatsome-child/assets/css/main6207.css]
[kiierr.com/wp-content/themes/flatsome-child/assets/js/child-main2488.js]
[kiierr.com/tag/alopecia/feed/index.html]
[cdn.jsdelivr.net/npm/slick-carousel@1.8.1/slick/slick.mina364.js]
[kiierr.com/wp-json/wp/v2/tags/125.json]
[kiierr.com/wp-content/uploads/2018/12/563D43B7-34E1-40FE-B2D6-16D44E12B4A8.jpg]
[kiierr.com/tag/alopecia/index.html]
[kiierr.com/wp-content/themes/flatsome-child/assets/js/slick.minca6f.js]
[kiierr.com/wp-content/themes/flatsome-child/assets/css/main01a3.css]
[kiierr.com/tag/baldness/feed/index.html]
[kiierr.com/wp-content/themes/flatsome-child/style0494.css]
[kiierr.com/wp-content/themes/flatsome-child/assets/js/child-main4bb6.js]
[kiierr.com/alopecia-in-women/index.html]
[kiierr.com/tag/hair-thinning/index.html]
[cdn.jsdelivr.net/npm/slick-carousel@1.8.1/slick/slick.min8f13.js]
[kiierr.com/wp-json/wp/v2/tags/111.json]
[kiierr.com/tag/baldness/index.html]
[kiierr.com/wp-content/themes/flatsome-child/assets/js/slick.min7992.js]
[kiierr.com/wp-content/themes/flatsome-child/assets/css/mainf57c.css]
[kiierr.com/wp-content/themes/flatsome-child/style821f.css]
[kiierr.com/wp-content/themes/flatsome-child/assets/js/child-main29ef.js]
[kiierr.com/tag/do-laser-caps-work/feed/index.html]
[cdn.jsdelivr.net/npm/slick-carousel@1.8.1/slick/slick.mine041.js]
[kiierr.com/wp-json/wp/v2/tags/154.json]
[kiierr.com/tag/do-laser-caps-work/index.html]
[kiierr.com/wp-content/themes/flatsome-child/assets/js/slick.min53d4.js]
[kiierr.com/wp-content/themes/flatsome-child/assets/css/main26f3.css]
[kiierr.com/wp-content/themes/flatsome-child/styleb854.css]
[kiierr.com/wp-content/themes/flatsome-child/assets/js/child-maine4e9.js]
[kiierr.com/tag/hair-loss-genetics/feed/index.html]
[cdn.jsdelivr.net/npm/slick-carousel@1.8.1/slick/slick.mine390.js]
[kiierr.com/wp-json/wp/v2/tags/558.json]
[kiierr.com/tag/hair-loss-genetics/index.html]
[kiierr.com/wp-content/themes/flatsome-child/assets/js/slick.min724b.js]
[kiierr.com/wp-content/themes/flatsome-child/assets/css/maineacb.css]
[kiierr.com/wp-content/themes/flatsome-child/style19c8.css]
[kiierr.com/wp-content/themes/flatsome-child/assets/js/child-main86be.js]
[kiierr.com/tag/hair-loss-treatment/feed/index.html]
[cdn.jsdelivr.net/npm/slick-carousel@1.8.1/slick/slick.min0477.js]
[kiierr.com/wp-json/wp/v2/tags/398.json]
[kiierr.com/tag/hair-loss-treatment/page/2/index.html]
[kiierr.com/tag/hair-loss-treatment/index.html]
[kiierr.com/wp-content/themes/flatsome-child/assets/js/slick.mind032.js]
[kiierr.com/wp-content/themes/flatsome-child/assets/css/main77b2.css]
[kiierr.com/wp-content/themes/flatsome-child/stylefcc4.css]
[kiierr.com/wp-content/themes/flatsome-child/assets/js/child-main07eb.js]
[kiierr.com/tag/low-level-laser-light-therapy/feed/index.html]
[cdn.jsdelivr.net/npm/slick-carousel@1.8.1/slick/slick.minef47.js]
[kiierr.com/wp-json/wp/v2/tags/106.json]
[kiierr.com/wp-content/uploads/2019/06/6DF98188-8940-486C-A869-08FA64BFA53A.jpg]
[kiierr.com/tag/low-level-laser-light-therapy/index.html]
[kiierr.com/wp-content/themes/flatsome-child/assets/js/slick.min0646.js]
[kiierr.com/wp-content/themes/flatsome-child/assets/css/main45bd.css]
[kiierr.com/wp-content/themes/flatsome-child/style75ac.css]
[kiierr.com/wp-content/themes/flatsome-child/assets/js/child-main288a.js]
[kiierr.com/tag/stress-and-hair-loss/feed/index.html]
[cdn.jsdelivr.net/npm/slick-carousel@1.8.1/slick/slick.min9d30.js]
[kiierr.com/wp-json/wp/v2/tags/90.json]
[kiierr.com/tag/androgenetic-alopecia/index.html]
[kiierr.com/wp-content/uploads/2020/07/why-does-stress-cause-hair-loss-1024x671.jpg]
[kiierr.com/wp-content/uploads/2019/08/77D83C4A-7A05-4EE5-AC3C-272CA0BA7491.jpg]
[kiierr.com/tag/stress-and-hair-loss/index.html]
[kiierr.com/wp-content/themes/flatsome-child/assets/js/slick.mina701.js]
[kiierr.com/tag/nutrition-and-hair-loss/index.html]
[kiierr.com/tag/can-stress-cause-hair-loss/index.html]
[kiierr.com/tag/can-stress-cause-loss-of-hair/index.html]
[kiierr.com/tag/does-stress-cause-hair-loss/index.html]
[kiierr.com/hair-loss-in-your-20s/feed/index.html]
[kiierr.com/wp-content/themes/flatsome-child/assets/css/main2e2b.css]
[kiierr.com/wp-content/themes/flatsome-child/styleb0eb.css]
[kiierr.com/wp-content/themes/flatsome-child/assets/js/child-maine411.js]
[cdn.jsdelivr.net/npm/slick-carousel@1.8.1/slick/slick.mind092.js]
[kiierr.com/wp-json/wp/v2/posts/45520.json]
[kiierr.com/wp-json/oembed/1.0/embed4841.json]
[kiierr.com/wp-json/oembed/1.0/embed494e]
[kiierr.com/wp-content/uploads/2021/05/Hair-loss-in-your-20s.png]
[kiierr.com/wp-content/uploads/2021/05/Hair-loss-and-how-to-stop-it.png]
[kiierr.com/wp-content/uploads/2021/05/Fight-your-hair-loss-with-Kiierr.png]
[kiierr.com/wp-content/uploads/2021/05/Use-Kiierr-to-Stop-Hair-Loss.png]
[kiierr.com/hair-loss-in-your-20s/index.html]
[kiierr.com/wp-content/themes/flatsome-child/assets/js/slick.mineecd.js]
[kiierr.com/wp-content/themes/flatsome-child/assets/css/maind4df.css]
[kiierr.com/wp-content/themes/flatsome-child/styleb712.css]
[kiierr.com/wp-content/themes/flatsome-child/assets/js/child-main2c9c.js]
[kiierr.com/tag/hair-loss-in-your-20s/feed/index.html]
[cdn.jsdelivr.net/npm/slick-carousel@1.8.1/slick/slick.min5acf.js]
[kiierr.com/wp-json/wp/v2/tags/531.json]
[kiierr.com/tag/hair-loss-in-your-20s/index.html]
[kiierr.com/wp-content/themes/flatsome-child/assets/js/slick.minbab8.js]
[kiierr.com/wp-content/themes/flatsome-child/assets/css/main841e.css]
[kiierr.com/wp-content/themes/flatsome-child/stylea70d.css]
[kiierr.com/wp-content/themes/flatsome-child/assets/js/child-main54a0.js]
[kiierr.com/tag/hair-loss-tips/feed/index.html]
[cdn.jsdelivr.net/npm/slick-carousel@1.8.1/slick/slick.mind1a0.js]
[kiierr.com/wp-json/wp/v2/tags/42.json]
[kiierr.com/wp-content/uploads/2020/10/is-hair-shedding-normal-1024x683.jpg]
[kiierr.com/wp-content/uploads/2019/07/DCE63A34-8C77-41A3-931D-FF050554DF70.jpg]
[kiierr.com/tag/hair-loss-tips/index.html]
[kiierr.com/wp-content/themes/flatsome-child/assets/js/slick.min66b2.js]
[kiierr.com/tag/hair-loss-for-males-and-females/index.html]
[kiierr.com/top-hair-shedding-causes-and-best-treatment-options/index.html]
[kiierr.com/tag/male-hair-loss/index.html]
[kiierr.com/wp-content/themes/flatsome-child/assets/css/mainc0b3.css]
[kiierr.com/tag/types-of-hair-loss/index.html]
[kiierr.com/wp-content/themes/flatsome-child/style047c.css]
[kiierr.com/tag/kiierr-laser-caps/feed/index.html]
[kiierr.com/wp-content/themes/flatsome-child/assets/js/child-main7a4f.js]
[cdn.jsdelivr.net/npm/slick-carousel@1.8.1/slick/slick.min63fb.js]
[kiierr.com/tag/kiierr-laser-caps/page/2/index.html]
[kiierr.com/wp-json/wp/v2/tags/118.json]
[kiierr.com/tag/kiierr-laser-caps/index.html]
[kiierr.com/wp-content/themes/flatsome-child/assets/js/slick.min6344.js]
[kiierr.com/wp-content/themes/flatsome-child/assets/css/main9f4f.css]
[kiierr.com/wp-content/themes/flatsome-child/assets/js/child-main55d5.js]
[kiierr.com/tag/what-causes-hair-loss/feed/index.html]
[cdn.jsdelivr.net/npm/slick-carousel@1.8.1/slick/slick.min0f68.js]
[kiierr.com/wp-json/wp/v2/tags/240.json]
[kiierr.com/tag/what-causes-hair-loss/index.html]
[kiierr.com/wp-content/themes/flatsome-child/assets/js/slick.min746c.js]
[kiierr.com/wp-content/themes/flatsome-child/assets/css/main8898.css]
[kiierr.com/wp-content/themes/flatsome-child/style53c6.css]
[kiierr.com/wp-content/themes/flatsome-child/assets/js/child-maina156.js]
[kiierr.com/tag/why-am-i-losing-my-hair/feed/index.html]
[cdn.jsdelivr.net/npm/slick-carousel@1.8.1/slick/slick.min69ec.js]
[kiierr.com/wp-json/wp/v2/tags/40.json]
[kiierr.com/tag/why-am-i-losing-my-hair/index.html]
[kiierr.com/wp-content/themes/flatsome-child/assets/js/slick.min0375.js]
[kiierr.com/wp-content/themes/flatsome-child/assets/css/main0495.css]
[kiierr.com/wp-content/themes/flatsome-child/assets/js/child-maincb3b.js]
[kiierr.com/the-biggest-hair-loss-myths-and-what-makes-them-so-dangerous/feed/index.html]
[cdn.jsdelivr.net/npm/slick-carousel@1.8.1/slick/slick.minf697.js]
[kiierr.com/wp-json/wp/v2/posts/44953.json]
[kiierr.com/wp-json/oembed/1.0/embed00ee.json]
[kiierr.com/wp-json/oembed/1.0/embed9fc3]
[kiierr.com/wp-content/uploads/2021/05/hair-loss-is-only-a-problem-for-men.137d.delayed]
[kiierr.com/wp-content/uploads/2021/05/baldness-is-forever.png]
[kiierr.com/wp-content/uploads/2021/05/baldness-is-only-common-in-men.png]
[kiierr.com/wp-content/uploads/2021/05/can-haircuts-help-balding.png]
[kiierr.com/wp-content/uploads/2021/05/hair-transplants-can-help-fight-hair-loss.png]
[kiierr.com/wp-content/uploads/2021/05/Kiierr-laser-caps-fight-baldness.png]
[kiierr.com/the-biggest-hair-loss-myths-and-what-makes-them-so-dangerous/index.html]
[kiierr.com/wp-content/themes/flatsome-child/assets/js/slick.min388e.js]
[kiierr.com/wp-content/themes/flatsome-child/assets/css/mainfb45.css]
[kiierr.com/wp-content/themes/flatsome-child/style387e.css]
[kiierr.com/what-is-dht-and-how-to-stop-it/feed/index.html]
[kiierr.com/wp-content/themes/flatsome-child/assets/js/child-mainb540.js]
[cdn.jsdelivr.net/npm/slick-carousel@1.8.1/slick/slick.min9de4.js]
[kiierr.com/wp-json/wp/v2/posts/14112.json]
[kiierr.com/can-hair-grow-back-after-thinning/index.html]
[kiierr.com/wp-json/oembed/1.0/embed692e.json]
[kiierr.com/wp-json/oembed/1.0/embed598f]
[kiierr.com/wp-content/uploads/2019/05/250119D3-6EB0-4361-8DC6-E4BE50A36FB4-300x300.jpg]
[kiierr.com/wp-content/uploads/2020/02/hair-loss-dht-1024x683.jpg]
[kiierr.com/wp-content/uploads/2020/02/what-causes-dht-to-increase-1024x683.jpg]
[kiierr.com/wp-content/uploads/2024/01/DHT-Blocking-Shampoo-for-Hair-Growth-1024x1024.png]
[kiierr.com/wp-content/uploads/2024/01/DHT-Blocking-Hair-Growth-Vitamins-1024x1024.png]
[kiierr.com/wp-content/uploads/2020/02/dht-hair-loss-1024x683.jpg]
[kiierr.com/what-is-dht-and-how-to-stop-it/index.html]
[kiierr.com/wp-content/themes/flatsome-child/assets/js/slick.mind618.js]
[kiierr.com/wp-content/themes/flatsome-child/assets/css/main94f8.css]
[kiierr.com/wp-content/themes/flatsome-child/assets/js/child-main54e8.js]
[kiierr.com/tag/dht/feed/index.html]
[cdn.jsdelivr.net/npm/slick-carousel@1.8.1/slick/slick.min4beb.js]
[kiierr.com/wp-json/wp/v2/tags/105.json]
[kiierr.com/wp-content/uploads/2019/06/6BB20DE7-A5FB-4F61-8035-B0FBE266A28F-1024x576.jpg]
[kiierr.com/tag/dht/index.html]
[kiierr.com/wp-content/themes/flatsome-child/assets/js/slick.min5ae8.js]
[kiierr.com/wp-content/themes/flatsome-child/assets/css/main4e04.css]
[kiierr.com/wp-content/themes/flatsome-child/style135d.css]
[kiierr.com/wp-content/themes/flatsome-child/assets/js/child-main12ba.js]
[cdn.jsdelivr.net/npm/slick-carousel@1.8.1/slick/slick.min7b5a.js]
[kiierr.com/tag/the-gravity-hair-loss-theory-explained/index.html]
[kiierr.com/category/hair-loss-treatment/page/images/shdow.13a4.delayed]
[kiierr.com/category/hair-loss-treatment/page/2/index.html]
[kiierr.com/wp-content/themes/flatsome-child/assets/css/maincb6f.css]
[kiierr.com/wp-content/themes/flatsome-child/assets/js/slick.min5dc5.js]
[kiierr.com/wp-content/themes/flatsome-child/assets/css/main57f1.css]
[kiierr.com/wp-content/themes/flatsome-child/style26c4.css]
[kiierr.com/finding-the-best-shampoo-for-thinning-hair-and-hair-loss/feed/index.html]
[kiierr.com/wp-content/themes/flatsome-child/assets/js/child-mainae17.js]
[cdn.jsdelivr.net/npm/slick-carousel@1.8.1/slick/slick.minca3a.js]
[kiierr.com/wp-json/wp/v2/posts/87502.json]
[kiierr.com/wp-json/oembed/1.0/embed9eaa.json]
[kiierr.com/wp-json/oembed/1.0/embed8c61]
[kiierr.com/wp-content/uploads/2024/07/2-1.png]
[kiierr.com/wp-content/uploads/2024/07/3-4.png]
[kiierr.com/wp-content/uploads/2024/07/4-2.png]
[kiierr.com/wp-content/uploads/2024/07/5-2.png]
[kiierr.com/finding-the-best-shampoo-for-thinning-hair-and-hair-loss/index.html]
[kiierr.com/wp-content/themes/flatsome-child/assets/js/slick.min75a5.js]
[kiierr.com/wp-content/themes/flatsome-child/assets/css/main088e.css]
[kiierr.com/wp-content/themes/flatsome-child/style0c82.css]
[kiierr.com/revitalizing-locks-sean-js-hair-growth-journey-with-kiierrs-272-premier-laser-cap/feed/index.html]
[kiierr.com/wp-content/themes/flatsome-child/assets/js/child-maind5fa.js]
[cdn.jsdelivr.net/npm/slick-carousel@1.8.1/slick/slick.min6f9e.js]
[kiierr.com/wp-json/wp/v2/posts/80509.json]
[kiierr.com/wp-json/oembed/1.0/embed01e3.json]
[kiierr.com/wp-json/oembed/1.0/embed513c]
[kiierr.com/wp-content/uploads/2024/01/Home-2-3-1024x576.png]
[kiierr.com/wp-content/uploads/2024/01/Blue-White-and-Black-Photographic-Environment-Charity-Non-Profit-Website-1024x576.png]
[kiierr.com/revitalizing-locks-sean-js-hair-growth-journey-with-kiierrs-272-premier-laser-cap/index.html]
[kiierr.com/wp-content/themes/flatsome-child/assets/js/slick.min6920.js]
[kiierr.com/wp-content/themes/flatsome-child/assets/css/main9697.css]
[kiierr.com/wp-content/themes/flatsome-child/assets/js/child-maina9f1.js]
[cdn.jsdelivr.net/npm/slick-carousel@1.8.1/slick/slick.min8729.js]
[kiierr.com/category/hair-loss-treatment/page/3/index.html]
[kiierr.com/wp-content/themes/flatsome-child/assets/js/slick.min822f.js]
[kiierr.com/wp-content/themes/flatsome-child/assets/css/main80ea.css]
[kiierr.com/wp-content/themes/flatsome-child/assets/js/child-main7c1b.js]
[cdn.jsdelivr.net/npm/slick-carousel@1.8.1/slick/slick.mina70d.js]
[kiierr.com/category/hair-loss-treatment/page/4/index.html]
[kiierr.com/wp-content/themes/flatsome-child/assets/css/main7abe.css]
[kiierr.com/wp-content/themes/flatsome-child/style8b1b.css]
[kiierr.com/wp-content/themes/flatsome-child/assets/js/slick.min28ab.js]
[kiierr.com/wp-content/themes/flatsome-child/assets/css/mainda5a.css]
[kiierr.com/wp-content/themes/flatsome-child/styled08f.css]
[kiierr.com/74955-2/feed/index.html]
[kiierr.com/wp-content/themes/flatsome-child/assets/js/child-main6f40.js]
[cdn.jsdelivr.net/npm/slick-carousel@1.8.1/slick/slick.min66d7.js]
[kiierr.com/wp-json/wp/v2/posts/74955.json]
[kiierr.com/wp-json/oembed/1.0/embed51a0.json]
[kiierr.com/wp-json/oembed/1.0/embed4a5a]
[kiierr.com/wp-content/uploads/2023/07/20-1024x576.png]
[kiierr.com/wp-content/uploads/2023/07/22-1024x576.png]
[kiierr.com/wp-content/uploads/2023/07/21-1024x576.png]
[kiierr.com/74955-2/index.html]
[kiierr.com/wp-content/themes/flatsome-child/assets/js/slick.min67b6.js]
[kiierr.com/wp-content/themes/flatsome-child/assets/css/mainab86.css]
[kiierr.com/wp-content/themes/flatsome-child/assets/js/child-main163d.js]
[kiierr.com/unlock-the-potential-of-your-hair-with-kiierrs-dht-blocking-shampoo-and-conditioner/feed/index.html]
[cdn.jsdelivr.net/npm/slick-carousel@1.8.1/slick/slick.min6f43.js]
[kiierr.com/wp-json/wp/v2/posts/73224.json]
[kiierr.com/wp-json/oembed/1.0/embed8337.json]
[kiierr.com/wp-json/oembed/1.0/embedcf8d]
[kiierr.com/wp-content/uploads/2023/05/6-1-1024x576.png]
[kiierr.com/wp-content/uploads/2023/05/5-1-1024x576.png]
[kiierr.com/unlock-the-potential-of-your-hair-with-kiierrs-dht-blocking-shampoo-and-conditioner/index.html]
[kiierr.com/wp-content/themes/flatsome-child/assets/js/slick.min2ff4.js]
[kiierr.com/wp-content/themes/flatsome-child/assets/css/main44cb.css]
[kiierr.com/covid-hair-loss-in-women-and-what-to-do/feed/index.html]
[kiierr.com/wp-content/themes/flatsome-child/assets/js/child-main91c2.js]
[cdn.jsdelivr.net/npm/slick-carousel@1.8.1/slick/slick.minf393.js]
[kiierr.com/wp-json/wp/v2/posts/72220.json]
[kiierr.com/wp-json/oembed/1.0/embed9957.json]
[kiierr.com/wp-json/oembed/1.0/embed6019]
[kiierr.com/wp-content/uploads/2023/04/2-1024x576.png]
[kiierr.com/wp-content/uploads/2023/04/3-1024x576.png]
[kiierr.com/covid-hair-loss-in-women-and-what-to-do/index.html]
[kiierr.com/wp-content/themes/flatsome-child/assets/js/slick.min7337.js]
[kiierr.com/wp-content/themes/flatsome-child/assets/css/mainac7b.css]
[kiierr.com/wp-content/themes/flatsome-child/style2c57.css]
[kiierr.com/wp-content/themes/flatsome-child/assets/js/child-maincde6.js]
[cdn.jsdelivr.net/npm/slick-carousel@1.8.1/slick/slick.min3f5a.js]
[kiierr.com/index5988.html]
[kiierr.com/category/health-behind-hair/page/images/shdow.13fd.delayed]
[kiierr.com/category/health-behind-hair/page/2/index.html]
[kiierr.com/wp-content/themes/flatsome-child/assets/css/main9433.css]
[kiierr.com/wp-content/themes/flatsome-child/styled8cc.css]
[kiierr.com/wp-content/themes/flatsome-child/assets/js/slick.mina049.js]
[kiierr.com/wp-content/themes/flatsome-child/assets/css/main50e3.css]
[kiierr.com/wp-content/themes/flatsome-child/stylef9d8.css]
[kiierr.com/wp-content/themes/flatsome-child/assets/js/child-maindab7.js]
[cdn.jsdelivr.net/npm/slick-carousel@1.8.1/slick/slick.min2705.js]
[kiierr.com/category/health-behind-hair/page/5/index.html]
[kiierr.com/category/health-behind-hair/page/3/index.html]
[kiierr.com/wp-content/themes/flatsome-child/assets/js/slick.min2287.js]
[kiierr.com/wp-content/themes/flatsome-child/assets/css/mainf947.css]
[kiierr.com/wp-content/themes/flatsome-child/assets/js/child-main4b6b.js]
[cdn.jsdelivr.net/npm/slick-carousel@1.8.1/slick/slick.min3a2e.js]
[kiierr.com/wp-content/uploads/2020/07/woman-hair-loss-1024x683.jpg]
[kiierr.com/wp-content/uploads/2020/08/hair-growth-cycle-scaled-1024x709.jpg]
[kiierr.com/wp-content/uploads/2020/07/healthy-diet-1024x683.jpg]
[kiierr.com/wp-content/uploads/2020/06/hair-growth-scaled-1024x683.jpg]
[kiierr.com/wp-content/uploads/2020/11/shampoo-ingredients-harmful-1024x712.jpg]
[kiierr.com/tag/female-hair-loss-treatment/index.html]
[kiierr.com/tag/what-causes-hair-loss-in-women/index.html]
[kiierr.com/tag/hair-growth-tips/index.html]
[kiierr.com/tag/hair-growth-cycle/index.html]
[kiierr.com/wp-content/themes/flatsome-child/assets/js/slick.min034f.js]
[kiierr.com/category/health-behind-hair/page/4/index.html]
[kiierr.com/tag/best-diet-for-hair-growth/index.html]
[kiierr.com/tag/diet-for-growth-of-hair/index.html]
[kiierr.com/tag/diet-for-hair-growth-female/index.html]
[kiierr.com/tag/diet-for-hair-growth/index.html]
[kiierr.com/wp-content/themes/flatsome-child/assets/css/main71a7.css]
[kiierr.com/tag/healthy-diet-for-hair-growth/index.html]
[kiierr.com/wp-content/themes/flatsome-child/assets/js/child-main25b5.js]
[kiierr.com/tag/can-hair-grow-back/index.html]
[kiierr.com/tag/hair-thinning-tips/index.html]
[kiierr.com/tag/can-thinning-hair-grow-back/index.html]
[kiierr.com/tag/receding-hairline/index.html]
[kiierr.com/how-shampoo-ingredients-can-be-detrimental-to-your-hair/index.html]
[cdn.jsdelivr.net/npm/slick-carousel@1.8.1/slick/slick.min84a2.js]
[kiierr.com/tag/shampoo-ingredients/index.html]
[kiierr.com/category/health-behind-hair/page/6/index.html]
[kiierr.com/wp-content/themes/flatsome-child/assets/js/slick.minde4e.js]
[kiierr.com/wp-content/themes/flatsome-child/assets/css/main8482.css]
[kiierr.com/tag/female-hair-loss/index.html]
[kiierr.com/tag/hair-loss-attributes/index.html]
[kiierr.com/female-hair-loss-101/index.html]
[kiierr.com/wp-content/themes/flatsome-child/styleb6a0.css]
[kiierr.com/wp-content/themes/flatsome-child/assets/js/child-main195f.js]
[cdn.jsdelivr.net/npm/slick-carousel@1.8.1/slick/slick.minff7d.js]
[kiierr.com/category/laser-cap-facts/page/images/shdow.1421.delayed]
[kiierr.com/category/laser-cap-facts/page/2/index.html]
[kiierr.com/wp-content/themes/flatsome-child/assets/css/maindb84.css]
[kiierr.com/wp-content/themes/flatsome-child/assets/js/slick.min091b.js]
[kiierr.com/wp-content/themes/flatsome-child/assets/css/mainf20c.css]
[kiierr.com/wp-content/themes/flatsome-child/stylef7d1.css]
[kiierr.com/title-unveiling-the-truth-are-laser-caps-a-scam-separating-fact-from-fiction/feed/index.html]
[kiierr.com/wp-content/themes/flatsome-child/assets/js/child-main76f2.js]
[cdn.jsdelivr.net/npm/slick-carousel@1.8.1/slick/slick.minc080.js]
[kiierr.com/wp-json/wp/v2/posts/80534.json]
[kiierr.com/wp-json/oembed/1.0/embed5529.json]
[kiierr.com/wp-json/oembed/1.0/embed58de]
[kiierr.com/wp-content/uploads/2024/01/Home-2-4-1024x576.png]
[kiierr.com/wp-content/uploads/2024/01/Lenka1-1024x576.jpg]
[kiierr.com/title-unveiling-the-truth-are-laser-caps-a-scam-separating-fact-from-fiction/index.html]
[kiierr.com/wp-content/themes/flatsome-child/assets/js/slick.min9af9.js]
[kiierr.com/wp-content/themes/flatsome-child/assets/css/main6d8b.css]
[kiierr.com/wp-content/themes/flatsome-child/style56ae.css]
[kiierr.com/red-light-therapy-for-horses-a-comprehensive-guide/feed/index.html]
[kiierr.com/wp-content/themes/flatsome-child/assets/js/child-main745f.js]
[cdn.jsdelivr.net/npm/slick-carousel@1.8.1/slick/slick.min9aa4.js]
[kiierr.com/wp-json/wp/v2/posts/77114.json]
[kiierr.com/wp-json/oembed/1.0/embed8c17.json]
[kiierr.com/wp-json/oembed/1.0/embedb32f]
[kiierr.com/wp-content/uploads/2023/10/9-1024x576.png]
[kiierr.com/wp-content/uploads/2023/10/7-1024x576.png]
[kiierr.com/wp-content/uploads/2023/10/8-1024x576.png]
[kiierr.com/red-light-therapy-for-horses-a-comprehensive-guide/index.html]
[kiierr.com/wp-content/themes/flatsome-child/assets/js/slick.min60a4.js]
[kiierr.com/wp-content/themes/flatsome-child/assets/css/main4215.css]
[kiierr.com/wp-content/themes/flatsome-child/assets/js/child-main0fa1.js]
[kiierr.com/celebrate-famous-bald-icons-even-legends-might-have-wished-for-kiierr/feed/index.html]
[cdn.jsdelivr.net/npm/slick-carousel@1.8.1/slick/slick.min444e.js]
[kiierr.com/wp-json/wp/v2/posts/76952.json]
[kiierr.com/wp-json/oembed/1.0/embede948.json]
[kiierr.com/wp-json/oembed/1.0/embed5d5c]
[kiierr.com/wp-content/uploads/2023/09/4-1-1024x576.png]
[kiierr.com/wp-content/uploads/2023/09/3-1-1024x576.png]
[kiierr.com/wp-content/uploads/2023/09/6-1-1024x576.png]
[kiierr.com/wp-content/uploads/2023/09/5-1-1024x576.png]
[kiierr.com/celebrate-famous-bald-icons-even-legends-might-have-wished-for-kiierr/index.html]
[kiierr.com/wp-content/themes/flatsome-child/assets/js/slick.minef49.js]
[kiierr.com/wp-content/themes/flatsome-child/assets/css/maincad3.css]
[kiierr.com/wp-content/themes/flatsome-child/styled9a2.css]
[kiierr.com/choosing-the-right-kiierr-laser-cap-a-buyers-guide/feed/index.html]
[kiierr.com/wp-content/themes/flatsome-child/assets/js/child-main9b07.js]
[cdn.jsdelivr.net/npm/slick-carousel@1.8.1/slick/slick.min7c52.js]
[kiierr.com/wp-json/wp/v2/posts/76501.json]
[kiierr.com/wp-json/oembed/1.0/embedbe3a.json]
[kiierr.com/wp-json/oembed/1.0/embed1c70]
[kiierr.com/wp-content/uploads/2023/09/2-1024x576.png]
[kiierr.com/wp-content/uploads/2023/09/3-1024x576.png]
[kiierr.com/wp-content/uploads/2023/09/4-1024x576.png]
[kiierr.com/choosing-the-right-kiierr-laser-cap-a-buyers-guide/index.html]
[kiierr.com/wp-content/themes/flatsome-child/assets/js/slick.min8bfd.js]
[kiierr.com/wp-content/themes/flatsome-child/assets/css/main039c.css]
[kiierr.com/wp-content/themes/flatsome-child/style2e3e.css]
[kiierr.com/wp-content/themes/flatsome-child/assets/js/child-mainfe76.js]
[kiierr.com/user-success-stories-transformative-journeys-with-laser-caps/feed/index.html]
[cdn.jsdelivr.net/npm/slick-carousel@1.8.1/slick/slick.min7299.js]
[kiierr.com/wp-json/wp/v2/posts/75792.json]
[kiierr.com/wp-json/oembed/1.0/embede961.json]
[kiierr.com/wp-json/oembed/1.0/embed02e6]
[kiierr.com/wp-content/uploads/2023/08/2-2-1024x576.png]
[kiierr.com/wp-content/uploads/2023/08/4-3-1024x576.png]
[kiierr.com/wp-content/uploads/2023/08/5-2-1024x576.png]
[kiierr.com/wp-content/uploads/2023/08/3-2-1024x576.png]
[kiierr.com/user-success-stories-transformative-journeys-with-laser-caps/index.html]
[kiierr.com/wp-content/themes/flatsome-child/assets/js/slick.min8ce1.js]
[kiierr.com/wp-content/themes/flatsome-child/assets/css/mainb720.css]
[kiierr.com/wp-content/themes/flatsome-child/style01fb.css]
[kiierr.com/wp-content/themes/flatsome-child/assets/js/child-main4eb4.js]
[cdn.jsdelivr.net/npm/slick-carousel@1.8.1/slick/slick.mina20e.js]
[kiierr.com/category/laser-cap-facts/page/3/index.html]
[kiierr.com/wp-content/themes/flatsome-child/assets/js/slick.minf8a1.js]
[kiierr.com/wp-content/themes/flatsome-child/assets/css/main788c.css]
[kiierr.com/wp-content/themes/flatsome-child/stylea2b4.css]
[kiierr.com/wp-content/themes/flatsome-child/assets/js/child-main5a2b.js]
[cdn.jsdelivr.net/npm/slick-carousel@1.8.1/slick/slick.min4c40.js]
[kiierr.com/wp-content/uploads/2020/03/is-there-really-a-hat-that-grows-hair-scaled-1024x683.jpg]
[kiierr.com/wp-content/themes/flatsome-child/assets/js/slick.min716d.js]
[kiierr.com/category/laser-cap-facts/page/4/index.html]
[kiierr.com/tag/hat-that-grows-hair/index.html]
[kiierr.com/tag/hair-growing-hat/index.html]
[kiierr.com/tag/hat-for-hair-growth/index.html]
[kiierr.com/tag/hat-that-stimulates-hair-growth/index.html]
[kiierr.com/tag/hat-to-grow-hair/index.html]
[kiierr.com/wp-content/themes/flatsome-child/assets/css/main3faa.css]
[kiierr.com/wp-content/themes/flatsome-child/stylecd68.css]
[kiierr.com/wp-content/themes/flatsome-child/assets/js/child-maince8b.js]
[kiierr.com/tag/is-there-really-a-hat-that-grows-hair/index.html]
[cdn.jsdelivr.net/npm/slick-carousel@1.8.1/slick/slick.minddac.js]
[kiierr.com/category/laser-cap-facts/page/5/index.html]
[kiierr.com/wp-content/themes/flatsome-child/assets/js/slick.min19b4.js]
[kiierr.com/wp-content/themes/flatsome-child/assets/css/mainade7.css]
[kiierr.com/wp-content/themes/flatsome-child/style65b5.css]
[kiierr.com/wp-content/themes/flatsome-child/assets/js/child-main6222.js]
[cdn.jsdelivr.net/npm/slick-carousel@1.8.1/slick/slick.mind198.js]
[kiierr.com/tag/low-laser-light-therapy/index.html]
[kiierr.com/category/laser-caps/page/images/shdow.1489.delayed]
[kiierr.com/category/laser-caps/page/2/index.html]
[kiierr.com/wp-content/themes/flatsome-child/assets/css/main9c72.css]
[kiierr.com/wp-content/themes/flatsome-child/styleee76.css]
[kiierr.com/wp-content/themes/flatsome-child/assets/js/slick.min2bd3.js]
[kiierr.com/wp-content/themes/flatsome-child/assets/css/main14cb.css]
[kiierr.com/wp-content/themes/flatsome-child/stylec2c5.css]
[kiierr.com/wp-content/themes/flatsome-child/assets/js/child-mainf2a5.js]
[kiierr.com/introducing-the-kiierr-md-ultra-flex-laser-cap-elevating-hair-growth-to-new-heights/feed/index.html]
[cdn.jsdelivr.net/npm/slick-carousel@1.8.1/slick/slick.min77c0.js]
[kiierr.com/wp-json/wp/v2/posts/84674.json]
[kiierr.com/wp-json/oembed/1.0/embed4d83.json]
[kiierr.com/wp-json/oembed/1.0/embedc03a]
[kiierr.com/wp-content/uploads/2024/04/Home-3-1-1024x576.png]
[kiierr.com/wp-content/uploads/2024/04/Home-4-1-1024x576.png]
[kiierr.com/wp-content/uploads/2024/04/Home-1-1-1024x576.png]
[kiierr.com/introducing-the-kiierr-md-ultra-flex-laser-cap-elevating-hair-growth-to-new-heights/index.html]
[kiierr.com/wp-content/themes/flatsome-child/assets/js/slick.min1578.js]
[kiierr.com/wp-content/themes/flatsome-child/assets/css/mainc14a.css]
[kiierr.com/wp-content/themes/flatsome-child/styleb6f2.css]
[kiierr.com/wp-content/themes/flatsome-child/assets/js/child-main07f9.js]
[kiierr.com/renewed-confidence-lenkas-journey-with-kiierrs-hair-regrowth-solutions/feed/index.html]
[cdn.jsdelivr.net/npm/slick-carousel@1.8.1/slick/slick.min3a0d.js]
[kiierr.com/product/kiierr-md-ultra-laser-cap-for-hair-growth/index.html]
[kiierr.com/wp-json/wp/v2/posts/82649.json]
[kiierr.com/wp-json/oembed/1.0/embed9337.json]
[kiierr.com/wp-json/oembed/1.0/embed2527]
[kiierr.com/wp-content/uploads/2024/04/Lenka2-1024x576.jpg]
[kiierr.com/wp-content/uploads/2024/04/Lenka1-1024x576.jpg]
[kiierr.com/wp-content/uploads/2024/04/Blue-White-and-Black-Photographic-Environment-Charity-Non-Profit-Website-1024x576.png]
[kiierr.com/renewed-confidence-lenkas-journey-with-kiierrs-hair-regrowth-solutions/index.html]
[kiierr.com/wp-content/themes/flatsome-child/assets/js/slick.min5475.js]
[kiierr.com/wp-content/themes/flatsome-child/assets/css/main187c.css]
[kiierr.com/wp-content/themes/flatsome-child/assets/js/child-main6550.js]
[kiierr.com/unlocking-the-secret-to-hair-regrowth-penny-summers-remarkable-journey-with-kiierrs-laser-ca/feed/index.html]
[cdn.jsdelivr.net/npm/slick-carousel@1.8.1/slick/slick.min05e2.js]
[kiierr.com/wp-json/wp/v2/posts/80539.json]
[kiierr.com/wp-json/oembed/1.0/embeda666.json]
[kiierr.com/wp-json/oembed/1.0/embede8db]
[kiierr.com/wp-content/uploads/2024/01/Home-4-1-1024x576.png]
[kiierr.com/wp-content/uploads/2024/01/Home-3-2-1024x576.png]
[kiierr.com/wp-content/uploads/2024/01/Home-2-5-1024x576.png]
[kiierr.com/wp-content/uploads/2024/01/Home-1-1-1024x576.png]
[ssl.gstatic.com/ui/v1/icons/mail/images/cleardot.gif]
[kiierr.com/unlocking-the-secret-to-hair-regrowth-penny-summers-remarkable-journey-with-kiierrs-laser-ca/index.html]
[kiierr.com/wp-content/themes/flatsome-child/assets/js/slick.min9e21.js]
[kiierr.com/wp-content/themes/flatsome-child/assets/css/main2ee7.css]
[kiierr.com/wp-content/themes/flatsome-child/assets/js/child-main6983.js]
[kiierr.com/red-light-therapy-a-revolutionary-anti-aging-solution/feed/index.html]
[cdn.jsdelivr.net/npm/slick-carousel@1.8.1/slick/slick.min3039.js]
[kiierr.com/wp-json/wp/v2/posts/77778.json]
[kiierr.com/wp-json/oembed/1.0/embed1cb6.json]
[kiierr.com/wp-json/oembed/1.0/embed806e]
[kiierr.com/wp-content/uploads/2023/10/Home-2-1-1024x576.png]
[kiierr.com/wp-content/uploads/2023/10/Home-3-1-1024x576.png]
[kiierr.com/red-light-therapy-a-revolutionary-anti-aging-solution/index.html]
[kiierr.com/wp-content/themes/flatsome-child/assets/js/slick.min4bae.js]
[kiierr.com/wp-content/themes/flatsome-child/assets/css/main32f7.css]
[kiierr.com/wp-content/themes/flatsome-child/style95e5.css]
[kiierr.com/wp-content/themes/flatsome-child/assets/js/child-main2fd7.js]
[cdn.jsdelivr.net/npm/slick-carousel@1.8.1/slick/slick.min006e.js]
[kiierr.com/category/laser-caps/page/3/index.html]
[kiierr.com/wp-content/themes/flatsome-child/assets/css/main65df.css]
[kiierr.com/wp-content/themes/flatsome-child/assets/js/slick.mine35f.js]
[kiierr.com/wp-content/themes/flatsome-child/assets/css/main3f73.css]
[kiierr.com/wp-content/themes/flatsome-child/stylef8ca.css]
[kiierr.com/wp-content/themes/flatsome-child/assets/js/child-main714f.js]
[kiierr.com/the-top-hair-growth-devices-of-2023/feed/index.html]
[cdn.jsdelivr.net/npm/slick-carousel@1.8.1/slick/slick.min1977.js]
[kiierr.com/wp-json/wp/v2/posts/70670.json]
[kiierr.com/wp-json/oembed/1.0/embed5d6e.json]
[kiierr.com/wp-json/oembed/1.0/embeddeef]
[kiierr.com/wp-content/uploads/2023/02/Laser-Cap-Kiierr-Laser-Cap-1024x641.png]
[kiierr.com/wp-content/uploads/2023/02/Laser-Comb-Kiierr-Laser-Caps-1024x576.png]
[kiierr.com/wp-content/uploads/2023/02/Why-Choose-the-Kiierr-Laser-Cap-1024x576.png]
[kiierr.com/the-top-hair-growth-devices-of-2023/index.html]
[kiierr.com/wp-content/themes/flatsome-child/assets/js/slick.mincf28.js]
[kiierr.com/wp-content/themes/flatsome-child/assets/css/main80da.css]
[kiierr.com/wp-content/themes/flatsome-child/assets/js/child-maina219.js]
[kiierr.com/tag/hairmax-laser-comb/feed/index.html]
[cdn.jsdelivr.net/npm/slick-carousel@1.8.1/slick/slick.min3eeb.js]
[kiierr.com/wp-json/wp/v2/tags/411.json]
[kiierr.com/indexc8aa.html]
[kiierr.com/tag/hairmax-laser-comb/index.html]
[kiierr.com/wp-content/themes/flatsome-child/assets/js/slick.minb59e.js]
[kiierr.com/wp-content/themes/flatsome-child/assets/css/main6a7b.css]
[kiierr.com/wp-content/themes/flatsome-child/style93e2.css]
[kiierr.com/tag/kiierr-vs-laser-comb/feed/index.html]
[kiierr.com/wp-content/themes/flatsome-child/assets/js/child-main9462.js]
[cdn.jsdelivr.net/npm/slick-carousel@1.8.1/slick/slick.minc885.js]
[kiierr.com/wp-json/wp/v2/tags/242.json]
[kiierr.com/tag/kiierr-vs-laser-comb/index.html]
[kiierr.com/wp-content/themes/flatsome-child/assets/js/slick.min14a6.js]
[kiierr.com/wp-content/themes/flatsome-child/assets/css/main9720.css]
[kiierr.com/wp-content/themes/flatsome-child/assets/js/child-mainac36.js]
[kiierr.com/tag/laser-caps/feed/index.html]
[cdn.jsdelivr.net/npm/slick-carousel@1.8.1/slick/slick.min6e2c.js]
[kiierr.com/wp-json/wp/v2/tags/113.json]
[kiierr.com/wp-content/uploads/2019/12/the-perfect-holiday-gift-for-hair-loss-1024x660.jpg]
[kiierr.com/tag/laser-caps/index.html]
[kiierr.com/wp-content/themes/flatsome-child/assets/js/slick.minf466.js]
[kiierr.com/wp-content/themes/flatsome-child/assets/css/main7c8d.css]
[kiierr.com/wp-content/themes/flatsome-child/styleb9a2.css]
[kiierr.com/tag/laser-comb/feed/index.html]
[kiierr.com/wp-content/themes/flatsome-child/assets/js/child-main2e41.js]
[cdn.jsdelivr.net/npm/slick-carousel@1.8.1/slick/slick.min20be.js]
[kiierr.com/wp-json/wp/v2/tags/243.json]
[kiierr.com/tag/perfect-holiday-gift-for-hair-loss/index.html]
[kiierr.com/tag/laser-comb/index.html]
[kiierr.com/wp-content/themes/flatsome-child/assets/js/slick.min709a.js]
[kiierr.com/wp-content/themes/flatsome-child/assets/css/main0cb9.css]
[kiierr.com/wp-content/themes/flatsome-child/style451f.css]
[kiierr.com/wp-content/themes/flatsome-child/assets/js/child-main4a85.js]
[kiierr.com/tag/laser-comb-for-hair-growth/feed/index.html]
[cdn.jsdelivr.net/npm/slick-carousel@1.8.1/slick/slick.min3778.js]
[kiierr.com/wp-json/wp/v2/tags/332.json]
[kiierr.com/tag/laser-comb-for-hair-growth/index.html]
[kiierr.com/wp-content/themes/flatsome-child/assets/js/slick.min1671.js]
[kiierr.com/wp-content/themes/flatsome-child/assets/css/main8cb9.css]
[kiierr.com/wp-content/themes/flatsome-child/style501f.css]
[kiierr.com/tag/laser-comb-for-hair-loss/feed/index.html]
[kiierr.com/wp-content/themes/flatsome-child/assets/js/child-mainabdd.js]
[cdn.jsdelivr.net/npm/slick-carousel@1.8.1/slick/slick.min0b13.js]
[kiierr.com/wp-json/wp/v2/tags/333.json]
[kiierr.com/tag/laser-comb-for-hair-loss/index.html]
[kiierr.com/wp-content/themes/flatsome-child/assets/js/slick.min66d5.js]
[kiierr.com/wp-content/themes/flatsome-child/assets/css/main2262.css]
[kiierr.com/wp-content/themes/flatsome-child/stylef505.css]
[kiierr.com/wp-content/themes/flatsome-child/assets/js/child-main4ac5.js]
[kiierr.com/tag/laser-comb-hairmax/feed/index.html]
[cdn.jsdelivr.net/npm/slick-carousel@1.8.1/slick/slick.minefc1.js]
[kiierr.com/wp-json/wp/v2/tags/412.json]
[kiierr.com/tag/laser-comb-hairmax/index.html]
[kiierr.com/wp-content/themes/flatsome-child/assets/js/slick.minbbe7.js]
[kiierr.com/wp-content/themes/flatsome-child/assets/css/main68d9.css]
[kiierr.com/wp-content/themes/flatsome-child/styledbf9.css]
[kiierr.com/wp-content/themes/flatsome-child/assets/js/child-main935c.js]
[kiierr.com/tag/laser-comb-reviews/feed/index.html]
[cdn.jsdelivr.net/npm/slick-carousel@1.8.1/slick/slick.minef01.js]
[kiierr.com/wp-json/wp/v2/tags/244.json]
[kiierr.com/tag/laser-comb-reviews/index.html]
[kiierr.com/wp-content/themes/flatsome-child/assets/js/slick.mina3d1.js]
[kiierr.com/wp-content/themes/flatsome-child/assets/css/main1122.css]
[kiierr.com/wp-content/themes/flatsome-child/stylef069.css]
[kiierr.com/tag/lllt-laser-comb/feed/index.html]
[kiierr.com/wp-content/themes/flatsome-child/assets/js/child-main8056.js]
[cdn.jsdelivr.net/npm/slick-carousel@1.8.1/slick/slick.min6fa3.js]
[kiierr.com/wp-json/wp/v2/tags/334.json]
[kiierr.com/tag/lllt-laser-comb/index.html]
[kiierr.com/wp-content/themes/flatsome-child/assets/js/slick.min6698.js]
[kiierr.com/wp-content/themes/flatsome-child/assets/css/maind82a.css]
[kiierr.com/wp-content/themes/flatsome-child/style642f.css]
[kiierr.com/wp-content/themes/flatsome-child/assets/js/child-mainad73.js]
[cdn.jsdelivr.net/npm/slick-carousel@1.8.1/slick/slick.minc63e.js]
[kiierr.com/category/learning-hub/page/images/shdow.152f.delayed]
[kiierr.com/category/learning-hub/page/2/index.html]
[kiierr.com/wp-content/themes/flatsome-child/assets/css/main0a6f.css]
[kiierr.com/wp-content/themes/flatsome-child/style88b5.css]
[kiierr.com/wp-content/themes/flatsome-child/assets/js/slick.mine046.js]
[kiierr.com/wp-content/themes/flatsome-child/assets/css/mainb88c.css]
[kiierr.com/wp-content/themes/flatsome-child/stylec51d.css]
[kiierr.com/wp-content/themes/flatsome-child/assets/js/child-main34ca.js]
[kiierr.com/tag/laser-cap-vs/feed/index.html]
[cdn.jsdelivr.net/npm/slick-carousel@1.8.1/slick/slick.min8dae.js]
[kiierr.com/wp-json/wp/v2/tags/599.json]
[kiierr.com/tag/laser-cap-vs/index.html]
[kiierr.com/wp-content/themes/flatsome-child/assets/js/slick.min4227.js]
[kiierr.com/wp-content/themes/flatsome-child/assets/css/mainc17f.css]
[kiierr.com/wp-content/themes/flatsome-child/assets/js/child-main288e.js]
[kiierr.com/tag/minoxidil/feed/index.html]
[cdn.jsdelivr.net/npm/slick-carousel@1.8.1/slick/slick.mine885.js]
[kiierr.com/wp-json/wp/v2/tags/597.json]
[kiierr.com/tag/minoxidil/index.html]
[kiierr.com/wp-content/themes/flatsome-child/assets/js/slick.min2ec9.js]
[kiierr.com/wp-content/themes/flatsome-child/assets/css/main2311.css]
[kiierr.com/wp-content/themes/flatsome-child/style9365.css]
[kiierr.com/wp-content/themes/flatsome-child/assets/js/child-main695e.js]
[kiierr.com/tag/minoxidil-hair-loss/feed/index.html]
[cdn.jsdelivr.net/npm/slick-carousel@1.8.1/slick/slick.minfe35.js]
[kiierr.com/wp-json/wp/v2/tags/291.json]
[kiierr.com/tag/minoxidil-hair-loss/index.html]
[kiierr.com/wp-content/themes/flatsome-child/assets/js/slick.min779b.js]
[kiierr.com/wp-content/themes/flatsome-child/assets/css/main32d5.css]
[kiierr.com/wp-content/themes/flatsome-child/assets/js/child-mainc306.js]
[kiierr.com/tag/minoxidil-side-effects/feed/index.html]
[cdn.jsdelivr.net/npm/slick-carousel@1.8.1/slick/slick.min2498.js]
[kiierr.com/wp-json/wp/v2/tags/598.json]
[kiierr.com/tag/minoxidil-side-effects/index.html]
[kiierr.com/wp-content/themes/flatsome-child/assets/js/slick.min3257.js]
[kiierr.com/wp-content/themes/flatsome-child/assets/css/main24cd.css]
[kiierr.com/wp-content/themes/flatsome-child/style59eb.css]
[kiierr.com/wp-content/themes/flatsome-child/assets/js/child-main6eab.js]
[kiierr.com/tag/best-laser-cap/feed/index.html]
[cdn.jsdelivr.net/npm/slick-carousel@1.8.1/slick/slick.minc8a9.js]
[kiierr.com/wp-json/wp/v2/tags/208.json]
[kiierr.com/tag/best-laser-cap/index.html]
[kiierr.com/wp-content/themes/flatsome-child/assets/js/slick.minfcb9.js]
[kiierr.com/wp-content/themes/flatsome-child/assets/css/mainc592.css]
[kiierr.com/wp-content/themes/flatsome-child/styleb0b9.css]
[kiierr.com/wp-content/themes/flatsome-child/assets/js/child-mainf727.js]
[kiierr.com/tag/laser-light-therapy/feed/index.html]
[cdn.jsdelivr.net/npm/slick-carousel@1.8.1/slick/slick.min4ac7.js]
[kiierr.com/wp-json/wp/v2/tags/587.json]
[kiierr.com/tag/laser-light-therapy/index.html]
[kiierr.com/wp-content/themes/flatsome-child/assets/js/slick.min3db9.js]
[kiierr.com/wp-content/themes/flatsome-child/assets/css/main42eb.css]
[kiierr.com/wp-content/themes/flatsome-child/style1b3d.css]
[kiierr.com/wp-content/themes/flatsome-child/assets/js/child-maineaf0.js]
[kiierr.com/tag/lasercaps/feed/index.html]
[cdn.jsdelivr.net/npm/slick-carousel@1.8.1/slick/slick.min948a.js]
[kiierr.com/wp-json/wp/v2/tags/586.json]
[kiierr.com/tag/lasercaps/index.html]
[kiierr.com/wp-content/themes/flatsome-child/assets/js/slick.min9771.js]
[kiierr.com/wp-content/themes/flatsome-child/assets/css/main3991.css]
[kiierr.com/wp-content/themes/flatsome-child/styleba45.css]
[kiierr.com/wp-content/themes/flatsome-child/assets/js/child-main4192.js]
[kiierr.com/tag/black-people/feed/index.html]
[cdn.jsdelivr.net/npm/slick-carousel@1.8.1/slick/slick.min1205.js]
[kiierr.com/wp-json/wp/v2/tags/556.json]
[kiierr.com/tag/black-people/index.html]
[kiierr.com/wp-content/themes/flatsome-child/assets/js/slick.min7fd5.js]
[kiierr.com/wp-content/themes/flatsome-child/assets/css/main9038.css]
[kiierr.com/wp-content/themes/flatsome-child/style707e.css]
[kiierr.com/wp-content/themes/flatsome-child/assets/js/child-main74c2.js]
[kiierr.com/tag/darker-skin/feed/index.html]
[cdn.jsdelivr.net/npm/slick-carousel@1.8.1/slick/slick.minf8cf.js]
[kiierr.com/wp-json/wp/v2/tags/554.json]
[kiierr.com/tag/darker-skin/index.html]
[kiierr.com/wp-content/themes/flatsome-child/assets/js/slick.min843a.js]
[kiierr.com/wp-content/themes/flatsome-child/assets/css/main7013.css]
[kiierr.com/wp-content/themes/flatsome-child/style2790.css]
[kiierr.com/tag/darker-skin-color/feed/index.html]
[kiierr.com/wp-content/themes/flatsome-child/assets/js/child-mainc3d7.js]
[cdn.jsdelivr.net/npm/slick-carousel@1.8.1/slick/slick.min0b32.js]
[kiierr.com/wp-json/wp/v2/tags/553.json]
[kiierr.com/tag/darker-skin-color/index.html]
[kiierr.com/wp-content/themes/flatsome-child/assets/js/slick.min9081.js]
[kiierr.com/wp-content/themes/flatsome-child/assets/css/mainb48e.css]
[kiierr.com/wp-content/themes/flatsome-child/stylee552.css]
[kiierr.com/wp-content/themes/flatsome-child/assets/js/child-maind800.js]
[kiierr.com/tag/darkerskin/feed/index.html]
[cdn.jsdelivr.net/npm/slick-carousel@1.8.1/slick/slick.min67d3.js]
[kiierr.com/wp-json/wp/v2/tags/550.json]
[kiierr.com/tag/darkerskin/index.html]
[kiierr.com/wp-content/themes/flatsome-child/assets/js/slick.min1b84.js]
[kiierr.com/wp-content/themes/flatsome-child/assets/css/main1ebf.css]
[kiierr.com/wp-content/themes/flatsome-child/style7f82.css]
[kiierr.com/tag/laser-cap/feed/index.html]
[kiierr.com/wp-content/themes/flatsome-child/assets/js/child-mainc48f.js]
[cdn.jsdelivr.net/npm/slick-carousel@1.8.1/slick/slick.min6e5a.js]
[kiierr.com/wp-json/wp/v2/tags/122.json]
[kiierr.com/tag/laser-cap/index.html]
[kiierr.com/wp-content/themes/flatsome-child/assets/js/slick.min73fa.js]
[kiierr.com/wp-content/themes/flatsome-child/assets/css/mainaf2d.css]
[kiierr.com/wp-content/themes/flatsome-child/style4752.css]
[kiierr.com/tag/laser-caps-safe/feed/index.html]
[kiierr.com/wp-content/themes/flatsome-child/assets/js/child-mainbc54.js]
[cdn.jsdelivr.net/npm/slick-carousel@1.8.1/slick/slick.min45b6.js]
[kiierr.com/wp-json/wp/v2/tags/555.json]
[kiierr.com/tag/laser-caps-safe/index.html]
[kiierr.com/wp-content/themes/flatsome-child/assets/js/slick.mina0b3.js]
[kiierr.com/wp-content/themes/flatsome-child/assets/css/mainab74.css]
[kiierr.com/wp-content/themes/flatsome-child/style8f30.css]
[kiierr.com/tag/skin/feed/index.html]
[kiierr.com/wp-content/themes/flatsome-child/assets/js/child-mainc349.js]
[cdn.jsdelivr.net/npm/slick-carousel@1.8.1/slick/slick.minbb09.js]
[kiierr.com/wp-json/wp/v2/tags/551.json]
[kiierr.com/tag/skin/index.html]
[kiierr.com/wp-content/themes/flatsome-child/assets/js/slick.min18dd.js]
[kiierr.com/wp-content/themes/flatsome-child/assets/css/main61d4.css]
[kiierr.com/wp-content/themes/flatsome-child/style36e6.css]
[kiierr.com/wp-content/themes/flatsome-child/assets/js/child-main0a52.js]
[kiierr.com/tag/skin-color/feed/index.html]
[cdn.jsdelivr.net/npm/slick-carousel@1.8.1/slick/slick.minc3bc.js]
[kiierr.com/wp-json/wp/v2/tags/552.json]
[kiierr.com/tag/skin-color/index.html]
[kiierr.com/wp-content/themes/flatsome-child/assets/js/slick.min5e75.js]
[kiierr.com/wp-content/themes/flatsome-child/assets/css/main21fe.css]
[kiierr.com/wp-content/themes/flatsome-child/style0269.css]
[kiierr.com/wp-content/themes/flatsome-child/assets/js/child-main5815.js]
[kiierr.com/tag/hairmax-272/feed/index.html]
[cdn.jsdelivr.net/npm/slick-carousel@1.8.1/slick/slick.min9d1e.js]
[kiierr.com/wp-json/wp/v2/tags/339.json]
[kiierr.com/tag/hairmax-272/index.html]
[kiierr.com/wp-content/themes/flatsome-child/assets/js/slick.mina80c.js]
[kiierr.com/wp-content/themes/flatsome-child/assets/css/main7d0e.css]
[kiierr.com/wp-content/themes/flatsome-child/stylea3bc.css]
[kiierr.com/wp-content/themes/flatsome-child/assets/js/child-mainc0ec.js]
[kiierr.com/tag/hairmax-cap-review/feed/index.html]
[cdn.jsdelivr.net/npm/slick-carousel@1.8.1/slick/slick.mina4b1.js]
[kiierr.com/wp-json/wp/v2/tags/337.json]
[kiierr.com/tag/hairmax-cap-review/index.html]
[kiierr.com/wp-content/themes/flatsome-child/assets/js/slick.minc6e3.js]
[kiierr.com/wp-content/themes/flatsome-child/assets/css/maind6c4.css]
[kiierr.com/wp-content/themes/flatsome-child/style21d9.css]
[kiierr.com/tag/hairmax-laser-cap-review/feed/index.html]
[kiierr.com/wp-content/themes/flatsome-child/assets/js/child-main9b60.js]
[cdn.jsdelivr.net/npm/slick-carousel@1.8.1/slick/slick.minad62.js]
[kiierr.com/wp-json/wp/v2/tags/338.json]
[kiierr.com/tag/hairmax-laser-cap-review/index.html]
[kiierr.com/wp-content/themes/flatsome-child/assets/js/slick.minb4e2.js]
[kiierr.com/wp-content/themes/flatsome-child/assets/css/maina33c.css]
[kiierr.com/wp-content/themes/flatsome-child/style267c.css]
[kiierr.com/wp-content/themes/flatsome-child/assets/js/child-mainccc0.js]
[kiierr.com/tag/hairmax-laserband/feed/index.html]
[cdn.jsdelivr.net/npm/slick-carousel@1.8.1/slick/slick.minfc0b.js]
[kiierr.com/wp-json/wp/v2/tags/232.json]
[kiierr.com/tag/hairmax-laserband/index.html]
[kiierr.com/wp-content/themes/flatsome-child/assets/js/slick.mina59f.js]
[kiierr.com/wp-content/themes/flatsome-child/assets/css/mainc1ec.css]
[kiierr.com/wp-content/themes/flatsome-child/style1a65.css]
[kiierr.com/wp-content/themes/flatsome-child/assets/js/child-main9aa7.js]
[kiierr.com/tag/hairmax-review/feed/index.html]
[cdn.jsdelivr.net/npm/slick-carousel@1.8.1/slick/slick.min1386.js]
[kiierr.com/wp-json/wp/v2/tags/340.json]
[kiierr.com/tag/hairmax-review/index.html]
[kiierr.com/wp-content/themes/flatsome-child/assets/js/slick.min5562.js]
[kiierr.com/wp-content/themes/flatsome-child/assets/css/mainc06e.css]
[kiierr.com/wp-content/themes/flatsome-child/assets/js/child-mainf792.js]
[kiierr.com/tag/hairmax-reviews/feed/index.html]
[cdn.jsdelivr.net/npm/slick-carousel@1.8.1/slick/slick.min909a.js]
[kiierr.com/wp-json/wp/v2/tags/233.json]
[kiierr.com/tag/hairmax-reviews/index.html]
[kiierr.com/wp-content/themes/flatsome-child/assets/js/slick.minc762.js]
[kiierr.com/wp-content/themes/flatsome-child/assets/css/main1f54.css]
[kiierr.com/wp-content/themes/flatsome-child/style6679.css]
[kiierr.com/wp-content/themes/flatsome-child/assets/js/child-mainbb4d.js]
[kiierr.com/tag/hairmax-vs-kiierr/feed/index.html]
[cdn.jsdelivr.net/npm/slick-carousel@1.8.1/slick/slick.mincdfe.js]
[kiierr.com/wp-json/wp/v2/tags/341.json]
[kiierr.com/tag/hairmax-vs-kiierr/index.html]
[kiierr.com/wp-content/themes/flatsome-child/assets/js/slick.min1524-2.js]
[kiierr.com/wp-content/themes/flatsome-child/assets/css/main8743.css]
[kiierr.com/wp-content/themes/flatsome-child/stylebed5.css]
[kiierr.com/wp-content/themes/flatsome-child/assets/js/child-main2e7c.js]
[kiierr.com/tag/kiierr-laser-cap/feed/index.html]
[cdn.jsdelivr.net/npm/slick-carousel@1.8.1/slick/slick.min7d83.js]
[kiierr.com/wp-json/wp/v2/tags/107.json]
[kiierr.com/tag/kiierr-laser-cap/index.html]
[kiierr.com/wp-content/themes/flatsome-child/assets/js/slick.minbba2.js]
[kiierr.com/wp-content/themes/flatsome-child/assets/css/main903d.css]
[kiierr.com/wp-content/themes/flatsome-child/style06b0.css]
[kiierr.com/wp-content/themes/flatsome-child/assets/js/child-main8b75.js]
[kiierr.com/tag/kiierr-laser-cap-for-hair-loss/feed/index.html]
[cdn.jsdelivr.net/npm/slick-carousel@1.8.1/slick/slick.min4a10.js]
[kiierr.com/wp-json/wp/v2/tags/214.json]
[kiierr.com/tag/kiierr-laser-cap-for-hair-loss/index.html]
[kiierr.com/wp-content/themes/flatsome-child/assets/js/slick.min25cd.js]
[kiierr.com/wp-content/themes/flatsome-child/assets/css/maine4e4.css]
[kiierr.com/wp-content/themes/flatsome-child/style5815.css]
[kiierr.com/wp-content/themes/flatsome-child/assets/js/child-main8a82.js]
[kiierr.com/tag/irestore/feed/index.html]
[cdn.jsdelivr.net/npm/slick-carousel@1.8.1/slick/slick.min2f20.js]
[kiierr.com/wp-json/wp/v2/tags/138.json]
[kiierr.com/tag/irestore/index.html]
[kiierr.com/wp-content/themes/flatsome-child/assets/js/slick.min7c75.js]
[kiierr.com/wp-content/themes/flatsome-child/assets/css/main3f33.css]
[kiierr.com/wp-content/themes/flatsome-child/style80ad.css]
[kiierr.com/wp-content/themes/flatsome-child/assets/js/child-main8110.js]
[kiierr.com/tag/irestore-laser-helmet-for-hair-growth-review/feed/index.html]
[cdn.jsdelivr.net/npm/slick-carousel@1.8.1/slick/slick.minf50b.js]
[kiierr.com/wp-json/wp/v2/tags/336.json]
[kiierr.com/tag/irestore-laser-helmet-for-hair-growth-review/index.html]
[kiierr.com/wp-content/themes/flatsome-child/assets/js/slick.minbec2.js]
[kiierr.com/wp-content/themes/flatsome-child/assets/css/main025d.css]
[kiierr.com/wp-content/themes/flatsome-child/style2b75.css]
[kiierr.com/wp-content/themes/flatsome-child/assets/js/child-mainc13f.js]
[kiierr.com/tag/irestore-review/feed/index.html]
[cdn.jsdelivr.net/npm/slick-carousel@1.8.1/slick/slick.minb4c3.js]
[kiierr.com/wp-json/wp/v2/tags/335.json]
[kiierr.com/tag/irestore-review/index.html]
[kiierr.com/wp-content/themes/flatsome-child/assets/js/slick.minbc41.js]
[kiierr.com/wp-content/themes/flatsome-child/assets/css/mainec30.css]
[kiierr.com/wp-content/themes/flatsome-child/style4e6d.css]
[kiierr.com/wp-content/themes/flatsome-child/assets/js/child-mainbc7c.js]
[kiierr.com/tag/kiierr-vs-irestore/feed/index.html]
[cdn.jsdelivr.net/npm/slick-carousel@1.8.1/slick/slick.minc862.js]
[kiierr.com/wp-json/wp/v2/tags/329.json]
[kiierr.com/tag/kiierr-vs-irestore/index.html]
[kiierr.com/wp-content/themes/flatsome-child/assets/js/slick.min394b.js]
[kiierr.com/wp-content/themes/flatsome-child/assets/css/mainec7e.css]
[kiierr.com/wp-content/themes/flatsome-child/style077e.css]
[kiierr.com/wp-content/themes/flatsome-child/assets/js/child-main567b.js]
[kiierr.com/tag/hair-laser-caps/feed/index.html]
[cdn.jsdelivr.net/npm/slick-carousel@1.8.1/slick/slick.min12e8.js]
[kiierr.com/wp-json/wp/v2/tags/401.json]
[kiierr.com/tag/hair-laser-caps/index.html]
[kiierr.com/wp-content/themes/flatsome-child/assets/js/slick.min171f.js]
[kiierr.com/wp-content/themes/flatsome-child/assets/css/mainc901.css]
[kiierr.com/wp-content/themes/flatsome-child/styled943.css]
[kiierr.com/wp-content/themes/flatsome-child/assets/js/child-maine9fb.js]
[kiierr.com/tag/hair-loss-tips-and-treatments/feed/index.html]
[cdn.jsdelivr.net/npm/slick-carousel@1.8.1/slick/slick.min5ca6.js]
[kiierr.com/wp-json/wp/v2/tags/402.json]
[kiierr.com/tag/hair-loss-tips-and-treatments/index.html]
[kiierr.com/wp-content/themes/flatsome-child/assets/js/slick.minc051.js]
[kiierr.com/wp-content/themes/flatsome-child/assets/css/main7f7f.css]
[kiierr.com/wp-content/themes/flatsome-child/stylee5e0.css]
[kiierr.com/wp-content/themes/flatsome-child/assets/js/child-main2aef.js]
[kiierr.com/tag/healthy-hair/feed/index.html]
[cdn.jsdelivr.net/npm/slick-carousel@1.8.1/slick/slick.mind700.js]
[kiierr.com/wp-json/wp/v2/tags/95.json]
[kiierr.com/tag/healthy-hair/page/2/index.html]
[kiierr.com/wp-content/uploads/2019/04/52080733-767B-402A-A200-20B6A44D62DB-1024x653.jpg]
[kiierr.com/wp-content/uploads/2018/09/5B5ED3A6-120A-4A7A-86D5-3F2D76517583-scaled-1024x683.jpg]
[kiierr.com/tag/healthy-hair/index.html]
[kiierr.com/wp-content/themes/flatsome-child/assets/js/slick.min862a.js]
[kiierr.com/wp-content/themes/flatsome-child/assets/css/maincc93.css]
[kiierr.com/tag/lllt-for-hair-growth/feed/index.html]
[kiierr.com/wp-content/themes/flatsome-child/styleeb36.css]
[kiierr.com/wp-content/themes/flatsome-child/assets/js/child-mainaeb6.js]
[kiierr.com/tag/shiny-hair/index.html]
[kiierr.com/tag/essential-oils/index.html]
[cdn.jsdelivr.net/npm/slick-carousel@1.8.1/slick/slick.min5339.js]
[kiierr.com/wp-json/wp/v2/tags/195.json]
[kiierr.com/tag/lllt-for-hair-growth/index.html]
[kiierr.com/wp-content/themes/flatsome-child/assets/js/slick.min74cb.js]
[kiierr.com/wp-content/themes/flatsome-child/assets/css/maincdc0.css]
[kiierr.com/wp-content/themes/flatsome-child/style8ac1.css]
[kiierr.com/wp-content/themes/flatsome-child/assets/js/child-main2c56.js]
[kiierr.com/tag/hair-growth-cap/feed/index.html]
[cdn.jsdelivr.net/npm/slick-carousel@1.8.1/slick/slick.minf2f1.js]
[kiierr.com/wp-json/wp/v2/tags/204.json]
[kiierr.com/tag/hair-growth-cap/index.html]
[kiierr.com/wp-content/themes/flatsome-child/assets/js/slick.mina66c.js]
[kiierr.com/wp-content/themes/flatsome-child/assets/css/main4623.css]
[kiierr.com/wp-content/themes/flatsome-child/style7601.css]
[kiierr.com/wp-content/themes/flatsome-child/assets/js/child-main8e38.js]
[kiierr.com/tag/laser-cap-for-hair-loss/feed/index.html]
[cdn.jsdelivr.net/npm/slick-carousel@1.8.1/slick/slick.minde2c.js]
[kiierr.com/wp-json/wp/v2/tags/177.json]
[kiierr.com/tag/laser-cap-for-hair-loss/index.html]
[kiierr.com/wp-content/themes/flatsome-child/assets/js/slick.min120c.js]
[kiierr.com/wp-content/themes/flatsome-child/assets/css/maina21f.css]
[kiierr.com/wp-content/themes/flatsome-child/style868f.css]
[kiierr.com/tag/theradome/feed/index.html]
[kiierr.com/wp-content/themes/flatsome-child/assets/js/child-main2cfc.js]
[cdn.jsdelivr.net/npm/slick-carousel@1.8.1/slick/slick.min09e2.js]
[kiierr.com/wp-json/wp/v2/tags/417.json]
[kiierr.com/tag/theradome/index.html]
[kiierr.com/wp-content/themes/flatsome-child/assets/js/slick.minff62.js]
[kiierr.com/wp-content/themes/flatsome-child/assets/css/maincf1c.css]
[kiierr.com/wp-content/themes/flatsome-child/stylec391.css]
[kiierr.com/wp-content/themes/flatsome-child/assets/js/child-main6ad1.js]
[kiierr.com/tag/theradome-laser-cap/feed/index.html]
[cdn.jsdelivr.net/npm/slick-carousel@1.8.1/slick/slick.min17e6.js]
[kiierr.com/wp-json/wp/v2/tags/418.json]
[kiierr.com/tag/theradome-laser-cap/index.html]
[kiierr.com/wp-content/themes/flatsome-child/assets/js/slick.min0d9c.js]
[kiierr.com/wp-content/themes/flatsome-child/assets/css/mainf8a7.css]
[kiierr.com/wp-content/themes/flatsome-child/assets/js/child-main950d.js]
[kiierr.com/tag/theradome-laser-helmet/feed/index.html]
[cdn.jsdelivr.net/npm/slick-carousel@1.8.1/slick/slick.min4d03.js]
[kiierr.com/wp-json/wp/v2/tags/205.json]
[kiierr.com/tag/theradome-laser-helmet/index.html]
[kiierr.com/wp-content/themes/flatsome-child/assets/js/slick.min3923.js]
[kiierr.com/wp-content/themes/flatsome-child/assets/css/main40e1.css]
[kiierr.com/wp-content/themes/flatsome-child/style887c.css]
[kiierr.com/wp-content/themes/flatsome-child/assets/js/child-main29f2.js]
[kiierr.com/tag/theradome-laser-helmet-review/feed/index.html]
[cdn.jsdelivr.net/npm/slick-carousel@1.8.1/slick/slick.min8b02.js]
[kiierr.com/wp-json/wp/v2/tags/206.json]
[kiierr.com/tag/theradome-laser-helmet-review/index.html]
[kiierr.com/wp-content/themes/flatsome-child/assets/js/slick.minc541.js]
[kiierr.com/wp-content/themes/flatsome-child/assets/css/mainfed2.css]
[kiierr.com/wp-content/themes/flatsome-child/style5e0e.css]
[kiierr.com/wp-content/themes/flatsome-child/assets/js/child-mainf6ec.js]
[kiierr.com/tag/theradome-review/feed/index.html]
[cdn.jsdelivr.net/npm/slick-carousel@1.8.1/slick/slick.min1a65.js]
[kiierr.com/wp-json/wp/v2/tags/207.json]
[kiierr.com/tag/theradome-review/index.html]
[kiierr.com/wp-content/themes/flatsome-child/assets/js/slick.min306e.js]
[kiierr.com/wp-content/themes/flatsome-child/assets/css/main8fd1.css]
[kiierr.com/wp-content/themes/flatsome-child/assets/js/child-main64cf.js]
[kiierr.com/tag/theradome-reviews/feed/index.html]
[cdn.jsdelivr.net/npm/slick-carousel@1.8.1/slick/slick.mincbc8.js]
[kiierr.com/wp-json/wp/v2/tags/375.json]
[kiierr.com/tag/theradome-reviews/index.html]
[kiierr.com/wp-content/themes/flatsome-child/assets/js/slick.min8521.js]
[kiierr.com/wp-content/themes/flatsome-child/assets/css/mainc22d.css]
[kiierr.com/wp-content/themes/flatsome-child/style638f.css]
[kiierr.com/wp-content/themes/flatsome-child/assets/js/child-mainf03c.js]
[cdn.jsdelivr.net/npm/slick-carousel@1.8.1/slick/slick.mind5fb-2.js]
[kiierr.com/category/learning-hub/page/3/index.html]
[kiierr.com/wp-content/themes/flatsome-child/assets/js/slick.min52fd.js]
[kiierr.com/wp-content/themes/flatsome-child/assets/css/mainf7a8.css]
[kiierr.com/wp-content/themes/flatsome-child/style8b86.css]
[kiierr.com/wp-content/themes/flatsome-child/assets/js/child-main4cd4.js]
[cdn.jsdelivr.net/npm/slick-carousel@1.8.1/slick/slick.minfc6a.js]
[kiierr.com/wp-content/uploads/2020/03/laser-hair-growth-treatment-how-and-why-it-works-scaled-1024x683.jpg]
[kiierr.com/category/learning-hub/page/4/index.html]
[kiierr.com/wp-content/themes/flatsome-child/assets/js/slick.min8365.js]
[kiierr.com/wp-content/themes/flatsome-child/assets/css/main102a.css]
[kiierr.com/wp-content/themes/flatsome-child/style1f38.css]
[kiierr.com/wp-content/themes/flatsome-child/assets/js/child-main70fd.js]
[cdn.jsdelivr.net/npm/slick-carousel@1.8.1/slick/slick.minef69.js]
[kiierr.com/tag/laser-hair-growth-treatment/index.html]
[kiierr.com/category/learning-hub/page/5/index.html]
[kiierr.com/wp-content/themes/flatsome-child/assets/js/slick.min9ac9.js]
[kiierr.com/wp-content/themes/flatsome-child/assets/css/main31fc.css]
[kiierr.com/wp-content/themes/flatsome-child/stylef9b8.css]
[kiierr.com/wp-content/themes/flatsome-child/assets/js/child-main2f72.js]
[cdn.jsdelivr.net/npm/slick-carousel@1.8.1/slick/slick.min9bdd.js]
[kiierr.com/category/low-level-laser-therapy/page/images/shdow.16b6.delayed]
[kiierr.com/category/low-level-laser-therapy/page/2/index.html]
[kiierr.com/wp-content/themes/flatsome-child/assets/css/maind984.css]
[kiierr.com/wp-content/themes/flatsome-child/style7b09.css]
[kiierr.com/wp-content/themes/flatsome-child/assets/js/slick.mineb19.js]
[kiierr.com/wp-content/themes/flatsome-child/assets/css/main7f2b.css]
[kiierr.com/wp-content/themes/flatsome-child/style83b8.css]
[kiierr.com/wp-content/themes/flatsome-child/assets/js/child-main0382.js]
[kiierr.com/unveiling-red-light-therapy-solutions-for-athlete-recovery/feed/index.html]
[cdn.jsdelivr.net/npm/slick-carousel@1.8.1/slick/slick.mine28d.js]
[kiierr.com/wp-json/wp/v2/posts/78046.json]
[kiierr.com/wp-json/oembed/1.0/embeda604.json]
[kiierr.com/wp-json/oembed/1.0/embedaa9c]
[kiierr.com/wp-content/uploads/2023/11/Home-3-1024x576.png]
[kiierr.com/wp-content/uploads/2023/11/Home-2-1024x576.png]
[kiierr.com/unveiling-red-light-therapy-solutions-for-athlete-recovery/index.html]
[kiierr.com/wp-content/themes/flatsome-child/assets/js/slick.min8e4c.js]
[kiierr.com/wp-content/themes/flatsome-child/assets/css/main893d.css]
[kiierr.com/wp-content/themes/flatsome-child/assets/js/child-mainf6e6.js]
[cdn.jsdelivr.net/npm/slick-carousel@1.8.1/slick/slick.minbf34.js]
[kiierr.com/category/low-level-laser-therapy/page/3/index.html]
[kiierr.com/wp-content/themes/flatsome-child/assets/js/slick.min6cc2.js]
[kiierr.com/wp-content/themes/flatsome-child/assets/css/main82d8.css]
[kiierr.com/wp-content/themes/flatsome-child/stylec977.css]
[kiierr.com/wp-content/themes/flatsome-child/assets/js/child-mainfacc.js]
[cdn.jsdelivr.net/npm/slick-carousel@1.8.1/slick/slick.mineb8d.js]
[kiierr.com/category/low-level-light-therapy/page/images/shdow.16d3.delayed]
[kiierr.com/category/low-level-light-therapy/page/2/index.html]
[kiierr.com/wp-content/themes/flatsome-child/assets/css/main4cf5.css]
[kiierr.com/wp-content/themes/flatsome-child/assets/js/slick.min0c6e.js]
[kiierr.com/wp-content/themes/flatsome-child/assets/css/main2932.css]
[kiierr.com/wp-content/themes/flatsome-child/styledacf.css]
[kiierr.com/wp-content/themes/flatsome-child/assets/js/child-mainb6e1.js]
[cdn.jsdelivr.net/npm/slick-carousel@1.8.1/slick/slick.min68e2.js]
[kiierr.com/category/low-level-light-therapy/page/3/index.html]
[kiierr.com/wp-content/themes/flatsome-child/assets/js/slick.min2573.js]
[kiierr.com/wp-content/themes/flatsome-child/assets/css/maine5e9.css]
[kiierr.com/wp-content/themes/flatsome-child/style1a6c.css]
[kiierr.com/wp-content/themes/flatsome-child/assets/js/child-mainbee9.js]
[cdn.jsdelivr.net/npm/slick-carousel@1.8.1/slick/slick.mind576.js]
[kiierr.com/category/low-level-light-therapy/page/4/index.html]
[kiierr.com/wp-content/themes/flatsome-child/assets/css/maind1f4.css]
[kiierr.com/wp-content/themes/flatsome-child/style7c2a.css]
[kiierr.com/wp-content/themes/flatsome-child/assets/js/slick.min93de.js]
[kiierr.com/wp-content/themes/flatsome-child/assets/css/mainb04f.css]
[kiierr.com/wp-content/themes/flatsome-child/styleace0.css]
[kiierr.com/wp-content/themes/flatsome-child/assets/js/child-main3577.js]
[cdn.jsdelivr.net/npm/slick-carousel@1.8.1/slick/slick.min2a7e.js]
[kiierr.com/category/natural-hair-care-tips/page/images/shdow.16ec.delayed]
[kiierr.com/category/natural-hair-care-tips/page/2/index.html]
[kiierr.com/wp-content/themes/flatsome-child/assets/css/main47ee.css]
[kiierr.com/wp-content/themes/flatsome-child/style6f12.css]
[kiierr.com/wp-content/themes/flatsome-child/assets/js/slick.min4a1f.js]
[kiierr.com/wp-content/themes/flatsome-child/assets/css/maina092.css]
[kiierr.com/wp-content/themes/flatsome-child/stylea6e7.css]
[kiierr.com/wp-content/themes/flatsome-child/assets/js/child-main6236.js]
[kiierr.com/unlock-the-secret-to-healthy-hair-with-kiierr-hair-growth-supplements/feed/index.html]
[cdn.jsdelivr.net/npm/slick-carousel@1.8.1/slick/slick.mina704.js]
[kiierr.com/wp-json/wp/v2/posts/73218.json]
[kiierr.com/wp-json/oembed/1.0/embed0e03.json]
[kiierr.com/wp-json/oembed/1.0/embedeaa2]
[kiierr.com/wp-content/uploads/2023/05/1-1024x576.png]
[kiierr.com/wp-content/uploads/2023/05/2-1024x576.png]
[kiierr.com/wp-content/uploads/2023/05/3-1024x576.png]
[kiierr.com/wp-content/uploads/2023/05/4-1-1024x576.png]
[kiierr.com/unlock-the-secret-to-healthy-hair-with-kiierr-hair-growth-supplements/index.html]
[kiierr.com/wp-content/themes/flatsome-child/assets/js/slick.min0fb7.js]
[kiierr.com/wp-content/themes/flatsome-child/assets/css/main8b87.css]
[kiierr.com/wp-content/themes/flatsome-child/style0039.css]
[kiierr.com/wp-content/themes/flatsome-child/assets/js/child-main192d.js]
[cdn.jsdelivr.net/npm/slick-carousel@1.8.1/slick/slick.min2187.js]
[kiierr.com/wp-content/uploads/2019/08/491C5F33-5FA5-455D-B762-087089A5E5B1.jpg]
[kiierr.com/wp-content/uploads/2019/02/445C08DC-AD81-493A-B9A7-61B2E854B42A-1024x538.jpg]
[kiierr.com/tag/natural-hair-growth-tips/index.html]
[kiierr.com/tag/chlorella/index.html]
[kiierr.com/tag/chlorella-for-hair-growth/index.html]
[kiierr.com/chlorella-for-hair-growth/index.html]
[kiierr.com/wp-content/themes/flatsome-child/assets/js/slick.minfd64.js]
[kiierr.com/category/natural-hair-care-tips/page/3/index.html]
[kiierr.com/wp-content/themes/flatsome-child/assets/css/mainc3fb.css]
[kiierr.com/tag/hair-masks/index.html]
[kiierr.com/wp-content/themes/flatsome-child/assets/css/main730a.css]
[kiierr.com/tag/oil-masks-for-healthy-hair/index.html]
[kiierr.com/tag/natural-oils/index.html]
[kiierr.com/wp-content/themes/flatsome-child/style1bc9.css]
[kiierr.com/wp-content/themes/flatsome-child/assets/js/child-main661b.js]
[cdn.jsdelivr.net/npm/slick-carousel@1.8.1/slick/slick.min0eb5.js]
[kiierr.com/category/red-light-therapy-for-hair-loss/page/images/shdow.170e.delayed]
[kiierr.com/category/red-light-therapy-for-hair-loss/page/2/index.html]
[kiierr.com/wp-content/themes/flatsome-child/assets/css/main58cc.css]
[kiierr.com/wp-content/themes/flatsome-child/style1e6b.css]
[kiierr.com/wp-content/themes/flatsome-child/assets/js/slick.minb1ce.js]
[kiierr.com/wp-content/themes/flatsome-child/assets/css/main0d55.css]
[kiierr.com/wp-content/themes/flatsome-child/stylebfeb.css]
[kiierr.com/wp-content/themes/flatsome-child/assets/js/child-main1bd5.js]
[cdn.jsdelivr.net/npm/slick-carousel@1.8.1/slick/slick.min4901.js]
[kiierr.com/category/red-light-therapy-for-hair-loss/page/3/index.html]
[kiierr.com/wp-content/themes/flatsome-child/assets/css/mainbe1d.css]
[kiierr.com/wp-content/themes/flatsome-child/style134b.css]
[kiierr.com/wp-content/themes/flatsome-child/assets/js/slick.mina532.js]
[kiierr.com/wp-content/themes/flatsome-child/assets/css/main5031.css]
[kiierr.com/wp-content/themes/flatsome-child/stylecf43.css]
[kiierr.com/wp-content/themes/flatsome-child/assets/js/child-mainfc44.js]
[cdn.jsdelivr.net/npm/slick-carousel@1.8.1/slick/slick.min5012.js]
[kiierr.com/wp-json/wp/v2/posts/39014.json]
[kiierr.com/wp-json/oembed/1.0/embed4029.json]
[kiierr.com/wp-json/oembed/1.0/embeda1ce]
[kiierr.com/wp-content/uploads/2021/02/Selenium-for-hair-loss.1723.delayed]
[kiierr.com/wp-content/uploads/2021/02/Selenium-Infographic-Food-sources-with-selenium.png]
[kiierr.com/wp-content/uploads/2021/02/Table-recommended-dietary-allowances-for-selenium.png]
[kiierr.com/benefits-of-selenium-for-hair-loss-the-truth/index.html]
[kiierr.com/author/sarah/index.html]
[kiierr.com/wp-content/themes/flatsome-child/assets/js/slick.minf10c.js]
[kiierr.com/wp-content/themes/flatsome-child/assets/css/mainbe4d.css]
[kiierr.com/wp-content/themes/flatsome-child/assets/js/child-main5e0d.js]
[kiierr.com/tag/can-selenium-cause-hair-loss/feed/index.html]
[cdn.jsdelivr.net/npm/slick-carousel@1.8.1/slick/slick.minf1d5.js]
[kiierr.com/wp-json/wp/v2/tags/423.json]
[kiierr.com/tag/can-selenium-cause-hair-loss/index.html]
[kiierr.com/wp-content/themes/flatsome-child/assets/js/slick.minc177.js]
[kiierr.com/wp-content/themes/flatsome-child/assets/css/main6a6b.css]
[kiierr.com/wp-content/themes/flatsome-child/style7981.css]
[kiierr.com/wp-content/themes/flatsome-child/assets/js/child-main6e0d.js]
[kiierr.com/tag/does-selenium-cause-hair-loss/feed/index.html]
[cdn.jsdelivr.net/npm/slick-carousel@1.8.1/slick/slick.mind3b0.js]
[kiierr.com/wp-json/wp/v2/tags/421.json]
[kiierr.com/tag/does-selenium-cause-hair-loss/index.html]
[kiierr.com/wp-content/themes/flatsome-child/assets/js/slick.min02f9.js]
[kiierr.com/wp-content/themes/flatsome-child/assets/css/main473f.css]
[kiierr.com/wp-content/themes/flatsome-child/assets/js/child-main4abe.js]
[kiierr.com/tag/selenium-200-for-hair-loss/feed/index.html]
[cdn.jsdelivr.net/npm/slick-carousel@1.8.1/slick/slick.min2033.js]
[kiierr.com/wp-json/wp/v2/tags/424.json]
[kiierr.com/tag/selenium-200-for-hair-loss/index.html]
[kiierr.com/wp-content/themes/flatsome-child/assets/js/slick.min8627.js]
[kiierr.com/wp-content/themes/flatsome-child/assets/css/mainb4b8.css]
[kiierr.com/wp-content/themes/flatsome-child/style2903.css]
[kiierr.com/wp-content/themes/flatsome-child/assets/js/child-main372e.js]
[kiierr.com/tag/selenium-for-hair-loss/feed/index.html]
[cdn.jsdelivr.net/npm/slick-carousel@1.8.1/slick/slick.min8859.js]
[kiierr.com/wp-json/wp/v2/tags/419.json]
[kiierr.com/tag/selenium-for-hair-loss/index.html]
[kiierr.com/wp-content/themes/flatsome-child/assets/js/slick.min48b0.js]
[kiierr.com/wp-content/themes/flatsome-child/assets/css/main9722.css]
[kiierr.com/wp-content/themes/flatsome-child/style80c5.css]
[kiierr.com/wp-content/themes/flatsome-child/assets/js/child-main99c5.js]
[kiierr.com/tag/selenium-hair-loss-reversible/feed/index.html]
[cdn.jsdelivr.net/npm/slick-carousel@1.8.1/slick/slick.minb2bf.js]
[kiierr.com/wp-json/wp/v2/tags/422.json]
[kiierr.com/tag/selenium-hair-loss-reversible/index.html]
[kiierr.com/wp-content/themes/flatsome-child/assets/js/slick.minbfd2.js]
[kiierr.com/wp-content/themes/flatsome-child/assets/css/mainaccb.css]
[kiierr.com/wp-content/themes/flatsome-child/style7b60.css]
[kiierr.com/tag/selenium-sulfide-for-hair-loss/feed/index.html]
[kiierr.com/wp-content/themes/flatsome-child/assets/js/child-main9f38.js]
[cdn.jsdelivr.net/npm/slick-carousel@1.8.1/slick/slick.min1b77.js]
[kiierr.com/wp-json/wp/v2/tags/420.json]
[kiierr.com/tag/selenium-sulfide-for-hair-loss/index.html]
[kiierr.com/wp-content/themes/flatsome-child/assets/js/slick.min7223.js]
[kiierr.com/wp-content/themes/flatsome-child/assets/css/main5c08.css]
[kiierr.com/wp-content/themes/flatsome-child/style0f24.css]
[kiierr.com/wp-content/themes/flatsome-child/assets/js/child-main9b19.js]
[kiierr.com/tag/zinc-and-selenium-for-hair-loss/feed/index.html]
[cdn.jsdelivr.net/npm/slick-carousel@1.8.1/slick/slick.minf312.js]
[kiierr.com/wp-json/wp/v2/tags/425.json]
[kiierr.com/tag/zinc-and-selenium-for-hair-loss/index.html]
[kiierr.com/wp-content/themes/flatsome-child/assets/css/maindbf7.css]
[kiierr.com/wp-content/themes/flatsome-child/assets/js/slick.min00b6.js]
[kiierr.com/wp-content/themes/flatsome-child/assets/css/main84f6.css]
[kiierr.com/wp-content/themes/flatsome-child/stylebc5d.css]
[kiierr.com/is-spinach-good-for-hair-loss/feed/index.html]
[kiierr.com/wp-content/themes/flatsome-child/assets/js/child-main4727.js]
[cdn.jsdelivr.net/npm/slick-carousel@1.8.1/slick/slick.min14a6.js]
[kiierr.com/wp-json/wp/v2/posts/57166.json]
[kiierr.com/wp-json/oembed/1.0/embed3dbd.json]
[kiierr.com/wp-json/oembed/1.0/embed7c37]
[kiierr.com/is-spinach-good-for-hair-loss/index.html]
[kiierr.com/wp-content/themes/flatsome-child/assets/js/slick.min01ae.js]
[kiierr.com/wp-content/themes/flatsome-child/assets/css/main3f77.css]
[kiierr.com/wp-content/themes/flatsome-child/assets/js/child-maineaa9.js]
[kiierr.com/tag/does-spinach-help-hair-growth/feed/index.html]
[cdn.jsdelivr.net/npm/slick-carousel@1.8.1/slick/slick.min0a1a.js]
[kiierr.com/wp-json/wp/v2/tags/585.json]
